{#
  Azure SQL Server SQL file content embedded as macros.

  This file contains all SQL for Azure SQL Server (T-SQL).
  Each macro returns the content of a corresponding SQL file from data/sqlserver/.

  Organization:
  - Baseline: Schema creation and seed data (table-specific)
  - Utilities: Truncate operations
  - Deltas: Incremental changes for Days 01, 02, 03

  Note: Azure SQL uses 3-level namespace: database.schema.table
  Databases: jaffle_shop (ERP tables), jaffle_crm (CRM/marketing tables)
  Schema: dbo (default schema within each database)

  T-SQL Considerations:
  - Uses GETDATE() instead of CURRENT_TIMESTAMP
  - Uses DATEADD() instead of INTERVAL
  - Uses BIT instead of BOOLEAN (1/0 instead of TRUE/FALSE)
  - Extended properties for metadata (sp_addextendedproperty)
#}


{# ============================================================================
   CRM SCHEMA AND SEED DATA
   ============================================================================ #}

{%- macro _get_sqlserver_baseline_crm_schema() -%}
-- jaffle_crm database schema
-- Marketing/CRM system tables
-- Database: jaffle_crm | Schema: dbo

-- Ensure we're in the right database
USE jaffle_crm;

-- Add database-level extended property (description)
IF NOT EXISTS (SELECT 1 FROM sys.extended_properties WHERE class = 0 AND name = 'MS_Description')
BEGIN
    EXEC sp_addextendedproperty
        @name = N'MS_Description',
        @value = N'Customer Relationship Management (CRM) database containing marketing campaign and customer engagement data. This database includes marketing campaigns, email activity events, and web session events. Tables follow append-only event stream pattern for activity tables.';
END

-- Add version tag
IF NOT EXISTS (SELECT 1 FROM sys.extended_properties WHERE class = 0 AND name = 'origin_simulator_version')
BEGIN
    EXEC sp_addextendedproperty
        @name = N'origin_simulator_version',
        @value = N'1.0.0';
END

-- Add managed_by tag
IF NOT EXISTS (SELECT 1 FROM sys.extended_properties WHERE class = 0 AND name = 'managed_by')
BEGIN
    EXEC sp_addextendedproperty
        @name = N'managed_by',
        @value = N'dbt-origin-simulator-ops';
END

-- Campaigns table
IF OBJECT_ID('dbo.campaigns', 'U') IS NULL
BEGIN
    CREATE TABLE dbo.campaigns (
        campaign_id INT NOT NULL PRIMARY KEY,
        campaign_name NVARCHAR(100),
        start_date DATE,
        end_date DATE,
        budget DECIMAL(10,2),
        created_at DATETIME2 NOT NULL DEFAULT GETDATE(),
        updated_at DATETIME2 NOT NULL DEFAULT GETDATE(),
        deleted_at DATETIME2
    );

    -- Table description
    EXEC sp_addextendedproperty
        @name = N'MS_Description',
        @value = N'Marketing campaigns table',
        @level0type = N'SCHEMA', @level0name = N'dbo',
        @level1type = N'TABLE', @level1name = N'campaigns';

    -- Column descriptions
    EXEC sp_addextendedproperty @name = N'MS_Description', @value = N'Unique campaign identifier',
        @level0type = N'SCHEMA', @level0name = N'dbo', @level1type = N'TABLE', @level1name = N'campaigns', @level2type = N'COLUMN', @level2name = N'campaign_id';
    EXEC sp_addextendedproperty @name = N'MS_Description', @value = N'Marketing campaign name',
        @level0type = N'SCHEMA', @level0name = N'dbo', @level1type = N'TABLE', @level1name = N'campaigns', @level2type = N'COLUMN', @level2name = N'campaign_name';
    EXEC sp_addextendedproperty @name = N'MS_Description', @value = N'Campaign start date',
        @level0type = N'SCHEMA', @level0name = N'dbo', @level1type = N'TABLE', @level1name = N'campaigns', @level2type = N'COLUMN', @level2name = N'start_date';
    EXEC sp_addextendedproperty @name = N'MS_Description', @value = N'Campaign end date',
        @level0type = N'SCHEMA', @level0name = N'dbo', @level1type = N'TABLE', @level1name = N'campaigns', @level2type = N'COLUMN', @level2name = N'end_date';
    EXEC sp_addextendedproperty @name = N'MS_Description', @value = N'Campaign budget amount',
        @level0type = N'SCHEMA', @level0name = N'dbo', @level1type = N'TABLE', @level1name = N'campaigns', @level2type = N'COLUMN', @level2name = N'budget';
    EXEC sp_addextendedproperty @name = N'MS_Description', @value = N'Record creation timestamp',
        @level0type = N'SCHEMA', @level0name = N'dbo', @level1type = N'TABLE', @level1name = N'campaigns', @level2type = N'COLUMN', @level2name = N'created_at';
    EXEC sp_addextendedproperty @name = N'MS_Description', @value = N'Record last update timestamp',
        @level0type = N'SCHEMA', @level0name = N'dbo', @level1type = N'TABLE', @level1name = N'campaigns', @level2type = N'COLUMN', @level2name = N'updated_at';
    EXEC sp_addextendedproperty @name = N'MS_Description', @value = N'Soft delete timestamp (NULL = active, non-NULL = archived)',
        @level0type = N'SCHEMA', @level0name = N'dbo', @level1type = N'TABLE', @level1name = N'campaigns', @level2type = N'COLUMN', @level2name = N'deleted_at';
END

-- Email activity table (append-only event stream)
IF OBJECT_ID('dbo.email_activity', 'U') IS NULL
BEGIN
    CREATE TABLE dbo.email_activity (
        activity_id INT NOT NULL PRIMARY KEY,
        customer_id INT,
        campaign_id INT,
        sent_date DATETIME2,
        opened BIT,
        clicked BIT,
        created_at DATETIME2 NOT NULL DEFAULT GETDATE(),
        updated_at DATETIME2 NOT NULL DEFAULT GETDATE(),
        deleted_at DATETIME2,
        CONSTRAINT fk_email_activity_campaign FOREIGN KEY (campaign_id) REFERENCES dbo.campaigns(campaign_id)
    );

    -- Table description
    EXEC sp_addextendedproperty
        @name = N'MS_Description',
        @value = N'Email activity event stream table',
        @level0type = N'SCHEMA', @level0name = N'dbo',
        @level1type = N'TABLE', @level1name = N'email_activity';

    -- Column descriptions
    EXEC sp_addextendedproperty @name = N'MS_Description', @value = N'Unique email activity identifier',
        @level0type = N'SCHEMA', @level0name = N'dbo', @level1type = N'TABLE', @level1name = N'email_activity', @level2type = N'COLUMN', @level2name = N'activity_id';
    EXEC sp_addextendedproperty @name = N'MS_Description', @value = N'Customer who received the email',
        @level0type = N'SCHEMA', @level0name = N'dbo', @level1type = N'TABLE', @level1name = N'email_activity', @level2type = N'COLUMN', @level2name = N'customer_id';
    EXEC sp_addextendedproperty @name = N'MS_Description', @value = N'Foreign key to campaigns table',
        @level0type = N'SCHEMA', @level0name = N'dbo', @level1type = N'TABLE', @level1name = N'email_activity', @level2type = N'COLUMN', @level2name = N'campaign_id';
    EXEC sp_addextendedproperty @name = N'MS_Description', @value = N'Email sent timestamp',
        @level0type = N'SCHEMA', @level0name = N'dbo', @level1type = N'TABLE', @level1name = N'email_activity', @level2type = N'COLUMN', @level2name = N'sent_date';
    EXEC sp_addextendedproperty @name = N'MS_Description', @value = N'Whether email was opened',
        @level0type = N'SCHEMA', @level0name = N'dbo', @level1type = N'TABLE', @level1name = N'email_activity', @level2type = N'COLUMN', @level2name = N'opened';
    EXEC sp_addextendedproperty @name = N'MS_Description', @value = N'Whether any link was clicked',
        @level0type = N'SCHEMA', @level0name = N'dbo', @level1type = N'TABLE', @level1name = N'email_activity', @level2type = N'COLUMN', @level2name = N'clicked';
    EXEC sp_addextendedproperty @name = N'MS_Description', @value = N'Record creation timestamp (when event was recorded)',
        @level0type = N'SCHEMA', @level0name = N'dbo', @level1type = N'TABLE', @level1name = N'email_activity', @level2type = N'COLUMN', @level2name = N'created_at';
    EXEC sp_addextendedproperty @name = N'MS_Description', @value = N'Record last update timestamp (rarely changes for append-only)',
        @level0type = N'SCHEMA', @level0name = N'dbo', @level1type = N'TABLE', @level1name = N'email_activity', @level2type = N'COLUMN', @level2name = N'updated_at';
    EXEC sp_addextendedproperty @name = N'MS_Description', @value = N'Soft delete timestamp (rarely used for immutable events)',
        @level0type = N'SCHEMA', @level0name = N'dbo', @level1type = N'TABLE', @level1name = N'email_activity', @level2type = N'COLUMN', @level2name = N'deleted_at';
END

-- Web sessions table (append-only event stream)
IF OBJECT_ID('dbo.web_sessions', 'U') IS NULL
BEGIN
    CREATE TABLE dbo.web_sessions (
        session_id INT NOT NULL PRIMARY KEY,
        customer_id INT,
        session_start DATETIME2,
        session_end DATETIME2,
        page_views INT,
        created_at DATETIME2 NOT NULL DEFAULT GETDATE(),
        updated_at DATETIME2 NOT NULL DEFAULT GETDATE(),
        deleted_at DATETIME2
    );

    -- Table description
    EXEC sp_addextendedproperty
        @name = N'MS_Description',
        @value = N'Web session event stream table',
        @level0type = N'SCHEMA', @level0name = N'dbo',
        @level1type = N'TABLE', @level1name = N'web_sessions';

    -- Column descriptions
    EXEC sp_addextendedproperty @name = N'MS_Description', @value = N'Unique web session identifier',
        @level0type = N'SCHEMA', @level0name = N'dbo', @level1type = N'TABLE', @level1name = N'web_sessions', @level2type = N'COLUMN', @level2name = N'session_id';
    EXEC sp_addextendedproperty @name = N'MS_Description', @value = N'Customer associated with session',
        @level0type = N'SCHEMA', @level0name = N'dbo', @level1type = N'TABLE', @level1name = N'web_sessions', @level2type = N'COLUMN', @level2name = N'customer_id';
    EXEC sp_addextendedproperty @name = N'MS_Description', @value = N'Session start timestamp',
        @level0type = N'SCHEMA', @level0name = N'dbo', @level1type = N'TABLE', @level1name = N'web_sessions', @level2type = N'COLUMN', @level2name = N'session_start';
    EXEC sp_addextendedproperty @name = N'MS_Description', @value = N'Session end timestamp',
        @level0type = N'SCHEMA', @level0name = N'dbo', @level1type = N'TABLE', @level1name = N'web_sessions', @level2type = N'COLUMN', @level2name = N'session_end';
    EXEC sp_addextendedproperty @name = N'MS_Description', @value = N'Number of pages viewed in session',
        @level0type = N'SCHEMA', @level0name = N'dbo', @level1type = N'TABLE', @level1name = N'web_sessions', @level2type = N'COLUMN', @level2name = N'page_views';
    EXEC sp_addextendedproperty @name = N'MS_Description', @value = N'Record creation timestamp (when session was recorded)',
        @level0type = N'SCHEMA', @level0name = N'dbo', @level1type = N'TABLE', @level1name = N'web_sessions', @level2type = N'COLUMN', @level2name = N'created_at';
    EXEC sp_addextendedproperty @name = N'MS_Description', @value = N'Record last update timestamp (could update if session extends)',
        @level0type = N'SCHEMA', @level0name = N'dbo', @level1type = N'TABLE', @level1name = N'web_sessions', @level2type = N'COLUMN', @level2name = N'updated_at';
    EXEC sp_addextendedproperty @name = N'MS_Description', @value = N'Soft delete timestamp (rarely used)',
        @level0type = N'SCHEMA', @level0name = N'dbo', @level1type = N'TABLE', @level1name = N'web_sessions', @level2type = N'COLUMN', @level2name = N'deleted_at';
END
{%- endmacro %}

{%- macro _get_sqlserver_baseline_crm_campaigns() -%}
USE jaffle_crm;

INSERT INTO dbo.campaigns (campaign_id, campaign_name, start_date, end_date, budget, created_at, updated_at, deleted_at) VALUES
(1, 'Spring Sale 2024', DATEADD(day, -30, CAST(GETDATE() AS DATE)), CAST(GETDATE() AS DATE), 5000.0, DATEADD(day, -30, GETDATE()), DATEADD(day, -30, GETDATE()), NULL),
(2, 'Summer Clearance', DATEADD(day, -25, CAST(GETDATE() AS DATE)), DATEADD(day, 5, CAST(GETDATE() AS DATE)), 7500.0, DATEADD(day, -25, GETDATE()), DATEADD(day, -25, GETDATE()), NULL),
(3, 'Back to School', DATEADD(day, -20, CAST(GETDATE() AS DATE)), DATEADD(day, 5, CAST(GETDATE() AS DATE)), 3000.0, DATEADD(day, -20, GETDATE()), DATEADD(day, -20, GETDATE()), NULL),
(4, 'Fall Promotion', DATEADD(day, -15, CAST(GETDATE() AS DATE)), DATEADD(day, 5, CAST(GETDATE() AS DATE)), 6000.0, DATEADD(day, -15, GETDATE()), DATEADD(day, -15, GETDATE()), NULL),
(5, 'Holiday Special', DATEADD(day, -10, CAST(GETDATE() AS DATE)), DATEADD(day, 5, CAST(GETDATE() AS DATE)), 10000.0, DATEADD(day, -10, GETDATE()), DATEADD(day, -10, GETDATE()), NULL);
{%- endmacro %}

{%- macro _get_sqlserver_baseline_crm_email_activity() -%}
USE jaffle_crm;

INSERT INTO dbo.email_activity (activity_id, customer_id, campaign_id, sent_date, opened, clicked, created_at, updated_at, deleted_at) VALUES
(1, 1, 1, DATEADD(day, -1, GETDATE()), 0, 0, DATEADD(day, -1, GETDATE()), DATEADD(day, -1, GETDATE()), NULL),
(2, 2, 2, DATEADD(day, -8, GETDATE()), 1, 1, DATEADD(day, -8, GETDATE()), DATEADD(day, -8, GETDATE()), NULL),
(3, 3, 5, DATEADD(day, -3, GETDATE()), 1, 1, DATEADD(day, -3, GETDATE()), DATEADD(day, -3, GETDATE()), NULL),
(4, 4, 1, DATEADD(day, -7, GETDATE()), 1, 0, DATEADD(day, -7, GETDATE()), DATEADD(day, -7, GETDATE()), NULL),
(5, 5, 5, DATEADD(day, -7, GETDATE()), 0, 0, DATEADD(day, -7, GETDATE()), DATEADD(day, -7, GETDATE()), NULL),
(6, 6, 5, DATEADD(day, -14, GETDATE()), 1, 0, DATEADD(day, -14, GETDATE()), DATEADD(day, -14, GETDATE()), NULL),
(7, 7, 1, DATEADD(day, -25, GETDATE()), 0, 0, DATEADD(day, -25, GETDATE()), DATEADD(day, -25, GETDATE()), NULL),
(8, 8, 4, DATEADD(day, -11, GETDATE()), 1, 1, DATEADD(day, -11, GETDATE()), DATEADD(day, -11, GETDATE()), NULL),
(9, 9, 3, DATEADD(day, -4, GETDATE()), 1, 1, DATEADD(day, -4, GETDATE()), DATEADD(day, -4, GETDATE()), NULL),
(10, 10, 3, DATEADD(day, -20, GETDATE()), 1, 1, DATEADD(day, -20, GETDATE()), DATEADD(day, -20, GETDATE()), NULL),
(11, 11, 4, DATEADD(day, -18, GETDATE()), 1, 0, DATEADD(day, -18, GETDATE()), DATEADD(day, -18, GETDATE()), NULL),
(12, 12, 1, DATEADD(day, -18, GETDATE()), 1, 0, DATEADD(day, -18, GETDATE()), DATEADD(day, -18, GETDATE()), NULL),
(13, 13, 3, DATEADD(day, -19, GETDATE()), 1, 1, DATEADD(day, -19, GETDATE()), DATEADD(day, -19, GETDATE()), NULL),
(14, 14, 2, DATEADD(day, -25, GETDATE()), 1, 1, DATEADD(day, -25, GETDATE()), DATEADD(day, -25, GETDATE()), NULL),
(15, 15, 2, DATEADD(day, -28, GETDATE()), 1, 1, DATEADD(day, -28, GETDATE()), DATEADD(day, -28, GETDATE()), NULL),
(16, 16, 3, DATEADD(day, -6, GETDATE()), 1, 1, DATEADD(day, -6, GETDATE()), DATEADD(day, -6, GETDATE()), NULL),
(17, 17, 3, DATEADD(day, -23, GETDATE()), 0, 0, DATEADD(day, -23, GETDATE()), DATEADD(day, -23, GETDATE()), NULL),
(18, 18, 1, DATEADD(day, -20, GETDATE()), 0, 0, DATEADD(day, -20, GETDATE()), DATEADD(day, -20, GETDATE()), NULL),
(19, 19, 5, DATEADD(day, -24, GETDATE()), 1, 0, DATEADD(day, -24, GETDATE()), DATEADD(day, -24, GETDATE()), NULL),
(20, 20, 3, DATEADD(day, -30, GETDATE()), 0, 0, DATEADD(day, -30, GETDATE()), DATEADD(day, -30, GETDATE()), NULL),
(21, 21, 5, DATEADD(day, -8, GETDATE()), 0, 0, DATEADD(day, -8, GETDATE()), DATEADD(day, -8, GETDATE()), NULL),
(22, 22, 1, DATEADD(day, -8, GETDATE()), 0, 0, DATEADD(day, -8, GETDATE()), DATEADD(day, -8, GETDATE()), NULL),
(23, 23, 3, DATEADD(day, -13, GETDATE()), 1, 1, DATEADD(day, -13, GETDATE()), DATEADD(day, -13, GETDATE()), NULL),
(24, 24, 5, DATEADD(day, -29, GETDATE()), 0, 0, DATEADD(day, -29, GETDATE()), DATEADD(day, -29, GETDATE()), NULL),
(25, 25, 2, DATEADD(day, -21, GETDATE()), 1, 0, DATEADD(day, -21, GETDATE()), DATEADD(day, -21, GETDATE()), NULL),
(26, 26, 4, DATEADD(day, -5, GETDATE()), 1, 1, DATEADD(day, -5, GETDATE()), DATEADD(day, -5, GETDATE()), NULL),
(27, 27, 5, DATEADD(day, -18, GETDATE()), 1, 0, DATEADD(day, -18, GETDATE()), DATEADD(day, -18, GETDATE()), NULL),
(28, 28, 5, DATEADD(day, -13, GETDATE()), 1, 0, DATEADD(day, -13, GETDATE()), DATEADD(day, -13, GETDATE()), NULL),
(29, 29, 2, DATEADD(day, -17, GETDATE()), 1, 0, DATEADD(day, -17, GETDATE()), DATEADD(day, -17, GETDATE()), NULL),
(30, 30, 1, DATEADD(day, -5, GETDATE()), 0, 0, DATEADD(day, -5, GETDATE()), DATEADD(day, -5, GETDATE()), NULL),
(31, 31, 4, DATEADD(day, -20, GETDATE()), 1, 0, DATEADD(day, -20, GETDATE()), DATEADD(day, -20, GETDATE()), NULL),
(32, 32, 4, DATEADD(day, -17, GETDATE()), 1, 0, DATEADD(day, -17, GETDATE()), DATEADD(day, -17, GETDATE()), NULL),
(33, 33, 1, DATEADD(day, -22, GETDATE()), 0, 0, DATEADD(day, -22, GETDATE()), DATEADD(day, -22, GETDATE()), NULL),
(34, 34, 5, DATEADD(day, -25, GETDATE()), 1, 0, DATEADD(day, -25, GETDATE()), DATEADD(day, -25, GETDATE()), NULL),
(35, 35, 1, DATEADD(day, -10, GETDATE()), 1, 0, DATEADD(day, -10, GETDATE()), DATEADD(day, -10, GETDATE()), NULL),
(36, 36, 3, DATEADD(day, -17, GETDATE()), 0, 0, DATEADD(day, -17, GETDATE()), DATEADD(day, -17, GETDATE()), NULL),
(37, 37, 5, DATEADD(day, -30, GETDATE()), 1, 0, DATEADD(day, -30, GETDATE()), DATEADD(day, -30, GETDATE()), NULL),
(38, 38, 5, DATEADD(day, -20, GETDATE()), 1, 0, DATEADD(day, -20, GETDATE()), DATEADD(day, -20, GETDATE()), NULL),
(39, 39, 2, DATEADD(day, -18, GETDATE()), 0, 0, DATEADD(day, -18, GETDATE()), DATEADD(day, -18, GETDATE()), NULL),
(40, 40, 5, DATEADD(day, -30, GETDATE()), 1, 0, DATEADD(day, -30, GETDATE()), DATEADD(day, -30, GETDATE()), NULL),
(41, 41, 1, DATEADD(day, -4, GETDATE()), 0, 0, DATEADD(day, -4, GETDATE()), DATEADD(day, -4, GETDATE()), NULL),
(42, 42, 3, DATEADD(day, -8, GETDATE()), 1, 0, DATEADD(day, -8, GETDATE()), DATEADD(day, -8, GETDATE()), NULL),
(43, 43, 1, DATEADD(day, -3, GETDATE()), 0, 0, DATEADD(day, -3, GETDATE()), DATEADD(day, -3, GETDATE()), NULL),
(44, 44, 1, DATEADD(day, -25, GETDATE()), 1, 1, DATEADD(day, -25, GETDATE()), DATEADD(day, -25, GETDATE()), NULL),
(45, 45, 4, DATEADD(day, -18, GETDATE()), 1, 0, DATEADD(day, -18, GETDATE()), DATEADD(day, -18, GETDATE()), NULL),
(46, 46, 5, DATEADD(day, -14, GETDATE()), 0, 0, DATEADD(day, -14, GETDATE()), DATEADD(day, -14, GETDATE()), NULL),
(47, 47, 5, DATEADD(day, -25, GETDATE()), 0, 0, DATEADD(day, -25, GETDATE()), DATEADD(day, -25, GETDATE()), NULL),
(48, 48, 2, DATEADD(day, -23, GETDATE()), 1, 0, DATEADD(day, -23, GETDATE()), DATEADD(day, -23, GETDATE()), NULL),
(49, 49, 3, DATEADD(day, -15, GETDATE()), 0, 0, DATEADD(day, -15, GETDATE()), DATEADD(day, -15, GETDATE()), NULL),
(50, 50, 4, DATEADD(day, -4, GETDATE()), 1, 1, DATEADD(day, -4, GETDATE()), DATEADD(day, -4, GETDATE()), NULL),
(51, 51, 1, DATEADD(day, -19, GETDATE()), 1, 0, DATEADD(day, -19, GETDATE()), DATEADD(day, -19, GETDATE()), NULL),
(52, 52, 1, DATEADD(day, -3, GETDATE()), 0, 0, DATEADD(day, -3, GETDATE()), DATEADD(day, -3, GETDATE()), NULL),
(53, 53, 1, DATEADD(day, -8, GETDATE()), 1, 1, DATEADD(day, -8, GETDATE()), DATEADD(day, -8, GETDATE()), NULL),
(54, 54, 3, DATEADD(day, -3, GETDATE()), 1, 1, DATEADD(day, -3, GETDATE()), DATEADD(day, -3, GETDATE()), NULL),
(55, 55, 4, DATEADD(day, -7, GETDATE()), 1, 0, DATEADD(day, -7, GETDATE()), DATEADD(day, -7, GETDATE()), NULL),
(56, 56, 5, DATEADD(day, -19, GETDATE()), 1, 0, DATEADD(day, -19, GETDATE()), DATEADD(day, -19, GETDATE()), NULL),
(57, 57, 4, DATEADD(day, -7, GETDATE()), 1, 0, DATEADD(day, -7, GETDATE()), DATEADD(day, -7, GETDATE()), NULL),
(58, 58, 3, DATEADD(day, -14, GETDATE()), 1, 0, DATEADD(day, -14, GETDATE()), DATEADD(day, -14, GETDATE()), NULL),
(59, 59, 1, DATEADD(day, -22, GETDATE()), 0, 0, DATEADD(day, -22, GETDATE()), DATEADD(day, -22, GETDATE()), NULL),
(60, 60, 1, DATEADD(day, -2, GETDATE()), 1, 0, DATEADD(day, -2, GETDATE()), DATEADD(day, -2, GETDATE()), NULL),
(61, 61, 1, DATEADD(day, -8, GETDATE()), 1, 0, DATEADD(day, -8, GETDATE()), DATEADD(day, -8, GETDATE()), NULL),
(62, 62, 2, DATEADD(day, -14, GETDATE()), 1, 0, DATEADD(day, -14, GETDATE()), DATEADD(day, -14, GETDATE()), NULL),
(63, 63, 1, DATEADD(day, -15, GETDATE()), 0, 0, DATEADD(day, -15, GETDATE()), DATEADD(day, -15, GETDATE()), NULL),
(64, 64, 5, DATEADD(day, -4, GETDATE()), 1, 0, DATEADD(day, -4, GETDATE()), DATEADD(day, -4, GETDATE()), NULL),
(65, 65, 1, DATEADD(day, -3, GETDATE()), 0, 0, DATEADD(day, -3, GETDATE()), DATEADD(day, -3, GETDATE()), NULL),
(66, 66, 2, DATEADD(day, -6, GETDATE()), 1, 0, DATEADD(day, -6, GETDATE()), DATEADD(day, -6, GETDATE()), NULL),
(67, 67, 4, DATEADD(day, -29, GETDATE()), 1, 0, DATEADD(day, -29, GETDATE()), DATEADD(day, -29, GETDATE()), NULL),
(68, 68, 4, DATEADD(day, -9, GETDATE()), 0, 0, DATEADD(day, -9, GETDATE()), DATEADD(day, -9, GETDATE()), NULL),
(69, 69, 4, DATEADD(day, -10, GETDATE()), 1, 0, DATEADD(day, -10, GETDATE()), DATEADD(day, -10, GETDATE()), NULL),
(70, 70, 5, DATEADD(day, -22, GETDATE()), 0, 0, DATEADD(day, -22, GETDATE()), DATEADD(day, -22, GETDATE()), NULL),
(71, 71, 2, DATEADD(day, -7, GETDATE()), 1, 0, DATEADD(day, -7, GETDATE()), DATEADD(day, -7, GETDATE()), NULL),
(72, 72, 5, DATEADD(day, -24, GETDATE()), 1, 0, DATEADD(day, -24, GETDATE()), DATEADD(day, -24, GETDATE()), NULL),
(73, 73, 1, DATEADD(day, -2, GETDATE()), 1, 0, DATEADD(day, -2, GETDATE()), DATEADD(day, -2, GETDATE()), NULL),
(74, 74, 5, DATEADD(day, -6, GETDATE()), 1, 0, DATEADD(day, -6, GETDATE()), DATEADD(day, -6, GETDATE()), NULL),
(75, 75, 2, DATEADD(day, -3, GETDATE()), 1, 0, DATEADD(day, -3, GETDATE()), DATEADD(day, -3, GETDATE()), NULL),
(76, 76, 2, DATEADD(day, -13, GETDATE()), 1, 0, DATEADD(day, -13, GETDATE()), DATEADD(day, -13, GETDATE()), NULL),
(77, 77, 2, DATEADD(day, -19, GETDATE()), 1, 0, DATEADD(day, -19, GETDATE()), DATEADD(day, -19, GETDATE()), NULL),
(78, 78, 4, DATEADD(day, -22, GETDATE()), 1, 0, DATEADD(day, -22, GETDATE()), DATEADD(day, -22, GETDATE()), NULL),
(79, 79, 3, DATEADD(day, -7, GETDATE()), 0, 0, DATEADD(day, -7, GETDATE()), DATEADD(day, -7, GETDATE()), NULL),
(80, 80, 3, DATEADD(day, -8, GETDATE()), 1, 1, DATEADD(day, -8, GETDATE()), DATEADD(day, -8, GETDATE()), NULL),
(81, 81, 3, DATEADD(day, -15, GETDATE()), 1, 0, DATEADD(day, -15, GETDATE()), DATEADD(day, -15, GETDATE()), NULL),
(82, 82, 1, DATEADD(day, -1, GETDATE()), 1, 0, DATEADD(day, -1, GETDATE()), DATEADD(day, -1, GETDATE()), NULL),
(83, 83, 1, DATEADD(day, -3, GETDATE()), 1, 0, DATEADD(day, -3, GETDATE()), DATEADD(day, -3, GETDATE()), NULL),
(84, 84, 2, DATEADD(day, -30, GETDATE()), 1, 1, DATEADD(day, -30, GETDATE()), DATEADD(day, -30, GETDATE()), NULL),
(85, 85, 2, DATEADD(day, -12, GETDATE()), 1, 0, DATEADD(day, -12, GETDATE()), DATEADD(day, -12, GETDATE()), NULL),
(86, 86, 5, DATEADD(day, -23, GETDATE()), 1, 0, DATEADD(day, -23, GETDATE()), DATEADD(day, -23, GETDATE()), NULL),
(87, 87, 5, DATEADD(day, -1, GETDATE()), 0, 0, DATEADD(day, -1, GETDATE()), DATEADD(day, -1, GETDATE()), NULL),
(88, 88, 5, DATEADD(day, -10, GETDATE()), 0, 0, DATEADD(day, -10, GETDATE()), DATEADD(day, -10, GETDATE()), NULL),
(89, 89, 1, DATEADD(day, -29, GETDATE()), 1, 1, DATEADD(day, -29, GETDATE()), DATEADD(day, -29, GETDATE()), NULL),
(90, 90, 1, DATEADD(day, -24, GETDATE()), 1, 1, DATEADD(day, -24, GETDATE()), DATEADD(day, -24, GETDATE()), NULL),
(91, 91, 5, DATEADD(day, -7, GETDATE()), 0, 0, DATEADD(day, -7, GETDATE()), DATEADD(day, -7, GETDATE()), NULL),
(92, 92, 2, DATEADD(day, -22, GETDATE()), 0, 0, DATEADD(day, -22, GETDATE()), DATEADD(day, -22, GETDATE()), NULL),
(93, 93, 3, DATEADD(day, -17, GETDATE()), 1, 0, DATEADD(day, -17, GETDATE()), DATEADD(day, -17, GETDATE()), NULL),
(94, 94, 1, DATEADD(day, -3, GETDATE()), 0, 0, DATEADD(day, -3, GETDATE()), DATEADD(day, -3, GETDATE()), NULL),
(95, 95, 3, DATEADD(day, -2, GETDATE()), 1, 0, DATEADD(day, -2, GETDATE()), DATEADD(day, -2, GETDATE()), NULL),
(96, 96, 3, DATEADD(day, -6, GETDATE()), 0, 0, DATEADD(day, -6, GETDATE()), DATEADD(day, -6, GETDATE()), NULL),
(97, 97, 5, DATEADD(day, -23, GETDATE()), 1, 1, DATEADD(day, -23, GETDATE()), DATEADD(day, -23, GETDATE()), NULL),
(98, 98, 1, DATEADD(day, -29, GETDATE()), 0, 0, DATEADD(day, -29, GETDATE()), DATEADD(day, -29, GETDATE()), NULL),
(99, 99, 2, DATEADD(day, -18, GETDATE()), 1, 0, DATEADD(day, -18, GETDATE()), DATEADD(day, -18, GETDATE()), NULL),
(100, 100, 5, DATEADD(day, -5, GETDATE()), 1, 1, DATEADD(day, -5, GETDATE()), DATEADD(day, -5, GETDATE()), NULL);
{%- endmacro %}

{%- macro _get_sqlserver_baseline_crm_web_sessions() -%}
USE jaffle_crm;

INSERT INTO dbo.web_sessions (session_id, customer_id, session_start, session_end, page_views, created_at, updated_at, deleted_at) VALUES
(1, 82, DATEADD(day, -8, GETDATE()), DATEADD(minute, 2, DATEADD(day, -8, GETDATE())), 9, DATEADD(day, -8, GETDATE()), DATEADD(day, -8, GETDATE()), NULL),
(2, 32, DATEADD(day, -15, GETDATE()), DATEADD(minute, 9, DATEADD(day, -15, GETDATE())), 4, DATEADD(day, -15, GETDATE()), DATEADD(day, -15, GETDATE()), NULL),
(3, 87, DATEADD(day, -48, GETDATE()), DATEADD(minute, 35, DATEADD(day, -48, GETDATE())), 3, DATEADD(day, -48, GETDATE()), DATEADD(day, -48, GETDATE()), NULL),
(4, 76, DATEADD(day, -28, GETDATE()), DATEADD(minute, 3, DATEADD(day, -28, GETDATE())), 1, DATEADD(day, -28, GETDATE()), DATEADD(day, -28, GETDATE()), NULL),
(5, 12, DATEADD(day, -14, GETDATE()), DATEADD(minute, 15, DATEADD(day, -14, GETDATE())), 17, DATEADD(day, -14, GETDATE()), DATEADD(day, -14, GETDATE()), NULL),
(6, 78, DATEADD(day, -2, GETDATE()), DATEADD(minute, 36, DATEADD(day, -2, GETDATE())), 7, DATEADD(day, -2, GETDATE()), DATEADD(day, -2, GETDATE()), NULL),
(7, 92, DATEADD(day, -42, GETDATE()), DATEADD(minute, 45, DATEADD(day, -42, GETDATE())), 18, DATEADD(day, -42, GETDATE()), DATEADD(day, -42, GETDATE()), NULL),
(8, 54, DATEADD(day, -15, GETDATE()), DATEADD(minute, 29, DATEADD(day, -15, GETDATE())), 19, DATEADD(day, -15, GETDATE()), DATEADD(day, -15, GETDATE()), NULL),
(9, 36, DATEADD(day, -52, GETDATE()), DATEADD(minute, 1, DATEADD(day, -52, GETDATE())), 6, DATEADD(day, -52, GETDATE()), DATEADD(day, -52, GETDATE()), NULL),
(10, 90, DATEADD(day, -28, GETDATE()), DATEADD(minute, 22, DATEADD(day, -28, GETDATE())), 9, DATEADD(day, -28, GETDATE()), DATEADD(day, -28, GETDATE()), NULL),
(11, 20, DATEADD(day, -14, GETDATE()), DATEADD(minute, 22, DATEADD(day, -14, GETDATE())), 4, DATEADD(day, -14, GETDATE()), DATEADD(day, -14, GETDATE()), NULL),
(12, 12, DATEADD(day, -25, GETDATE()), DATEADD(minute, 7, DATEADD(day, -25, GETDATE())), 12, DATEADD(day, -25, GETDATE()), DATEADD(day, -25, GETDATE()), NULL),
(13, 45, DATEADD(day, -39, GETDATE()), DATEADD(minute, 17, DATEADD(day, -39, GETDATE())), 2, DATEADD(day, -39, GETDATE()), DATEADD(day, -39, GETDATE()), NULL),
(14, 94, DATEADD(day, -30, GETDATE()), DATEADD(minute, 35, DATEADD(day, -30, GETDATE())), 4, DATEADD(day, -30, GETDATE()), DATEADD(day, -30, GETDATE()), NULL),
(15, 49, DATEADD(day, -6, GETDATE()), DATEADD(minute, 36, DATEADD(day, -6, GETDATE())), 10, DATEADD(day, -6, GETDATE()), DATEADD(day, -6, GETDATE()), NULL),
(16, 81, DATEADD(day, -40, GETDATE()), DATEADD(minute, 24, DATEADD(day, -40, GETDATE())), 19, DATEADD(day, -40, GETDATE()), DATEADD(day, -40, GETDATE()), NULL),
(17, 25, DATEADD(day, -46, GETDATE()), DATEADD(minute, 5, DATEADD(day, -46, GETDATE())), 2, DATEADD(day, -46, GETDATE()), DATEADD(day, -46, GETDATE()), NULL),
(18, 85, DATEADD(day, -15, GETDATE()), DATEADD(minute, 19, DATEADD(day, -15, GETDATE())), 3, DATEADD(day, -15, GETDATE()), DATEADD(day, -15, GETDATE()), NULL),
(19, 30, DATEADD(day, -56, GETDATE()), DATEADD(minute, 7, DATEADD(day, -56, GETDATE())), 13, DATEADD(day, -56, GETDATE()), DATEADD(day, -56, GETDATE()), NULL),
(20, 36, DATEADD(day, -30, GETDATE()), DATEADD(minute, 41, DATEADD(day, -30, GETDATE())), 12, DATEADD(day, -30, GETDATE()), DATEADD(day, -30, GETDATE()), NULL),
(21, 21, DATEADD(day, -24, GETDATE()), DATEADD(minute, 23, DATEADD(day, -24, GETDATE())), 7, DATEADD(day, -24, GETDATE()), DATEADD(day, -24, GETDATE()), NULL),
(22, 86, DATEADD(day, -18, GETDATE()), DATEADD(minute, 45, DATEADD(day, -18, GETDATE())), 3, DATEADD(day, -18, GETDATE()), DATEADD(day, -18, GETDATE()), NULL),
(23, 78, DATEADD(day, -41, GETDATE()), DATEADD(minute, 11, DATEADD(day, -41, GETDATE())), 18, DATEADD(day, -41, GETDATE()), DATEADD(day, -41, GETDATE()), NULL),
(24, 94, DATEADD(day, -16, GETDATE()), DATEADD(minute, 11, DATEADD(day, -16, GETDATE())), 15, DATEADD(day, -16, GETDATE()), DATEADD(day, -16, GETDATE()), NULL),
(25, 49, DATEADD(day, -18, GETDATE()), DATEADD(minute, 41, DATEADD(day, -18, GETDATE())), 18, DATEADD(day, -18, GETDATE()), DATEADD(day, -18, GETDATE()), NULL),
(26, 29, DATEADD(day, -44, GETDATE()), DATEADD(minute, 21, DATEADD(day, -44, GETDATE())), 2, DATEADD(day, -44, GETDATE()), DATEADD(day, -44, GETDATE()), NULL),
(27, 30, DATEADD(day, -53, GETDATE()), DATEADD(minute, 3, DATEADD(day, -53, GETDATE())), 11, DATEADD(day, -53, GETDATE()), DATEADD(day, -53, GETDATE()), NULL),
(28, 52, DATEADD(day, -18, GETDATE()), DATEADD(minute, 5, DATEADD(day, -18, GETDATE())), 7, DATEADD(day, -18, GETDATE()), DATEADD(day, -18, GETDATE()), NULL),
(29, 73, DATEADD(day, -57, GETDATE()), DATEADD(minute, 21, DATEADD(day, -57, GETDATE())), 7, DATEADD(day, -57, GETDATE()), DATEADD(day, -57, GETDATE()), NULL),
(30, 84, DATEADD(day, -32, GETDATE()), DATEADD(minute, 26, DATEADD(day, -32, GETDATE())), 15, DATEADD(day, -32, GETDATE()), DATEADD(day, -32, GETDATE()), NULL),
(31, 19, DATEADD(day, -17, GETDATE()), DATEADD(minute, 9, DATEADD(day, -17, GETDATE())), 8, DATEADD(day, -17, GETDATE()), DATEADD(day, -17, GETDATE()), NULL),
(32, 96, DATEADD(day, -36, GETDATE()), DATEADD(minute, 35, DATEADD(day, -36, GETDATE())), 9, DATEADD(day, -36, GETDATE()), DATEADD(day, -36, GETDATE()), NULL),
(33, 96, DATEADD(day, -38, GETDATE()), DATEADD(minute, 28, DATEADD(day, -38, GETDATE())), 19, DATEADD(day, -38, GETDATE()), DATEADD(day, -38, GETDATE()), NULL),
(34, 52, DATEADD(day, -24, GETDATE()), DATEADD(minute, 15, DATEADD(day, -24, GETDATE())), 5, DATEADD(day, -24, GETDATE()), DATEADD(day, -24, GETDATE()), NULL),
(35, 66, DATEADD(day, -32, GETDATE()), DATEADD(minute, 6, DATEADD(day, -32, GETDATE())), 2, DATEADD(day, -32, GETDATE()), DATEADD(day, -32, GETDATE()), NULL),
(36, 15, DATEADD(day, -10, GETDATE()), DATEADD(minute, 41, DATEADD(day, -10, GETDATE())), 6, DATEADD(day, -10, GETDATE()), DATEADD(day, -10, GETDATE()), NULL),
(37, 88, DATEADD(day, -28, GETDATE()), DATEADD(minute, 39, DATEADD(day, -28, GETDATE())), 3, DATEADD(day, -28, GETDATE()), DATEADD(day, -28, GETDATE()), NULL),
(38, 50, DATEADD(day, -25, GETDATE()), DATEADD(minute, 39, DATEADD(day, -25, GETDATE())), 15, DATEADD(day, -25, GETDATE()), DATEADD(day, -25, GETDATE()), NULL),
(39, 68, DATEADD(day, -17, GETDATE()), DATEADD(minute, 36, DATEADD(day, -17, GETDATE())), 1, DATEADD(day, -17, GETDATE()), DATEADD(day, -17, GETDATE()), NULL),
(40, 79, DATEADD(day, -22, GETDATE()), DATEADD(minute, 12, DATEADD(day, -22, GETDATE())), 11, DATEADD(day, -22, GETDATE()), DATEADD(day, -22, GETDATE()), NULL),
(41, 58, DATEADD(day, -9, GETDATE()), DATEADD(minute, 30, DATEADD(day, -9, GETDATE())), 16, DATEADD(day, -9, GETDATE()), DATEADD(day, -9, GETDATE()), NULL),
(42, 65, DATEADD(day, -35, GETDATE()), DATEADD(minute, 18, DATEADD(day, -35, GETDATE())), 14, DATEADD(day, -35, GETDATE()), DATEADD(day, -35, GETDATE()), NULL),
(43, 98, DATEADD(day, -12, GETDATE()), DATEADD(minute, 33, DATEADD(day, -12, GETDATE())), 4, DATEADD(day, -12, GETDATE()), DATEADD(day, -12, GETDATE()), NULL),
(44, 81, DATEADD(day, -20, GETDATE()), DATEADD(minute, 41, DATEADD(day, -20, GETDATE())), 17, DATEADD(day, -20, GETDATE()), DATEADD(day, -20, GETDATE()), NULL),
(45, 78, DATEADD(day, -13, GETDATE()), DATEADD(minute, 10, DATEADD(day, -13, GETDATE())), 12, DATEADD(day, -13, GETDATE()), DATEADD(day, -13, GETDATE()), NULL),
(46, 98, DATEADD(day, -11, GETDATE()), DATEADD(minute, 35, DATEADD(day, -11, GETDATE())), 17, DATEADD(day, -11, GETDATE()), DATEADD(day, -11, GETDATE()), NULL),
(47, 1, DATEADD(day, -39, GETDATE()), DATEADD(minute, 21, DATEADD(day, -39, GETDATE())), 16, DATEADD(day, -39, GETDATE()), DATEADD(day, -39, GETDATE()), NULL),
(48, 3, DATEADD(day, -8, GETDATE()), DATEADD(minute, 24, DATEADD(day, -8, GETDATE())), 10, DATEADD(day, -8, GETDATE()), DATEADD(day, -8, GETDATE()), NULL),
(49, 31, DATEADD(day, -4, GETDATE()), DATEADD(minute, 16, DATEADD(day, -4, GETDATE())), 19, DATEADD(day, -4, GETDATE()), DATEADD(day, -4, GETDATE()), NULL),
(50, 11, DATEADD(day, -6, GETDATE()), DATEADD(minute, 32, DATEADD(day, -6, GETDATE())), 3, DATEADD(day, -6, GETDATE()), DATEADD(day, -6, GETDATE()), NULL),
(51, 98, DATEADD(day, -35, GETDATE()), DATEADD(minute, 9, DATEADD(day, -35, GETDATE())), 5, DATEADD(day, -35, GETDATE()), DATEADD(day, -35, GETDATE()), NULL),
(52, 85, DATEADD(day, -31, GETDATE()), DATEADD(minute, 36, DATEADD(day, -31, GETDATE())), 6, DATEADD(day, -31, GETDATE()), DATEADD(day, -31, GETDATE()), NULL),
(53, 34, DATEADD(day, -34, GETDATE()), DATEADD(minute, 39, DATEADD(day, -34, GETDATE())), 14, DATEADD(day, -34, GETDATE()), DATEADD(day, -34, GETDATE()), NULL),
(54, 28, DATEADD(day, -60, GETDATE()), DATEADD(minute, 35, DATEADD(day, -60, GETDATE())), 7, DATEADD(day, -60, GETDATE()), DATEADD(day, -60, GETDATE()), NULL),
(55, 92, DATEADD(day, -20, GETDATE()), DATEADD(minute, 26, DATEADD(day, -20, GETDATE())), 12, DATEADD(day, -20, GETDATE()), DATEADD(day, -20, GETDATE()), NULL),
(56, 57, DATEADD(day, -58, GETDATE()), DATEADD(minute, 34, DATEADD(day, -58, GETDATE())), 15, DATEADD(day, -58, GETDATE()), DATEADD(day, -58, GETDATE()), NULL),
(57, 16, DATEADD(day, -16, GETDATE()), DATEADD(minute, 15, DATEADD(day, -16, GETDATE())), 3, DATEADD(day, -16, GETDATE()), DATEADD(day, -16, GETDATE()), NULL),
(58, 44, DATEADD(day, -2, GETDATE()), DATEADD(minute, 38, DATEADD(day, -2, GETDATE())), 18, DATEADD(day, -2, GETDATE()), DATEADD(day, -2, GETDATE()), NULL),
(59, 30, DATEADD(day, -38, GETDATE()), DATEADD(minute, 15, DATEADD(day, -38, GETDATE())), 1, DATEADD(day, -38, GETDATE()), DATEADD(day, -38, GETDATE()), NULL),
(60, 10, DATEADD(day, -46, GETDATE()), DATEADD(minute, 41, DATEADD(day, -46, GETDATE())), 2, DATEADD(day, -46, GETDATE()), DATEADD(day, -46, GETDATE()), NULL),
(61, 30, DATEADD(day, -5, GETDATE()), DATEADD(minute, 3, DATEADD(day, -5, GETDATE())), 11, DATEADD(day, -5, GETDATE()), DATEADD(day, -5, GETDATE()), NULL),
(62, 10, DATEADD(day, -33, GETDATE()), DATEADD(minute, 16, DATEADD(day, -33, GETDATE())), 9, DATEADD(day, -33, GETDATE()), DATEADD(day, -33, GETDATE()), NULL),
(63, 86, DATEADD(day, -32, GETDATE()), DATEADD(minute, 14, DATEADD(day, -32, GETDATE())), 18, DATEADD(day, -32, GETDATE()), DATEADD(day, -32, GETDATE()), NULL),
(64, 17, DATEADD(day, -47, GETDATE()), DATEADD(minute, 37, DATEADD(day, -47, GETDATE())), 19, DATEADD(day, -47, GETDATE()), DATEADD(day, -47, GETDATE()), NULL),
(65, 61, DATEADD(day, -16, GETDATE()), DATEADD(minute, 31, DATEADD(day, -16, GETDATE())), 14, DATEADD(day, -16, GETDATE()), DATEADD(day, -16, GETDATE()), NULL),
(66, 25, DATEADD(day, -7, GETDATE()), DATEADD(minute, 7, DATEADD(day, -7, GETDATE())), 14, DATEADD(day, -7, GETDATE()), DATEADD(day, -7, GETDATE()), NULL),
(67, 46, DATEADD(day, -28, GETDATE()), DATEADD(minute, 27, DATEADD(day, -28, GETDATE())), 15, DATEADD(day, -28, GETDATE()), DATEADD(day, -28, GETDATE()), NULL),
(68, 94, DATEADD(day, -4, GETDATE()), DATEADD(minute, 44, DATEADD(day, -4, GETDATE())), 4, DATEADD(day, -4, GETDATE()), DATEADD(day, -4, GETDATE()), NULL),
(69, 8, DATEADD(day, -26, GETDATE()), DATEADD(minute, 22, DATEADD(day, -26, GETDATE())), 4, DATEADD(day, -26, GETDATE()), DATEADD(day, -26, GETDATE()), NULL),
(70, 32, DATEADD(day, -13, GETDATE()), DATEADD(minute, 13, DATEADD(day, -13, GETDATE())), 18, DATEADD(day, -13, GETDATE()), DATEADD(day, -13, GETDATE()), NULL),
(71, 58, DATEADD(day, -9, GETDATE()), DATEADD(minute, 28, DATEADD(day, -9, GETDATE())), 6, DATEADD(day, -9, GETDATE()), DATEADD(day, -9, GETDATE()), NULL),
(72, 36, DATEADD(day, -30, GETDATE()), DATEADD(minute, 16, DATEADD(day, -30, GETDATE())), 3, DATEADD(day, -30, GETDATE()), DATEADD(day, -30, GETDATE()), NULL),
(73, 57, DATEADD(day, -52, GETDATE()), DATEADD(minute, 36, DATEADD(day, -52, GETDATE())), 4, DATEADD(day, -52, GETDATE()), DATEADD(day, -52, GETDATE()), NULL),
(74, 7, DATEADD(day, -42, GETDATE()), DATEADD(minute, 35, DATEADD(day, -42, GETDATE())), 1, DATEADD(day, -42, GETDATE()), DATEADD(day, -42, GETDATE()), NULL),
(75, 12, DATEADD(day, -60, GETDATE()), DATEADD(minute, 16, DATEADD(day, -60, GETDATE())), 6, DATEADD(day, -60, GETDATE()), DATEADD(day, -60, GETDATE()), NULL),
(76, 53, DATEADD(day, -32, GETDATE()), DATEADD(minute, 31, DATEADD(day, -32, GETDATE())), 7, DATEADD(day, -32, GETDATE()), DATEADD(day, -32, GETDATE()), NULL),
(77, 52, DATEADD(day, -58, GETDATE()), DATEADD(minute, 4, DATEADD(day, -58, GETDATE())), 6, DATEADD(day, -58, GETDATE()), DATEADD(day, -58, GETDATE()), NULL),
(78, 49, DATEADD(day, -1, GETDATE()), DATEADD(minute, 25, DATEADD(day, -1, GETDATE())), 9, DATEADD(day, -1, GETDATE()), DATEADD(day, -1, GETDATE()), NULL),
(79, 59, DATEADD(day, -19, GETDATE()), DATEADD(minute, 28, DATEADD(day, -19, GETDATE())), 18, DATEADD(day, -19, GETDATE()), DATEADD(day, -19, GETDATE()), NULL),
(80, 85, DATEADD(day, -46, GETDATE()), DATEADD(minute, 32, DATEADD(day, -46, GETDATE())), 5, DATEADD(day, -46, GETDATE()), DATEADD(day, -46, GETDATE()), NULL),
(81, 25, DATEADD(day, -19, GETDATE()), DATEADD(minute, 14, DATEADD(day, -19, GETDATE())), 2, DATEADD(day, -19, GETDATE()), DATEADD(day, -19, GETDATE()), NULL),
(82, 75, DATEADD(day, -48, GETDATE()), DATEADD(minute, 35, DATEADD(day, -48, GETDATE())), 2, DATEADD(day, -48, GETDATE()), DATEADD(day, -48, GETDATE()), NULL),
(83, 96, DATEADD(day, -21, GETDATE()), DATEADD(minute, 4, DATEADD(day, -21, GETDATE())), 2, DATEADD(day, -21, GETDATE()), DATEADD(day, -21, GETDATE()), NULL),
(84, 75, DATEADD(day, -31, GETDATE()), DATEADD(minute, 33, DATEADD(day, -31, GETDATE())), 17, DATEADD(day, -31, GETDATE()), DATEADD(day, -31, GETDATE()), NULL),
(85, 21, DATEADD(day, -4, GETDATE()), DATEADD(minute, 33, DATEADD(day, -4, GETDATE())), 3, DATEADD(day, -4, GETDATE()), DATEADD(day, -4, GETDATE()), NULL),
(86, 24, DATEADD(day, -5, GETDATE()), DATEADD(minute, 39, DATEADD(day, -5, GETDATE())), 3, DATEADD(day, -5, GETDATE()), DATEADD(day, -5, GETDATE()), NULL),
(87, 87, DATEADD(day, -56, GETDATE()), DATEADD(minute, 16, DATEADD(day, -56, GETDATE())), 13, DATEADD(day, -56, GETDATE()), DATEADD(day, -56, GETDATE()), NULL),
(88, 16, DATEADD(day, -57, GETDATE()), DATEADD(minute, 37, DATEADD(day, -57, GETDATE())), 8, DATEADD(day, -57, GETDATE()), DATEADD(day, -57, GETDATE()), NULL),
(89, 75, DATEADD(day, -39, GETDATE()), DATEADD(minute, 3, DATEADD(day, -39, GETDATE())), 20, DATEADD(day, -39, GETDATE()), DATEADD(day, -39, GETDATE()), NULL),
(90, 11, DATEADD(day, -27, GETDATE()), DATEADD(minute, 43, DATEADD(day, -27, GETDATE())), 19, DATEADD(day, -27, GETDATE()), DATEADD(day, -27, GETDATE()), NULL),
(91, 73, DATEADD(day, -34, GETDATE()), DATEADD(minute, 21, DATEADD(day, -34, GETDATE())), 9, DATEADD(day, -34, GETDATE()), DATEADD(day, -34, GETDATE()), NULL),
(92, 27, DATEADD(day, -43, GETDATE()), DATEADD(minute, 21, DATEADD(day, -43, GETDATE())), 8, DATEADD(day, -43, GETDATE()), DATEADD(day, -43, GETDATE()), NULL),
(93, 34, DATEADD(day, -26, GETDATE()), DATEADD(minute, 9, DATEADD(day, -26, GETDATE())), 10, DATEADD(day, -26, GETDATE()), DATEADD(day, -26, GETDATE()), NULL),
(94, 59, DATEADD(day, -21, GETDATE()), DATEADD(minute, 5, DATEADD(day, -21, GETDATE())), 1, DATEADD(day, -21, GETDATE()), DATEADD(day, -21, GETDATE()), NULL),
(95, 59, DATEADD(day, -40, GETDATE()), DATEADD(minute, 37, DATEADD(day, -40, GETDATE())), 4, DATEADD(day, -40, GETDATE()), DATEADD(day, -40, GETDATE()), NULL),
(96, 10, DATEADD(day, -35, GETDATE()), DATEADD(minute, 14, DATEADD(day, -35, GETDATE())), 17, DATEADD(day, -35, GETDATE()), DATEADD(day, -35, GETDATE()), NULL),
(97, 34, DATEADD(day, -9, GETDATE()), DATEADD(minute, 23, DATEADD(day, -9, GETDATE())), 3, DATEADD(day, -9, GETDATE()), DATEADD(day, -9, GETDATE()), NULL),
(98, 32, DATEADD(day, -24, GETDATE()), DATEADD(minute, 19, DATEADD(day, -24, GETDATE())), 6, DATEADD(day, -24, GETDATE()), DATEADD(day, -24, GETDATE()), NULL),
(99, 57, DATEADD(day, -54, GETDATE()), DATEADD(minute, 35, DATEADD(day, -54, GETDATE())), 10, DATEADD(day, -54, GETDATE()), DATEADD(day, -54, GETDATE()), NULL),
(100, 79, DATEADD(day, -52, GETDATE()), DATEADD(minute, 42, DATEADD(day, -52, GETDATE())), 17, DATEADD(day, -52, GETDATE()), DATEADD(day, -52, GETDATE()), NULL),
(101, 2, DATEADD(day, -43, GETDATE()), DATEADD(minute, 36, DATEADD(day, -43, GETDATE())), 10, DATEADD(day, -43, GETDATE()), DATEADD(day, -43, GETDATE()), NULL),
(102, 85, DATEADD(day, -7, GETDATE()), DATEADD(minute, 9, DATEADD(day, -7, GETDATE())), 9, DATEADD(day, -7, GETDATE()), DATEADD(day, -7, GETDATE()), NULL),
(103, 15, DATEADD(day, -57, GETDATE()), DATEADD(minute, 7, DATEADD(day, -57, GETDATE())), 18, DATEADD(day, -57, GETDATE()), DATEADD(day, -57, GETDATE()), NULL),
(104, 20, DATEADD(day, -18, GETDATE()), DATEADD(minute, 19, DATEADD(day, -18, GETDATE())), 20, DATEADD(day, -18, GETDATE()), DATEADD(day, -18, GETDATE()), NULL),
(105, 27, DATEADD(day, -46, GETDATE()), DATEADD(minute, 22, DATEADD(day, -46, GETDATE())), 7, DATEADD(day, -46, GETDATE()), DATEADD(day, -46, GETDATE()), NULL),
(106, 88, DATEADD(day, -41, GETDATE()), DATEADD(minute, 17, DATEADD(day, -41, GETDATE())), 17, DATEADD(day, -41, GETDATE()), DATEADD(day, -41, GETDATE()), NULL),
(107, 63, DATEADD(day, -17, GETDATE()), DATEADD(minute, 4, DATEADD(day, -17, GETDATE())), 3, DATEADD(day, -17, GETDATE()), DATEADD(day, -17, GETDATE()), NULL),
(108, 82, DATEADD(day, -28, GETDATE()), DATEADD(minute, 18, DATEADD(day, -28, GETDATE())), 2, DATEADD(day, -28, GETDATE()), DATEADD(day, -28, GETDATE()), NULL),
(109, 1, DATEADD(day, -22, GETDATE()), DATEADD(minute, 9, DATEADD(day, -22, GETDATE())), 9, DATEADD(day, -22, GETDATE()), DATEADD(day, -22, GETDATE()), NULL),
(110, 21, DATEADD(day, -48, GETDATE()), DATEADD(minute, 29, DATEADD(day, -48, GETDATE())), 18, DATEADD(day, -48, GETDATE()), DATEADD(day, -48, GETDATE()), NULL),
(111, 91, DATEADD(day, -28, GETDATE()), DATEADD(minute, 36, DATEADD(day, -28, GETDATE())), 1, DATEADD(day, -28, GETDATE()), DATEADD(day, -28, GETDATE()), NULL),
(112, 15, DATEADD(day, -5, GETDATE()), DATEADD(minute, 45, DATEADD(day, -5, GETDATE())), 5, DATEADD(day, -5, GETDATE()), DATEADD(day, -5, GETDATE()), NULL),
(113, 70, DATEADD(day, -3, GETDATE()), DATEADD(minute, 24, DATEADD(day, -3, GETDATE())), 19, DATEADD(day, -3, GETDATE()), DATEADD(day, -3, GETDATE()), NULL),
(114, 71, DATEADD(day, -10, GETDATE()), DATEADD(minute, 28, DATEADD(day, -10, GETDATE())), 5, DATEADD(day, -10, GETDATE()), DATEADD(day, -10, GETDATE()), NULL),
(115, 6, DATEADD(day, -20, GETDATE()), DATEADD(minute, 24, DATEADD(day, -20, GETDATE())), 2, DATEADD(day, -20, GETDATE()), DATEADD(day, -20, GETDATE()), NULL),
(116, 46, DATEADD(day, -14, GETDATE()), DATEADD(minute, 44, DATEADD(day, -14, GETDATE())), 8, DATEADD(day, -14, GETDATE()), DATEADD(day, -14, GETDATE()), NULL),
(117, 86, DATEADD(day, -7, GETDATE()), DATEADD(minute, 23, DATEADD(day, -7, GETDATE())), 18, DATEADD(day, -7, GETDATE()), DATEADD(day, -7, GETDATE()), NULL),
(118, 53, DATEADD(day, -40, GETDATE()), DATEADD(minute, 10, DATEADD(day, -40, GETDATE())), 8, DATEADD(day, -40, GETDATE()), DATEADD(day, -40, GETDATE()), NULL),
(119, 21, DATEADD(day, -52, GETDATE()), DATEADD(minute, 12, DATEADD(day, -52, GETDATE())), 14, DATEADD(day, -52, GETDATE()), DATEADD(day, -52, GETDATE()), NULL),
(120, 4, DATEADD(day, -12, GETDATE()), DATEADD(minute, 22, DATEADD(day, -12, GETDATE())), 14, DATEADD(day, -12, GETDATE()), DATEADD(day, -12, GETDATE()), NULL),
(121, 86, DATEADD(day, -56, GETDATE()), DATEADD(minute, 16, DATEADD(day, -56, GETDATE())), 9, DATEADD(day, -56, GETDATE()), DATEADD(day, -56, GETDATE()), NULL),
(122, 21, DATEADD(day, -51, GETDATE()), DATEADD(minute, 45, DATEADD(day, -51, GETDATE())), 4, DATEADD(day, -51, GETDATE()), DATEADD(day, -51, GETDATE()), NULL),
(123, 49, DATEADD(day, -56, GETDATE()), DATEADD(minute, 3, DATEADD(day, -56, GETDATE())), 16, DATEADD(day, -56, GETDATE()), DATEADD(day, -56, GETDATE()), NULL),
(124, 29, DATEADD(day, -13, GETDATE()), DATEADD(minute, 30, DATEADD(day, -13, GETDATE())), 12, DATEADD(day, -13, GETDATE()), DATEADD(day, -13, GETDATE()), NULL),
(125, 40, DATEADD(day, -53, GETDATE()), DATEADD(minute, 15, DATEADD(day, -53, GETDATE())), 8, DATEADD(day, -53, GETDATE()), DATEADD(day, -53, GETDATE()), NULL),
(126, 4, DATEADD(day, -43, GETDATE()), DATEADD(minute, 13, DATEADD(day, -43, GETDATE())), 13, DATEADD(day, -43, GETDATE()), DATEADD(day, -43, GETDATE()), NULL),
(127, 43, DATEADD(day, -18, GETDATE()), DATEADD(minute, 5, DATEADD(day, -18, GETDATE())), 9, DATEADD(day, -18, GETDATE()), DATEADD(day, -18, GETDATE()), NULL),
(128, 45, DATEADD(day, -42, GETDATE()), DATEADD(minute, 33, DATEADD(day, -42, GETDATE())), 13, DATEADD(day, -42, GETDATE()), DATEADD(day, -42, GETDATE()), NULL),
(129, 87, DATEADD(day, -54, GETDATE()), DATEADD(minute, 35, DATEADD(day, -54, GETDATE())), 11, DATEADD(day, -54, GETDATE()), DATEADD(day, -54, GETDATE()), NULL),
(130, 4, DATEADD(day, -8, GETDATE()), DATEADD(minute, 17, DATEADD(day, -8, GETDATE())), 6, DATEADD(day, -8, GETDATE()), DATEADD(day, -8, GETDATE()), NULL),
(131, 75, DATEADD(day, -17, GETDATE()), DATEADD(minute, 3, DATEADD(day, -17, GETDATE())), 4, DATEADD(day, -17, GETDATE()), DATEADD(day, -17, GETDATE()), NULL),
(132, 77, DATEADD(day, -28, GETDATE()), DATEADD(minute, 23, DATEADD(day, -28, GETDATE())), 11, DATEADD(day, -28, GETDATE()), DATEADD(day, -28, GETDATE()), NULL),
(133, 56, DATEADD(day, -39, GETDATE()), DATEADD(minute, 33, DATEADD(day, -39, GETDATE())), 4, DATEADD(day, -39, GETDATE()), DATEADD(day, -39, GETDATE()), NULL),
(134, 50, DATEADD(day, -58, GETDATE()), DATEADD(minute, 37, DATEADD(day, -58, GETDATE())), 7, DATEADD(day, -58, GETDATE()), DATEADD(day, -58, GETDATE()), NULL),
(135, 33, DATEADD(day, -3, GETDATE()), DATEADD(minute, 28, DATEADD(day, -3, GETDATE())), 1, DATEADD(day, -3, GETDATE()), DATEADD(day, -3, GETDATE()), NULL),
(136, 67, DATEADD(day, -60, GETDATE()), DATEADD(minute, 35, DATEADD(day, -60, GETDATE())), 7, DATEADD(day, -60, GETDATE()), DATEADD(day, -60, GETDATE()), NULL),
(137, 47, DATEADD(day, -28, GETDATE()), DATEADD(minute, 5, DATEADD(day, -28, GETDATE())), 11, DATEADD(day, -28, GETDATE()), DATEADD(day, -28, GETDATE()), NULL),
(138, 80, DATEADD(day, -21, GETDATE()), DATEADD(minute, 43, DATEADD(day, -21, GETDATE())), 4, DATEADD(day, -21, GETDATE()), DATEADD(day, -21, GETDATE()), NULL),
(139, 93, DATEADD(day, -58, GETDATE()), DATEADD(minute, 20, DATEADD(day, -58, GETDATE())), 17, DATEADD(day, -58, GETDATE()), DATEADD(day, -58, GETDATE()), NULL),
(140, 40, DATEADD(day, -43, GETDATE()), DATEADD(minute, 27, DATEADD(day, -43, GETDATE())), 11, DATEADD(day, -43, GETDATE()), DATEADD(day, -43, GETDATE()), NULL),
(141, 52, DATEADD(day, -45, GETDATE()), DATEADD(minute, 19, DATEADD(day, -45, GETDATE())), 18, DATEADD(day, -45, GETDATE()), DATEADD(day, -45, GETDATE()), NULL),
(142, 17, DATEADD(day, -13, GETDATE()), DATEADD(minute, 27, DATEADD(day, -13, GETDATE())), 13, DATEADD(day, -13, GETDATE()), DATEADD(day, -13, GETDATE()), NULL),
(143, 87, DATEADD(day, -48, GETDATE()), DATEADD(minute, 12, DATEADD(day, -48, GETDATE())), 20, DATEADD(day, -48, GETDATE()), DATEADD(day, -48, GETDATE()), NULL),
(144, 73, DATEADD(day, -20, GETDATE()), DATEADD(minute, 26, DATEADD(day, -20, GETDATE())), 18, DATEADD(day, -20, GETDATE()), DATEADD(day, -20, GETDATE()), NULL),
(145, 1, DATEADD(day, -20, GETDATE()), DATEADD(minute, 19, DATEADD(day, -20, GETDATE())), 7, DATEADD(day, -20, GETDATE()), DATEADD(day, -20, GETDATE()), NULL),
(146, 56, DATEADD(day, -51, GETDATE()), DATEADD(minute, 38, DATEADD(day, -51, GETDATE())), 20, DATEADD(day, -51, GETDATE()), DATEADD(day, -51, GETDATE()), NULL),
(147, 84, DATEADD(day, -21, GETDATE()), DATEADD(minute, 30, DATEADD(day, -21, GETDATE())), 15, DATEADD(day, -21, GETDATE()), DATEADD(day, -21, GETDATE()), NULL),
(148, 57, DATEADD(day, -44, GETDATE()), DATEADD(minute, 14, DATEADD(day, -44, GETDATE())), 17, DATEADD(day, -44, GETDATE()), DATEADD(day, -44, GETDATE()), NULL),
(149, 61, DATEADD(day, -51, GETDATE()), DATEADD(minute, 11, DATEADD(day, -51, GETDATE())), 3, DATEADD(day, -51, GETDATE()), DATEADD(day, -51, GETDATE()), NULL),
(150, 22, DATEADD(day, -37, GETDATE()), DATEADD(minute, 8, DATEADD(day, -37, GETDATE())), 10, DATEADD(day, -37, GETDATE()), DATEADD(day, -37, GETDATE()), NULL);
{%- endmacro %}


{# ============================================================================
   SHOP SCHEMA AND SEED DATA
   ============================================================================ #}

{%- macro _get_sqlserver_baseline_shop_schema() -%}
-- jaffle_shop database schema
-- E-commerce/ERP system tables
-- Database: jaffle_shop | Schema: dbo

-- Ensure we're in the right database
USE jaffle_shop;

-- Add database-level extended property (description)
IF NOT EXISTS (SELECT 1 FROM sys.extended_properties WHERE class = 0 AND name = 'MS_Description')
BEGIN
    EXEC sp_addextendedproperty
        @name = N'MS_Description',
        @value = N'Demo Source System Database for dbt Origin Simulator. This database contains synthetic e-commerce data including customer, product, order, and payment information. Tables follow the soft delete pattern with deleted_at timestamps. Use dbt-origin-simulator-ops to manage baseline and incremental data.';
END

-- Add version tag
IF NOT EXISTS (SELECT 1 FROM sys.extended_properties WHERE class = 0 AND name = 'origin_simulator_version')
BEGIN
    EXEC sp_addextendedproperty
        @name = N'origin_simulator_version',
        @value = N'1.0.0';
END

-- Add purpose tag
IF NOT EXISTS (SELECT 1 FROM sys.extended_properties WHERE class = 0 AND name = 'purpose')
BEGIN
    EXEC sp_addextendedproperty
        @name = N'purpose',
        @value = N'dbt Origin Simulator demo source system';
END

-- Add managed_by tag
IF NOT EXISTS (SELECT 1 FROM sys.extended_properties WHERE class = 0 AND name = 'managed_by')
BEGIN
    EXEC sp_addextendedproperty
        @name = N'managed_by',
        @value = N'dbt-origin-simulator-ops';
END

-- Customers table
IF OBJECT_ID('dbo.customers', 'U') IS NULL
BEGIN
    CREATE TABLE dbo.customers (
        customer_id INT NOT NULL PRIMARY KEY,
        first_name NVARCHAR(50),
        last_name NVARCHAR(50),
        email NVARCHAR(100),
        created_at DATETIME2 NOT NULL DEFAULT GETDATE(),
        updated_at DATETIME2 NOT NULL DEFAULT GETDATE(),
        deleted_at DATETIME2
    );

    -- Table description
    EXEC sp_addextendedproperty
        @name = N'MS_Description',
        @value = N'Customer master data table',
        @level0type = N'SCHEMA', @level0name = N'dbo',
        @level1type = N'TABLE', @level1name = N'customers';

    -- Column descriptions
    EXEC sp_addextendedproperty @name = N'MS_Description', @value = N'Unique customer identifier',
        @level0type = N'SCHEMA', @level0name = N'dbo', @level1type = N'TABLE', @level1name = N'customers', @level2type = N'COLUMN', @level2name = N'customer_id';
    EXEC sp_addextendedproperty @name = N'MS_Description', @value = N'Customer first name',
        @level0type = N'SCHEMA', @level0name = N'dbo', @level1type = N'TABLE', @level1name = N'customers', @level2type = N'COLUMN', @level2name = N'first_name';
    EXEC sp_addextendedproperty @name = N'MS_Description', @value = N'Customer last name',
        @level0type = N'SCHEMA', @level0name = N'dbo', @level1type = N'TABLE', @level1name = N'customers', @level2type = N'COLUMN', @level2name = N'last_name';
    EXEC sp_addextendedproperty @name = N'MS_Description', @value = N'Customer email address',
        @level0type = N'SCHEMA', @level0name = N'dbo', @level1type = N'TABLE', @level1name = N'customers', @level2type = N'COLUMN', @level2name = N'email';
    EXEC sp_addextendedproperty @name = N'MS_Description', @value = N'Record creation timestamp',
        @level0type = N'SCHEMA', @level0name = N'dbo', @level1type = N'TABLE', @level1name = N'customers', @level2type = N'COLUMN', @level2name = N'created_at';
    EXEC sp_addextendedproperty @name = N'MS_Description', @value = N'Record last update timestamp',
        @level0type = N'SCHEMA', @level0name = N'dbo', @level1type = N'TABLE', @level1name = N'customers', @level2type = N'COLUMN', @level2name = N'updated_at';
    EXEC sp_addextendedproperty @name = N'MS_Description', @value = N'Soft delete timestamp (NULL = active, non-NULL = deleted)',
        @level0type = N'SCHEMA', @level0name = N'dbo', @level1type = N'TABLE', @level1name = N'customers', @level2type = N'COLUMN', @level2name = N'deleted_at';
END

-- Products table
IF OBJECT_ID('dbo.products', 'U') IS NULL
BEGIN
    CREATE TABLE dbo.products (
        product_id INT NOT NULL PRIMARY KEY,
        name NVARCHAR(100),
        category NVARCHAR(50),
        price DECIMAL(10,2),
        created_at DATETIME2 NOT NULL DEFAULT GETDATE(),
        updated_at DATETIME2 NOT NULL DEFAULT GETDATE(),
        deleted_at DATETIME2
    );

    -- Table description
    EXEC sp_addextendedproperty
        @name = N'MS_Description',
        @value = N'Product catalog table',
        @level0type = N'SCHEMA', @level0name = N'dbo',
        @level1type = N'TABLE', @level1name = N'products';

    -- Column descriptions
    EXEC sp_addextendedproperty @name = N'MS_Description', @value = N'Unique product identifier',
        @level0type = N'SCHEMA', @level0name = N'dbo', @level1type = N'TABLE', @level1name = N'products', @level2type = N'COLUMN', @level2name = N'product_id';
    EXEC sp_addextendedproperty @name = N'MS_Description', @value = N'Product name',
        @level0type = N'SCHEMA', @level0name = N'dbo', @level1type = N'TABLE', @level1name = N'products', @level2type = N'COLUMN', @level2name = N'name';
    EXEC sp_addextendedproperty @name = N'MS_Description', @value = N'Product category',
        @level0type = N'SCHEMA', @level0name = N'dbo', @level1type = N'TABLE', @level1name = N'products', @level2type = N'COLUMN', @level2name = N'category';
    EXEC sp_addextendedproperty @name = N'MS_Description', @value = N'Product unit price',
        @level0type = N'SCHEMA', @level0name = N'dbo', @level1type = N'TABLE', @level1name = N'products', @level2type = N'COLUMN', @level2name = N'price';
    EXEC sp_addextendedproperty @name = N'MS_Description', @value = N'Record creation timestamp',
        @level0type = N'SCHEMA', @level0name = N'dbo', @level1type = N'TABLE', @level1name = N'products', @level2type = N'COLUMN', @level2name = N'created_at';
    EXEC sp_addextendedproperty @name = N'MS_Description', @value = N'Record last update timestamp',
        @level0type = N'SCHEMA', @level0name = N'dbo', @level1type = N'TABLE', @level1name = N'products', @level2type = N'COLUMN', @level2name = N'updated_at';
    EXEC sp_addextendedproperty @name = N'MS_Description', @value = N'Soft delete timestamp (NULL = active, non-NULL = discontinued)',
        @level0type = N'SCHEMA', @level0name = N'dbo', @level1type = N'TABLE', @level1name = N'products', @level2type = N'COLUMN', @level2name = N'deleted_at';
END

-- Orders table
IF OBJECT_ID('dbo.orders', 'U') IS NULL
BEGIN
    CREATE TABLE dbo.orders (
        order_id INT NOT NULL PRIMARY KEY,
        customer_id INT,
        order_date DATE,
        status NVARCHAR(20),
        created_at DATETIME2 NOT NULL DEFAULT GETDATE(),
        updated_at DATETIME2 NOT NULL DEFAULT GETDATE(),
        deleted_at DATETIME2,
        CONSTRAINT fk_orders_customer FOREIGN KEY (customer_id) REFERENCES dbo.customers(customer_id)
    );

    -- Table description
    EXEC sp_addextendedproperty
        @name = N'MS_Description',
        @value = N'Customer orders table',
        @level0type = N'SCHEMA', @level0name = N'dbo',
        @level1type = N'TABLE', @level1name = N'orders';

    -- Column descriptions
    EXEC sp_addextendedproperty @name = N'MS_Description', @value = N'Unique order identifier',
        @level0type = N'SCHEMA', @level0name = N'dbo', @level1type = N'TABLE', @level1name = N'orders', @level2type = N'COLUMN', @level2name = N'order_id';
    EXEC sp_addextendedproperty @name = N'MS_Description', @value = N'Foreign key to customers table',
        @level0type = N'SCHEMA', @level0name = N'dbo', @level1type = N'TABLE', @level1name = N'orders', @level2type = N'COLUMN', @level2name = N'customer_id';
    EXEC sp_addextendedproperty @name = N'MS_Description', @value = N'Order placement date',
        @level0type = N'SCHEMA', @level0name = N'dbo', @level1type = N'TABLE', @level1name = N'orders', @level2type = N'COLUMN', @level2name = N'order_date';
    EXEC sp_addextendedproperty @name = N'MS_Description', @value = N'Order status (pending, shipped, delivered, etc.)',
        @level0type = N'SCHEMA', @level0name = N'dbo', @level1type = N'TABLE', @level1name = N'orders', @level2type = N'COLUMN', @level2name = N'status';
    EXEC sp_addextendedproperty @name = N'MS_Description', @value = N'Record creation timestamp',
        @level0type = N'SCHEMA', @level0name = N'dbo', @level1type = N'TABLE', @level1name = N'orders', @level2type = N'COLUMN', @level2name = N'created_at';
    EXEC sp_addextendedproperty @name = N'MS_Description', @value = N'Record last update timestamp',
        @level0type = N'SCHEMA', @level0name = N'dbo', @level1type = N'TABLE', @level1name = N'orders', @level2type = N'COLUMN', @level2name = N'updated_at';
    EXEC sp_addextendedproperty @name = N'MS_Description', @value = N'Soft delete timestamp (NULL = active, non-NULL = cancelled)',
        @level0type = N'SCHEMA', @level0name = N'dbo', @level1type = N'TABLE', @level1name = N'orders', @level2type = N'COLUMN', @level2name = N'deleted_at';
END

-- Order items table
IF OBJECT_ID('dbo.order_items', 'U') IS NULL
BEGIN
    CREATE TABLE dbo.order_items (
        order_item_id INT NOT NULL PRIMARY KEY,
        order_id INT,
        product_id INT,
        quantity INT,
        unit_price DECIMAL(10,2),
        created_at DATETIME2 NOT NULL DEFAULT GETDATE(),
        updated_at DATETIME2 NOT NULL DEFAULT GETDATE(),
        deleted_at DATETIME2,
        CONSTRAINT fk_order_items_order FOREIGN KEY (order_id) REFERENCES dbo.orders(order_id),
        CONSTRAINT fk_order_items_product FOREIGN KEY (product_id) REFERENCES dbo.products(product_id)
    );

    -- Table description
    EXEC sp_addextendedproperty
        @name = N'MS_Description',
        @value = N'Order line items table',
        @level0type = N'SCHEMA', @level0name = N'dbo',
        @level1type = N'TABLE', @level1name = N'order_items';

    -- Column descriptions
    EXEC sp_addextendedproperty @name = N'MS_Description', @value = N'Unique order line item identifier',
        @level0type = N'SCHEMA', @level0name = N'dbo', @level1type = N'TABLE', @level1name = N'order_items', @level2type = N'COLUMN', @level2name = N'order_item_id';
    EXEC sp_addextendedproperty @name = N'MS_Description', @value = N'Foreign key to orders table',
        @level0type = N'SCHEMA', @level0name = N'dbo', @level1type = N'TABLE', @level1name = N'order_items', @level2type = N'COLUMN', @level2name = N'order_id';
    EXEC sp_addextendedproperty @name = N'MS_Description', @value = N'Foreign key to products table',
        @level0type = N'SCHEMA', @level0name = N'dbo', @level1type = N'TABLE', @level1name = N'order_items', @level2type = N'COLUMN', @level2name = N'product_id';
    EXEC sp_addextendedproperty @name = N'MS_Description', @value = N'Quantity ordered',
        @level0type = N'SCHEMA', @level0name = N'dbo', @level1type = N'TABLE', @level1name = N'order_items', @level2type = N'COLUMN', @level2name = N'quantity';
    EXEC sp_addextendedproperty @name = N'MS_Description', @value = N'Price per unit at time of order',
        @level0type = N'SCHEMA', @level0name = N'dbo', @level1type = N'TABLE', @level1name = N'order_items', @level2type = N'COLUMN', @level2name = N'unit_price';
    EXEC sp_addextendedproperty @name = N'MS_Description', @value = N'Record creation timestamp',
        @level0type = N'SCHEMA', @level0name = N'dbo', @level1type = N'TABLE', @level1name = N'order_items', @level2type = N'COLUMN', @level2name = N'created_at';
    EXEC sp_addextendedproperty @name = N'MS_Description', @value = N'Record last update timestamp',
        @level0type = N'SCHEMA', @level0name = N'dbo', @level1type = N'TABLE', @level1name = N'order_items', @level2type = N'COLUMN', @level2name = N'updated_at';
    EXEC sp_addextendedproperty @name = N'MS_Description', @value = N'Soft delete timestamp (rarely used)',
        @level0type = N'SCHEMA', @level0name = N'dbo', @level1type = N'TABLE', @level1name = N'order_items', @level2type = N'COLUMN', @level2name = N'deleted_at';
END

-- Payments table
IF OBJECT_ID('dbo.payments', 'U') IS NULL
BEGIN
    CREATE TABLE dbo.payments (
        payment_id INT NOT NULL PRIMARY KEY,
        order_id INT,
        payment_method NVARCHAR(20),
        amount DECIMAL(10,2),
        created_at DATETIME2 NOT NULL DEFAULT GETDATE(),
        updated_at DATETIME2 NOT NULL DEFAULT GETDATE(),
        deleted_at DATETIME2,
        CONSTRAINT fk_payments_order FOREIGN KEY (order_id) REFERENCES dbo.orders(order_id)
    );

    -- Table description
    EXEC sp_addextendedproperty
        @name = N'MS_Description',
        @value = N'Payment transactions table',
        @level0type = N'SCHEMA', @level0name = N'dbo',
        @level1type = N'TABLE', @level1name = N'payments';

    -- Column descriptions
    EXEC sp_addextendedproperty @name = N'MS_Description', @value = N'Unique payment identifier',
        @level0type = N'SCHEMA', @level0name = N'dbo', @level1type = N'TABLE', @level1name = N'payments', @level2type = N'COLUMN', @level2name = N'payment_id';
    EXEC sp_addextendedproperty @name = N'MS_Description', @value = N'Foreign key to orders table',
        @level0type = N'SCHEMA', @level0name = N'dbo', @level1type = N'TABLE', @level1name = N'payments', @level2type = N'COLUMN', @level2name = N'order_id';
    EXEC sp_addextendedproperty @name = N'MS_Description', @value = N'Payment method (credit_card, bank_transfer, etc.)',
        @level0type = N'SCHEMA', @level0name = N'dbo', @level1type = N'TABLE', @level1name = N'payments', @level2type = N'COLUMN', @level2name = N'payment_method';
    EXEC sp_addextendedproperty @name = N'MS_Description', @value = N'Payment amount',
        @level0type = N'SCHEMA', @level0name = N'dbo', @level1type = N'TABLE', @level1name = N'payments', @level2type = N'COLUMN', @level2name = N'amount';
    EXEC sp_addextendedproperty @name = N'MS_Description', @value = N'Record creation timestamp',
        @level0type = N'SCHEMA', @level0name = N'dbo', @level1type = N'TABLE', @level1name = N'payments', @level2type = N'COLUMN', @level2name = N'created_at';
    EXEC sp_addextendedproperty @name = N'MS_Description', @value = N'Record last update timestamp',
        @level0type = N'SCHEMA', @level0name = N'dbo', @level1type = N'TABLE', @level1name = N'payments', @level2type = N'COLUMN', @level2name = N'updated_at';
    EXEC sp_addextendedproperty @name = N'MS_Description', @value = N'Soft delete timestamp',
        @level0type = N'SCHEMA', @level0name = N'dbo', @level1type = N'TABLE', @level1name = N'payments', @level2type = N'COLUMN', @level2name = N'deleted_at';
END
{%- endmacro %}

{%- macro _get_sqlserver_baseline_shop_customers() -%}
USE jaffle_shop;

INSERT INTO dbo.customers (customer_id, first_name, last_name, email, created_at, updated_at, deleted_at) VALUES
(1, 'Brian', 'Alvarez', 'brian.alvarez1@example.com', DATEADD(day, -99, GETDATE()), DATEADD(day, -99, GETDATE()), NULL),
(2, 'Kevin', 'Baker', 'kevin.baker2@example.com', DATEADD(day, -98, GETDATE()), DATEADD(day, -98, GETDATE()), NULL),
(3, 'Karen', 'Martin', 'karen.martin3@example.com', DATEADD(day, -97, GETDATE()), DATEADD(day, -97, GETDATE()), NULL),
(4, 'Angela', 'Jackson', 'angela.jackson4@example.com', DATEADD(day, -96, GETDATE()), DATEADD(day, -96, GETDATE()), NULL),
(5, 'Catherine', 'Garcia', 'catherine.garcia5@example.com', DATEADD(day, -95, GETDATE()), DATEADD(day, -95, GETDATE()), NULL),
(6, 'Christine', 'Wood', 'christine.wood6@example.com', DATEADD(day, -94, GETDATE()), DATEADD(day, -94, GETDATE()), NULL),
(7, 'Thomas', 'Adams', 'thomas.adams7@example.com', DATEADD(day, -93, GETDATE()), DATEADD(day, -93, GETDATE()), NULL),
(8, 'Patricia', 'Reyes', 'patricia.reyes8@example.com', DATEADD(day, -92, GETDATE()), DATEADD(day, -92, GETDATE()), NULL),
(9, 'Lisa', 'Lewis', 'lisa.lewis9@example.com', DATEADD(day, -91, GETDATE()), DATEADD(day, -91, GETDATE()), NULL),
(10, 'Brenda', 'Mendoza', 'brenda.mendoza10@example.com', DATEADD(day, -90, GETDATE()), DATEADD(day, -90, GETDATE()), NULL),
(11, 'Elizabeth', 'Adams', 'elizabeth.adams11@example.com', DATEADD(day, -89, GETDATE()), DATEADD(day, -89, GETDATE()), NULL),
(12, 'Karen', 'Morris', 'karen.morris12@example.com', DATEADD(day, -88, GETDATE()), DATEADD(day, -88, GETDATE()), NULL),
(13, 'Joshua', 'Nelson', 'joshua.nelson13@example.com', DATEADD(day, -87, GETDATE()), DATEADD(day, -87, GETDATE()), NULL),
(14, 'Kevin', 'Clark', 'kevin.clark14@example.com', DATEADD(day, -86, GETDATE()), DATEADD(day, -86, GETDATE()), NULL),
(15, 'Jason', 'Gray', 'jason.gray15@example.com', DATEADD(day, -85, GETDATE()), DATEADD(day, -85, GETDATE()), NULL),
(16, 'Frank', 'James', 'frank.james16@example.com', DATEADD(day, -84, GETDATE()), DATEADD(day, -84, GETDATE()), NULL),
(17, 'Steven', 'Young', 'steven.young17@example.com', DATEADD(day, -83, GETDATE()), DATEADD(day, -83, GETDATE()), NULL),
(18, 'Debra', 'Morales', 'debra.morales18@example.com', DATEADD(day, -82, GETDATE()), DATEADD(day, -82, GETDATE()), NULL),
(19, 'Ashley', 'Watson', 'ashley.watson19@example.com', DATEADD(day, -81, GETDATE()), DATEADD(day, -81, GETDATE()), NULL),
(20, 'Kevin', 'Long', 'kevin.long20@example.com', DATEADD(day, -80, GETDATE()), DATEADD(day, -80, GETDATE()), NULL),
(21, 'Jack', 'Garcia', 'jack.garcia21@example.com', DATEADD(day, -79, GETDATE()), DATEADD(day, -79, GETDATE()), NULL),
(22, 'Kevin', 'Morgan', 'kevin.morgan22@example.com', DATEADD(day, -78, GETDATE()), DATEADD(day, -78, GETDATE()), NULL),
(23, 'James', 'Parker', 'james.parker23@example.com', DATEADD(day, -77, GETDATE()), DATEADD(day, -77, GETDATE()), NULL),
(24, 'Michael', 'Richardson', 'michael.richardson24@example.com', DATEADD(day, -76, GETDATE()), DATEADD(day, -76, GETDATE()), NULL),
(25, 'Lisa', 'Sanders', 'lisa.sanders25@example.com', DATEADD(day, -75, GETDATE()), DATEADD(day, -75, GETDATE()), NULL),
(26, 'Ashley', 'Alvarez', 'ashley.alvarez26@example.com', DATEADD(day, -74, GETDATE()), DATEADD(day, -74, GETDATE()), NULL),
(27, 'James', 'Kim', 'james.kim27@example.com', DATEADD(day, -73, GETDATE()), DATEADD(day, -73, GETDATE()), NULL),
(28, 'Edward', 'Castillo', 'edward.castillo28@example.com', DATEADD(day, -72, GETDATE()), DATEADD(day, -72, GETDATE()), NULL),
(29, 'Rebecca', 'Kelly', 'rebecca.kelly29@example.com', DATEADD(day, -71, GETDATE()), DATEADD(day, -71, GETDATE()), NULL),
(30, 'Patricia', 'Gomez', 'patricia.gomez30@example.com', DATEADD(day, -70, GETDATE()), DATEADD(day, -70, GETDATE()), NULL),
(31, 'Carol', 'Brooks', 'carol.brooks31@example.com', DATEADD(day, -69, GETDATE()), DATEADD(day, -69, GETDATE()), NULL),
(32, 'Jennifer', 'Wright', 'jennifer.wright32@example.com', DATEADD(day, -68, GETDATE()), DATEADD(day, -68, GETDATE()), NULL),
(33, 'Nicole', 'Rogers', 'nicole.rogers33@example.com', DATEADD(day, -67, GETDATE()), DATEADD(day, -67, GETDATE()), NULL),
(34, 'Jack', 'Perez', 'jack.perez34@example.com', DATEADD(day, -66, GETDATE()), DATEADD(day, -66, GETDATE()), NULL),
(35, 'Deborah', 'Miller', 'deborah.miller35@example.com', DATEADD(day, -65, GETDATE()), DATEADD(day, -65, GETDATE()), NULL),
(36, 'Anna', 'Morales', 'anna.morales36@example.com', DATEADD(day, -64, GETDATE()), DATEADD(day, -64, GETDATE()), NULL),
(37, 'Jason', 'Anderson', 'jason.anderson37@example.com', DATEADD(day, -63, GETDATE()), DATEADD(day, -63, GETDATE()), NULL),
(38, 'Daniel', 'Jones', 'daniel.jones38@example.com', DATEADD(day, -62, GETDATE()), DATEADD(day, -62, GETDATE()), NULL),
(39, 'Donna', 'Ramirez', 'donna.ramirez39@example.com', DATEADD(day, -61, GETDATE()), DATEADD(day, -61, GETDATE()), NULL),
(40, 'Justin', 'Kelly', 'justin.kelly40@example.com', DATEADD(day, -60, GETDATE()), DATEADD(day, -60, GETDATE()), NULL),
(41, 'Cynthia', 'Morales', 'cynthia.morales41@example.com', DATEADD(day, -59, GETDATE()), DATEADD(day, -59, GETDATE()), NULL),
(42, 'James', 'Peterson', 'james.peterson42@example.com', DATEADD(day, -58, GETDATE()), DATEADD(day, -58, GETDATE()), NULL),
(43, 'Ryan', 'Hill', 'ryan.hill43@example.com', DATEADD(day, -57, GETDATE()), DATEADD(day, -57, GETDATE()), NULL),
(44, 'Benjamin', 'Green', 'benjamin.green44@example.com', DATEADD(day, -56, GETDATE()), DATEADD(day, -56, GETDATE()), NULL),
(45, 'Jessica', 'Kim', 'jessica.kim45@example.com', DATEADD(day, -55, GETDATE()), DATEADD(day, -55, GETDATE()), NULL),
(46, 'Joshua', 'Stewart', 'joshua.stewart46@example.com', DATEADD(day, -54, GETDATE()), DATEADD(day, -54, GETDATE()), NULL),
(47, 'Donna', 'Murphy', 'donna.murphy47@example.com', DATEADD(day, -53, GETDATE()), DATEADD(day, -53, GETDATE()), NULL),
(48, 'Alexander', 'Clark', 'alexander.clark48@example.com', DATEADD(day, -52, GETDATE()), DATEADD(day, -52, GETDATE()), NULL),
(49, 'Richard', 'Stewart', 'richard.stewart49@example.com', DATEADD(day, -51, GETDATE()), DATEADD(day, -51, GETDATE()), NULL),
(50, 'Stephen', 'Allen', 'stephen.allen50@example.com', DATEADD(day, -50, GETDATE()), DATEADD(day, -50, GETDATE()), NULL),
(51, 'Margaret', 'Anderson', 'margaret.anderson51@example.com', DATEADD(day, -49, GETDATE()), DATEADD(day, -49, GETDATE()), NULL),
(52, 'Kenneth', 'Allen', 'kenneth.allen52@example.com', DATEADD(day, -48, GETDATE()), DATEADD(day, -48, GETDATE()), NULL),
(53, 'Kimberly', 'Cruz', 'kimberly.cruz53@example.com', DATEADD(day, -47, GETDATE()), DATEADD(day, -47, GETDATE()), NULL),
(54, 'Nancy', 'Murphy', 'nancy.murphy54@example.com', DATEADD(day, -46, GETDATE()), DATEADD(day, -46, GETDATE()), NULL),
(55, 'Ryan', 'Williams', 'ryan.williams55@example.com', DATEADD(day, -45, GETDATE()), DATEADD(day, -45, GETDATE()), NULL),
(56, 'Helen', 'Moore', 'helen.moore56@example.com', DATEADD(day, -44, GETDATE()), DATEADD(day, -44, GETDATE()), NULL),
(57, 'Stephen', 'Castillo', 'stephen.castillo57@example.com', DATEADD(day, -43, GETDATE()), DATEADD(day, -43, GETDATE()), NULL),
(58, 'Christopher', 'Miller', 'christopher.miller58@example.com', DATEADD(day, -42, GETDATE()), DATEADD(day, -42, GETDATE()), NULL),
(59, 'Jacob', 'Torres', 'jacob.torres59@example.com', DATEADD(day, -41, GETDATE()), DATEADD(day, -41, GETDATE()), NULL),
(60, 'Brandon', 'Parker', 'brandon.parker60@example.com', DATEADD(day, -40, GETDATE()), DATEADD(day, -40, GETDATE()), NULL),
(61, 'Kenneth', 'Stewart', 'kenneth.stewart61@example.com', DATEADD(day, -39, GETDATE()), DATEADD(day, -39, GETDATE()), NULL),
(62, 'Frank', 'Hughes', 'frank.hughes62@example.com', DATEADD(day, -38, GETDATE()), DATEADD(day, -38, GETDATE()), NULL),
(63, 'Susan', 'Lewis', 'susan.lewis63@example.com', DATEADD(day, -37, GETDATE()), DATEADD(day, -37, GETDATE()), NULL),
(64, 'Alexander', 'Hill', 'alexander.hill64@example.com', DATEADD(day, -36, GETDATE()), DATEADD(day, -36, GETDATE()), NULL),
(65, 'Anna', 'Hill', 'anna.hill65@example.com', DATEADD(day, -35, GETDATE()), DATEADD(day, -35, GETDATE()), NULL),
(66, 'Jack', 'Bennett', 'jack.bennett66@example.com', DATEADD(day, -34, GETDATE()), DATEADD(day, -34, GETDATE()), NULL),
(67, 'Steven', 'Brooks', 'steven.brooks67@example.com', DATEADD(day, -33, GETDATE()), DATEADD(day, -33, GETDATE()), NULL),
(68, 'Jason', 'Rogers', 'jason.rogers68@example.com', DATEADD(day, -32, GETDATE()), DATEADD(day, -32, GETDATE()), NULL),
(69, 'Jacob', 'Peterson', 'jacob.peterson69@example.com', DATEADD(day, -31, GETDATE()), DATEADD(day, -31, GETDATE()), NULL),
(70, 'Jonathan', 'Sanders', 'jonathan.sanders70@example.com', DATEADD(day, -30, GETDATE()), DATEADD(day, -30, GETDATE()), NULL),
(71, 'Laura', 'Wood', 'laura.wood71@example.com', DATEADD(day, -29, GETDATE()), DATEADD(day, -29, GETDATE()), NULL),
(72, 'Larry', 'Ramos', 'larry.ramos72@example.com', DATEADD(day, -28, GETDATE()), DATEADD(day, -28, GETDATE()), NULL),
(73, 'Pamela', 'King', 'pamela.king73@example.com', DATEADD(day, -27, GETDATE()), DATEADD(day, -27, GETDATE()), NULL),
(74, 'Linda', 'Collins', 'linda.collins74@example.com', DATEADD(day, -26, GETDATE()), DATEADD(day, -26, GETDATE()), NULL),
(75, 'Benjamin', 'Ross', 'benjamin.ross75@example.com', DATEADD(day, -25, GETDATE()), DATEADD(day, -25, GETDATE()), NULL),
(76, 'Eric', 'Collins', 'eric.collins76@example.com', DATEADD(day, -24, GETDATE()), DATEADD(day, -24, GETDATE()), NULL),
(77, 'Edward', 'Carter', 'edward.carter77@example.com', DATEADD(day, -23, GETDATE()), DATEADD(day, -23, GETDATE()), NULL),
(78, 'Kimberly', 'Torres', 'kimberly.torres78@example.com', DATEADD(day, -22, GETDATE()), DATEADD(day, -22, GETDATE()), NULL),
(79, 'Amanda', 'Jackson', 'amanda.jackson79@example.com', DATEADD(day, -21, GETDATE()), DATEADD(day, -21, GETDATE()), NULL),
(80, 'Karen', 'Phillips', 'karen.phillips80@example.com', DATEADD(day, -20, GETDATE()), DATEADD(day, -20, GETDATE()), NULL),
(81, 'Laura', 'Peterson', 'laura.peterson81@example.com', DATEADD(day, -19, GETDATE()), DATEADD(day, -19, GETDATE()), NULL),
(82, 'Anthony', 'Diaz', 'anthony.diaz82@example.com', DATEADD(day, -18, GETDATE()), DATEADD(day, -18, GETDATE()), NULL),
(83, 'Eric', 'Anderson', 'eric.anderson83@example.com', DATEADD(day, -17, GETDATE()), DATEADD(day, -17, GETDATE()), NULL),
(84, 'Margaret', 'Myers', 'margaret.myers84@example.com', DATEADD(day, -16, GETDATE()), DATEADD(day, -16, GETDATE()), NULL),
(85, 'Catherine', 'Cooper', 'catherine.cooper85@example.com', DATEADD(day, -15, GETDATE()), DATEADD(day, -15, GETDATE()), NULL),
(86, 'Susan', 'Cox', 'susan.cox86@example.com', DATEADD(day, -14, GETDATE()), DATEADD(day, -14, GETDATE()), NULL),
(87, 'Michael', 'Davis', 'michael.davis87@example.com', DATEADD(day, -13, GETDATE()), DATEADD(day, -13, GETDATE()), NULL),
(88, 'Carolyn', 'Peterson', 'carolyn.peterson88@example.com', DATEADD(day, -12, GETDATE()), DATEADD(day, -12, GETDATE()), NULL),
(89, 'Emily', 'Morris', 'emily.morris89@example.com', DATEADD(day, -11, GETDATE()), DATEADD(day, -11, GETDATE()), NULL),
(90, 'Nancy', 'Bennett', 'nancy.bennett90@example.com', DATEADD(day, -10, GETDATE()), DATEADD(day, -10, GETDATE()), NULL),
(91, 'Nancy', 'Hall', 'nancy.hall91@example.com', DATEADD(day, -9, GETDATE()), DATEADD(day, -9, GETDATE()), NULL),
(92, 'Jonathan', 'Ruiz', 'jonathan.ruiz92@example.com', DATEADD(day, -8, GETDATE()), DATEADD(day, -8, GETDATE()), NULL),
(93, 'Brandon', 'Price', 'brandon.price93@example.com', DATEADD(day, -7, GETDATE()), DATEADD(day, -7, GETDATE()), NULL),
(94, 'Brian', 'Carter', 'brian.carter94@example.com', DATEADD(day, -6, GETDATE()), DATEADD(day, -6, GETDATE()), NULL),
(95, 'Richard', 'James', 'richard.james95@example.com', DATEADD(day, -5, GETDATE()), DATEADD(day, -5, GETDATE()), NULL),
(96, 'Margaret', 'Ramirez', 'margaret.ramirez96@example.com', DATEADD(day, -4, GETDATE()), DATEADD(day, -4, GETDATE()), NULL),
(97, 'Scott', 'Diaz', 'scott.diaz97@example.com', DATEADD(day, -3, GETDATE()), DATEADD(day, -3, GETDATE()), NULL),
(98, 'Patricia', 'Carter', 'patricia.carter98@example.com', DATEADD(day, -2, GETDATE()), DATEADD(day, -2, GETDATE()), NULL),
(99, 'Janet', 'Ortiz', 'janet.ortiz99@example.com', DATEADD(day, -1, GETDATE()), DATEADD(day, -1, GETDATE()), NULL),
(100, 'Donald', 'Reed', 'donald.reed100@example.com', GETDATE(), GETDATE(), NULL);
{%- endmacro %}

{%- macro _get_sqlserver_baseline_shop_products() -%}
USE jaffle_shop;

INSERT INTO dbo.products (product_id, name, category, price, created_at, updated_at, deleted_at) VALUES
(1, 'MacBook Pro 16"', 'Electronics', 1299.99, DATEADD(day, -100, GETDATE()), DATEADD(day, -100, GETDATE()), NULL),
(2, 'Wireless Mouse', 'Electronics', 29.99, DATEADD(day, -100, GETDATE()), DATEADD(day, -100, GETDATE()), NULL),
(3, 'USB-C Hub', 'Electronics', 89.99, DATEADD(day, -100, GETDATE()), DATEADD(day, -100, GETDATE()), NULL),
(4, 'Standing Desk', 'Furniture', 399.99, DATEADD(day, -100, GETDATE()), DATEADD(day, -100, GETDATE()), NULL),
(5, 'Office Chair', 'Furniture', 49.99, DATEADD(day, -100, GETDATE()), DATEADD(day, -100, GETDATE()), NULL),
(6, 'Desk Lamp', 'Home', 39.99, DATEADD(day, -100, GETDATE()), DATEADD(day, -100, GETDATE()), NULL),
(7, 'Monitor 27"', 'Electronics', 249.99, DATEADD(day, -100, GETDATE()), DATEADD(day, -100, GETDATE()), NULL),
(8, 'Mechanical Keyboard', 'Electronics', 499.99, DATEADD(day, -100, GETDATE()), DATEADD(day, -100, GETDATE()), NULL),
(9, 'Webcam HD', 'Electronics', 149.99, DATEADD(day, -100, GETDATE()), DATEADD(day, -100, GETDATE()), NULL),
(10, 'Notebook Set', 'Office', 12.99, DATEADD(day, -100, GETDATE()), DATEADD(day, -100, GETDATE()), NULL),
(11, 'Pen Pack', 'Office', 19.99, DATEADD(day, -100, GETDATE()), DATEADD(day, -100, GETDATE()), NULL),
(12, 'Headphones', 'Electronics', 79.99, DATEADD(day, -100, GETDATE()), DATEADD(day, -100, GETDATE()), NULL),
(13, 'Phone Stand', 'Accessories', 79.99, DATEADD(day, -100, GETDATE()), DATEADD(day, -100, GETDATE()), NULL),
(14, 'Cable Organizer', 'Accessories', 59.99, DATEADD(day, -100, GETDATE()), DATEADD(day, -100, GETDATE()), NULL),
(15, 'Ergonomic Keyboard', 'Electronics', 329.99, DATEADD(day, -100, GETDATE()), DATEADD(day, -100, GETDATE()), NULL),
(16, 'Desk Mat', 'Accessories', 24.99, DATEADD(day, -100, GETDATE()), DATEADD(day, -100, GETDATE()), NULL),
(17, 'Sticky Notes', 'Office', 14.99, DATEADD(day, -100, GETDATE()), DATEADD(day, -100, GETDATE()), NULL),
(18, 'Desk Organizer', 'Office', 29.99, DATEADD(day, -100, GETDATE()), DATEADD(day, -100, GETDATE()), NULL),
(19, 'Screen Cleaner', 'Accessories', 19.99, DATEADD(day, -100, GETDATE()), DATEADD(day, -100, GETDATE()), NULL),
(20, 'Laptop Stand', 'Accessories', 89.99, DATEADD(day, -100, GETDATE()), DATEADD(day, -100, GETDATE()), NULL);
{%- endmacro %}


{# ============================================================================
   UTILITIES
   ============================================================================ #}

{%- macro _get_sqlserver_utilities_truncate_shop() -%}
USE jaffle_shop;

-- Truncate in reverse FK order
-- First remove FK constraints, truncate, then re-add
ALTER TABLE dbo.payments NOCHECK CONSTRAINT fk_payments_order;
ALTER TABLE dbo.order_items NOCHECK CONSTRAINT fk_order_items_order;
ALTER TABLE dbo.order_items NOCHECK CONSTRAINT fk_order_items_product;
ALTER TABLE dbo.orders NOCHECK CONSTRAINT fk_orders_customer;

TRUNCATE TABLE dbo.payments;
TRUNCATE TABLE dbo.order_items;
TRUNCATE TABLE dbo.orders;
TRUNCATE TABLE dbo.products;
TRUNCATE TABLE dbo.customers;

-- Re-enable constraints
ALTER TABLE dbo.payments CHECK CONSTRAINT fk_payments_order;
ALTER TABLE dbo.order_items CHECK CONSTRAINT fk_order_items_order;
ALTER TABLE dbo.order_items CHECK CONSTRAINT fk_order_items_product;
ALTER TABLE dbo.orders CHECK CONSTRAINT fk_orders_customer;
{%- endmacro %}

{%- macro _get_sqlserver_utilities_truncate_crm() -%}
USE jaffle_crm;

-- Truncate in reverse FK order
ALTER TABLE dbo.email_activity NOCHECK CONSTRAINT fk_email_activity_campaign;

TRUNCATE TABLE dbo.web_sessions;
TRUNCATE TABLE dbo.email_activity;
TRUNCATE TABLE dbo.campaigns;

-- Re-enable constraints
ALTER TABLE dbo.email_activity CHECK CONSTRAINT fk_email_activity_campaign;
{%- endmacro %}


{# ============================================================================
   GENERATED BASELINE AND DELTA MACROS
   Auto-generated from Databricks macros
   ============================================================================ #}




{# ============================================================================
   GENERATED BASELINE AND DELTA MACROS
   Auto-generated from Databricks macros
   ============================================================================ #}

{%- macro _get_sqlserver_baseline_shop_orders() -%}
USE jaffle_shop;

INSERT INTO dbo.orders (order_id, customer_id, order_date, status, created_at, updated_at, deleted_at) VALUES
(1, 82, DATEADD(day, -15, CAST(GETDATE() AS DATE)), 'pending', DATEADD(day, -15, GETDATE()), DATEADD(day, -15, GETDATE()), NULL),
(2, 36, DATEADD(day, -32, CAST(GETDATE() AS DATE)), 'completed', DATEADD(day, -32, GETDATE()), DATEADD(day, -29, GETDATE()), NULL),
(3, 14, DATEADD(day, -87, CAST(GETDATE() AS DATE)), 'completed', DATEADD(day, -87, GETDATE()), DATEADD(day, -84, GETDATE()), NULL),
(4, 12, DATEADD(day, -76, CAST(GETDATE() AS DATE)), 'completed', DATEADD(day, -76, GETDATE()), DATEADD(day, -75, GETDATE()), NULL),
(5, 12, DATEADD(day, -28, CAST(GETDATE() AS DATE)), 'completed', DATEADD(day, -28, GETDATE()), DATEADD(day, -25, GETDATE()), NULL),
(6, 4, DATEADD(day, -72, CAST(GETDATE() AS DATE)), 'completed', DATEADD(day, -72, GETDATE()), DATEADD(day, -69, GETDATE()), NULL),
(7, 90, DATEADD(day, -70, CAST(GETDATE() AS DATE)), 'completed', DATEADD(day, -70, GETDATE()), DATEADD(day, -68, GETDATE()), NULL),
(8, 76, DATEADD(day, -36, CAST(GETDATE() AS DATE)), 'shipped', DATEADD(day, -36, GETDATE()), DATEADD(day, -35, GETDATE()), NULL),
(9, 98, DATEADD(day, -21, CAST(GETDATE() AS DATE)), 'completed', DATEADD(day, -21, GETDATE()), DATEADD(day, -19, GETDATE()), NULL),
(10, 36, DATEADD(day, -20, CAST(GETDATE() AS DATE)), 'completed', DATEADD(day, -20, GETDATE()), DATEADD(day, -18, GETDATE()), NULL),
(11, 14, DATEADD(day, -12, CAST(GETDATE() AS DATE)), 'completed', DATEADD(day, -12, GETDATE()), DATEADD(day, -10, GETDATE()), NULL),
(12, 45, DATEADD(day, -78, CAST(GETDATE() AS DATE)), 'completed', DATEADD(day, -78, GETDATE()), DATEADD(day, -77, GETDATE()), NULL),
(13, 94, DATEADD(day, -59, CAST(GETDATE() AS DATE)), 'completed', DATEADD(day, -59, GETDATE()), DATEADD(day, -57, GETDATE()), NULL),
(14, 11, DATEADD(day, -71, CAST(GETDATE() AS DATE)), 'completed', DATEADD(day, -71, GETDATE()), DATEADD(day, -68, GETDATE()), NULL),
(15, 80, DATEADD(day, -47, CAST(GETDATE() AS DATE)), 'completed', DATEADD(day, -47, GETDATE()), DATEADD(day, -44, GETDATE()), NULL),
(16, 9, DATEADD(day, -6, CAST(GETDATE() AS DATE)), 'completed', DATEADD(day, -6, GETDATE()), DATEADD(day, -4, GETDATE()), NULL),
(17, 11, DATEADD(day, -30, CAST(GETDATE() AS DATE)), 'shipped', DATEADD(day, -30, GETDATE()), DATEADD(day, -28, GETDATE()), NULL),
(18, 36, DATEADD(day, -59, CAST(GETDATE() AS DATE)), 'completed', DATEADD(day, -59, GETDATE()), DATEADD(day, -57, GETDATE()), NULL),
(19, 21, DATEADD(day, -48, CAST(GETDATE() AS DATE)), 'completed', DATEADD(day, -48, GETDATE()), DATEADD(day, -45, GETDATE()), NULL),
(20, 35, DATEADD(day, -90, CAST(GETDATE() AS DATE)), 'shipped', DATEADD(day, -90, GETDATE()), DATEADD(day, -87, GETDATE()), NULL),
(21, 10, DATEADD(day, -78, CAST(GETDATE() AS DATE)), 'completed', DATEADD(day, -78, GETDATE()), DATEADD(day, -75, GETDATE()), NULL),
(22, 94, DATEADD(day, -32, CAST(GETDATE() AS DATE)), 'completed', DATEADD(day, -32, GETDATE()), DATEADD(day, -30, GETDATE()), NULL),
(23, 35, DATEADD(day, -82, CAST(GETDATE() AS DATE)), 'completed', DATEADD(day, -82, GETDATE()), DATEADD(day, -81, GETDATE()), NULL),
(24, 88, DATEADD(day, -42, CAST(GETDATE() AS DATE)), 'shipped', DATEADD(day, -42, GETDATE()), DATEADD(day, -41, GETDATE()), NULL),
(25, 30, DATEADD(day, -5, CAST(GETDATE() AS DATE)), 'shipped', DATEADD(day, -5, GETDATE()), DATEADD(day, -3, GETDATE()), NULL),
(26, 35, DATEADD(day, -9, CAST(GETDATE() AS DATE)), 'completed', DATEADD(day, -9, GETDATE()), DATEADD(day, -6, GETDATE()), NULL),
(27, 92, DATEADD(day, -41, CAST(GETDATE() AS DATE)), 'completed', DATEADD(day, -41, GETDATE()), DATEADD(day, -39, GETDATE()), NULL),
(28, 51, DATEADD(day, -83, CAST(GETDATE() AS DATE)), 'completed', DATEADD(day, -83, GETDATE()), DATEADD(day, -81, GETDATE()), NULL),
(29, 18, DATEADD(day, -32, CAST(GETDATE() AS DATE)), 'completed', DATEADD(day, -32, GETDATE()), DATEADD(day, -29, GETDATE()), NULL),
(30, 34, DATEADD(day, -75, CAST(GETDATE() AS DATE)), 'completed', DATEADD(day, -75, GETDATE()), DATEADD(day, -72, GETDATE()), NULL),
(31, 52, DATEADD(day, -47, CAST(GETDATE() AS DATE)), 'completed', DATEADD(day, -47, GETDATE()), DATEADD(day, -46, GETDATE()), NULL),
(32, 66, DATEADD(day, -64, CAST(GETDATE() AS DATE)), 'pending', DATEADD(day, -64, GETDATE()), DATEADD(day, -64, GETDATE()), NULL),
(33, 7, DATEADD(day, -15, CAST(GETDATE() AS DATE)), 'completed', DATEADD(day, -15, GETDATE()), DATEADD(day, -14, GETDATE()), NULL),
(34, 88, DATEADD(day, -55, CAST(GETDATE() AS DATE)), 'completed', DATEADD(day, -55, GETDATE()), DATEADD(day, -53, GETDATE()), NULL),
(35, 49, DATEADD(day, -77, CAST(GETDATE() AS DATE)), 'cancelled', DATEADD(day, -77, GETDATE()), DATEADD(day, -76, GETDATE()), NULL),
(36, 68, DATEADD(day, -33, CAST(GETDATE() AS DATE)), 'cancelled', DATEADD(day, -33, GETDATE()), DATEADD(day, -32, GETDATE()), NULL),
(37, 2, DATEADD(day, -88, CAST(GETDATE() AS DATE)), 'completed', DATEADD(day, -88, GETDATE()), DATEADD(day, -85, GETDATE()), NULL),
(38, 69, DATEADD(day, -35, CAST(GETDATE() AS DATE)), 'completed', DATEADD(day, -35, GETDATE()), DATEADD(day, -33, GETDATE()), NULL),
(39, 15, DATEADD(day, -38, CAST(GETDATE() AS DATE)), 'completed', DATEADD(day, -38, GETDATE()), DATEADD(day, -36, GETDATE()), NULL),
(40, 1, DATEADD(day, -34, CAST(GETDATE() AS DATE)), 'cancelled', DATEADD(day, -34, GETDATE()), DATEADD(day, -33, GETDATE()), NULL),
(41, 98, DATEADD(day, -23, CAST(GETDATE() AS DATE)), 'completed', DATEADD(day, -23, GETDATE()), DATEADD(day, -22, GETDATE()), NULL),
(42, 81, DATEADD(day, -39, CAST(GETDATE() AS DATE)), 'shipped', DATEADD(day, -39, GETDATE()), DATEADD(day, -36, GETDATE()), NULL),
(43, 78, DATEADD(day, -26, CAST(GETDATE() AS DATE)), 'completed', DATEADD(day, -26, GETDATE()), DATEADD(day, -25, GETDATE()), NULL),
(44, 70, DATEADD(day, -68, CAST(GETDATE() AS DATE)), 'shipped', DATEADD(day, -68, GETDATE()), DATEADD(day, -65, GETDATE()), NULL),
(45, 42, DATEADD(day, -63, CAST(GETDATE() AS DATE)), 'pending', DATEADD(day, -63, GETDATE()), DATEADD(day, -63, GETDATE()), NULL),
(46, 47, DATEADD(day, -40, CAST(GETDATE() AS DATE)), 'completed', DATEADD(day, -40, GETDATE()), DATEADD(day, -39, GETDATE()), NULL),
(47, 73, DATEADD(day, -11, CAST(GETDATE() AS DATE)), 'pending', DATEADD(day, -11, GETDATE()), DATEADD(day, -11, GETDATE()), NULL),
(48, 63, DATEADD(day, -9, CAST(GETDATE() AS DATE)), 'cancelled', DATEADD(day, -9, GETDATE()), DATEADD(day, -8, GETDATE()), NULL),
(49, 69, DATEADD(day, -17, CAST(GETDATE() AS DATE)), 'completed', DATEADD(day, -17, GETDATE()), DATEADD(day, -15, GETDATE()), NULL),
(50, 71, DATEADD(day, -22, CAST(GETDATE() AS DATE)), 'completed', DATEADD(day, -22, GETDATE()), DATEADD(day, -19, GETDATE()), NULL),
(51, 55, DATEADD(day, -28, CAST(GETDATE() AS DATE)), 'shipped', DATEADD(day, -28, GETDATE()), DATEADD(day, -25, GETDATE()), NULL),
(52, 89, DATEADD(day, -26, CAST(GETDATE() AS DATE)), 'completed', DATEADD(day, -26, GETDATE()), DATEADD(day, -24, GETDATE()), NULL),
(53, 86, DATEADD(day, -84, CAST(GETDATE() AS DATE)), 'completed', DATEADD(day, -84, GETDATE()), DATEADD(day, -81, GETDATE()), NULL),
(54, 58, DATEADD(day, -16, CAST(GETDATE() AS DATE)), 'completed', DATEADD(day, -16, GETDATE()), DATEADD(day, -15, GETDATE()), NULL),
(55, 44, DATEADD(day, -3, CAST(GETDATE() AS DATE)), 'completed', DATEADD(day, -3, GETDATE()), DATEADD(day, -2, GETDATE()), NULL),
(56, 76, DATEADD(day, -29, CAST(GETDATE() AS DATE)), 'pending', DATEADD(day, -29, GETDATE()), DATEADD(day, -29, GETDATE()), NULL),
(57, 91, DATEADD(day, -81, CAST(GETDATE() AS DATE)), 'pending', DATEADD(day, -81, GETDATE()), DATEADD(day, -81, GETDATE()), NULL),
(58, 9, DATEADD(day, -5, CAST(GETDATE() AS DATE)), 'shipped', DATEADD(day, -5, GETDATE()), DATEADD(day, -4, GETDATE()), NULL),
(59, 66, DATEADD(day, -31, CAST(GETDATE() AS DATE)), 'completed', DATEADD(day, -31, GETDATE()), DATEADD(day, -29, GETDATE()), NULL),
(60, 28, DATEADD(day, -70, CAST(GETDATE() AS DATE)), 'completed', DATEADD(day, -70, GETDATE()), DATEADD(day, -67, GETDATE()), NULL),
(61, 74, DATEADD(day, -61, CAST(GETDATE() AS DATE)), 'completed', DATEADD(day, -61, GETDATE()), DATEADD(day, -59, GETDATE()), NULL),
(62, 53, DATEADD(day, -25, CAST(GETDATE() AS DATE)), 'pending', DATEADD(day, -25, GETDATE()), DATEADD(day, -25, GETDATE()), NULL),
(63, 85, DATEADD(day, -56, CAST(GETDATE() AS DATE)), 'completed', DATEADD(day, -56, GETDATE()), DATEADD(day, -54, GETDATE()), NULL),
(64, 60, DATEADD(day, -7, CAST(GETDATE() AS DATE)), 'completed', DATEADD(day, -7, GETDATE()), DATEADD(day, -4, GETDATE()), NULL),
(65, 13, DATEADD(day, -8, CAST(GETDATE() AS DATE)), 'completed', DATEADD(day, -8, GETDATE()), DATEADD(day, -6, GETDATE()), NULL),
(66, 14, DATEADD(day, -32, CAST(GETDATE() AS DATE)), 'completed', DATEADD(day, -32, GETDATE()), DATEADD(day, -29, GETDATE()), NULL),
(67, 58, DATEADD(day, -18, CAST(GETDATE() AS DATE)), 'completed', DATEADD(day, -18, GETDATE()), DATEADD(day, -16, GETDATE()), NULL),
(68, 60, DATEADD(day, -32, CAST(GETDATE() AS DATE)), 'shipped', DATEADD(day, -32, GETDATE()), DATEADD(day, -31, GETDATE()), NULL),
(69, 57, DATEADD(day, -71, CAST(GETDATE() AS DATE)), 'pending', DATEADD(day, -71, GETDATE()), DATEADD(day, -71, GETDATE()), NULL),
(70, 84, DATEADD(day, -70, CAST(GETDATE() AS DATE)), 'shipped', DATEADD(day, -70, GETDATE()), DATEADD(day, -69, GETDATE()), NULL),
(71, 97, DATEADD(day, -31, CAST(GETDATE() AS DATE)), 'completed', DATEADD(day, -31, GETDATE()), DATEADD(day, -29, GETDATE()), NULL),
(72, 62, DATEADD(day, -28, CAST(GETDATE() AS DATE)), 'shipped', DATEADD(day, -28, GETDATE()), DATEADD(day, -27, GETDATE()), NULL),
(73, 22, DATEADD(day, -49, CAST(GETDATE() AS DATE)), 'pending', DATEADD(day, -49, GETDATE()), DATEADD(day, -49, GETDATE()), NULL),
(74, 50, DATEADD(day, -34, CAST(GETDATE() AS DATE)), 'shipped', DATEADD(day, -34, GETDATE()), DATEADD(day, -32, GETDATE()), NULL),
(75, 37, DATEADD(day, -55, CAST(GETDATE() AS DATE)), 'completed', DATEADD(day, -55, GETDATE()), DATEADD(day, -52, GETDATE()), NULL),
(76, 72, DATEADD(day, -85, CAST(GETDATE() AS DATE)), 'completed', DATEADD(day, -85, GETDATE()), DATEADD(day, -84, GETDATE()), NULL),
(77, 25, DATEADD(day, -38, CAST(GETDATE() AS DATE)), 'completed', DATEADD(day, -38, GETDATE()), DATEADD(day, -37, GETDATE()), NULL),
(78, 75, DATEADD(day, -70, CAST(GETDATE() AS DATE)), 'pending', DATEADD(day, -70, GETDATE()), DATEADD(day, -70, GETDATE()), NULL),
(79, 41, DATEADD(day, -8, CAST(GETDATE() AS DATE)), 'pending', DATEADD(day, -8, GETDATE()), DATEADD(day, -8, GETDATE()), NULL),
(80, 62, DATEADD(day, -65, CAST(GETDATE() AS DATE)), 'shipped', DATEADD(day, -65, GETDATE()), DATEADD(day, -62, GETDATE()), NULL),
(81, 21, DATEADD(day, -8, CAST(GETDATE() AS DATE)), 'cancelled', DATEADD(day, -8, GETDATE()), DATEADD(day, -7, GETDATE()), NULL),
(82, 11, DATEADD(day, -24, CAST(GETDATE() AS DATE)), 'pending', DATEADD(day, -24, GETDATE()), DATEADD(day, -24, GETDATE()), NULL),
(83, 9, DATEADD(day, -87, CAST(GETDATE() AS DATE)), 'shipped', DATEADD(day, -87, GETDATE()), DATEADD(day, -85, GETDATE()), NULL),
(84, 16, DATEADD(day, -73, CAST(GETDATE() AS DATE)), 'completed', DATEADD(day, -73, GETDATE()), DATEADD(day, -70, GETDATE()), NULL),
(85, 6, DATEADD(day, -80, CAST(GETDATE() AS DATE)), 'pending', DATEADD(day, -80, GETDATE()), DATEADD(day, -80, GETDATE()), NULL),
(86, 85, DATEADD(day, -75, CAST(GETDATE() AS DATE)), 'completed', DATEADD(day, -75, GETDATE()), DATEADD(day, -73, GETDATE()), NULL),
(87, 34, DATEADD(day, -27, CAST(GETDATE() AS DATE)), 'completed', DATEADD(day, -27, GETDATE()), DATEADD(day, -25, GETDATE()), NULL),
(88, 31, DATEADD(day, -34, CAST(GETDATE() AS DATE)), 'completed', DATEADD(day, -34, GETDATE()), DATEADD(day, -31, GETDATE()), NULL),
(89, 83, DATEADD(day, -39, CAST(GETDATE() AS DATE)), 'completed', DATEADD(day, -39, GETDATE()), DATEADD(day, -38, GETDATE()), NULL),
(90, 2, DATEADD(day, -59, CAST(GETDATE() AS DATE)), 'completed', DATEADD(day, -59, GETDATE()), DATEADD(day, -56, GETDATE()), NULL),
(91, 13, DATEADD(day, -10, CAST(GETDATE() AS DATE)), 'completed', DATEADD(day, -10, GETDATE()), DATEADD(day, -7, GETDATE()), NULL),
(92, 34, DATEADD(day, -17, CAST(GETDATE() AS DATE)), 'shipped', DATEADD(day, -17, GETDATE()), DATEADD(day, -16, GETDATE()), NULL),
(93, 32, DATEADD(day, -48, CAST(GETDATE() AS DATE)), 'completed', DATEADD(day, -48, GETDATE()), DATEADD(day, -46, GETDATE()), NULL),
(94, 70, DATEADD(day, -39, CAST(GETDATE() AS DATE)), 'completed', DATEADD(day, -39, GETDATE()), DATEADD(day, -36, GETDATE()), NULL),
(95, 68, DATEADD(day, -2, CAST(GETDATE() AS DATE)), 'completed', DATEADD(day, -2, GETDATE()), DATEADD(day, -0, GETDATE()), NULL),
(96, 39, DATEADD(day, -85, CAST(GETDATE() AS DATE)), 'completed', DATEADD(day, -85, GETDATE()), DATEADD(day, -84, GETDATE()), NULL),
(97, 34, DATEADD(day, -15, CAST(GETDATE() AS DATE)), 'shipped', DATEADD(day, -15, GETDATE()), DATEADD(day, -12, GETDATE()), NULL),
(98, 71, DATEADD(day, -20, CAST(GETDATE() AS DATE)), 'completed', DATEADD(day, -20, GETDATE()), DATEADD(day, -17, GETDATE()), NULL),
(99, 27, DATEADD(day, -44, CAST(GETDATE() AS DATE)), 'completed', DATEADD(day, -44, GETDATE()), DATEADD(day, -41, GETDATE()), NULL),
(100, 34, DATEADD(day, -65, CAST(GETDATE() AS DATE)), 'completed', DATEADD(day, -65, GETDATE()), DATEADD(day, -64, GETDATE()), NULL),
(101, 12, DATEADD(day, -82, CAST(GETDATE() AS DATE)), 'completed', DATEADD(day, -82, GETDATE()), DATEADD(day, -80, GETDATE()), NULL),
(102, 6, DATEADD(day, -1, CAST(GETDATE() AS DATE)), 'completed', DATEADD(day, -1, GETDATE()), DATEADD(day, -0, GETDATE()), NULL),
(103, 82, DATEADD(day, -34, CAST(GETDATE() AS DATE)), 'completed', DATEADD(day, -34, GETDATE()), DATEADD(day, -32, GETDATE()), NULL),
(104, 71, DATEADD(day, -55, CAST(GETDATE() AS DATE)), 'completed', DATEADD(day, -55, GETDATE()), DATEADD(day, -54, GETDATE()), NULL),
(105, 10, DATEADD(day, -89, CAST(GETDATE() AS DATE)), 'shipped', DATEADD(day, -89, GETDATE()), DATEADD(day, -86, GETDATE()), NULL),
(106, 5, DATEADD(day, -48, CAST(GETDATE() AS DATE)), 'completed', DATEADD(day, -48, GETDATE()), DATEADD(day, -47, GETDATE()), NULL),
(107, 56, DATEADD(day, -17, CAST(GETDATE() AS DATE)), 'pending', DATEADD(day, -17, GETDATE()), DATEADD(day, -17, GETDATE()), NULL),
(108, 47, DATEADD(day, -6, CAST(GETDATE() AS DATE)), 'shipped', DATEADD(day, -6, GETDATE()), DATEADD(day, -5, GETDATE()), NULL),
(109, 88, DATEADD(day, -32, CAST(GETDATE() AS DATE)), 'completed', DATEADD(day, -32, GETDATE()), DATEADD(day, -30, GETDATE()), NULL),
(110, 100, DATEADD(day, -72, CAST(GETDATE() AS DATE)), 'shipped', DATEADD(day, -72, GETDATE()), DATEADD(day, -70, GETDATE()), NULL),
(111, 80, DATEADD(day, -20, CAST(GETDATE() AS DATE)), 'shipped', DATEADD(day, -20, GETDATE()), DATEADD(day, -19, GETDATE()), NULL),
(112, 21, DATEADD(day, -23, CAST(GETDATE() AS DATE)), 'shipped', DATEADD(day, -23, GETDATE()), DATEADD(day, -22, GETDATE()), NULL),
(113, 23, DATEADD(day, -43, CAST(GETDATE() AS DATE)), 'completed', DATEADD(day, -43, GETDATE()), DATEADD(day, -41, GETDATE()), NULL),
(114, 86, DATEADD(day, -32, CAST(GETDATE() AS DATE)), 'completed', DATEADD(day, -32, GETDATE()), DATEADD(day, -29, GETDATE()), NULL),
(115, 14, DATEADD(day, -49, CAST(GETDATE() AS DATE)), 'shipped', DATEADD(day, -49, GETDATE()), DATEADD(day, -47, GETDATE()), NULL),
(116, 29, DATEADD(day, -26, CAST(GETDATE() AS DATE)), 'shipped', DATEADD(day, -26, GETDATE()), DATEADD(day, -24, GETDATE()), NULL),
(117, 45, DATEADD(day, -40, CAST(GETDATE() AS DATE)), 'shipped', DATEADD(day, -40, GETDATE()), DATEADD(day, -39, GETDATE()), NULL),
(118, 29, DATEADD(day, -4, CAST(GETDATE() AS DATE)), 'completed', DATEADD(day, -4, GETDATE()), DATEADD(day, -2, GETDATE()), NULL),
(119, 43, DATEADD(day, -36, CAST(GETDATE() AS DATE)), 'shipped', DATEADD(day, -36, GETDATE()), DATEADD(day, -34, GETDATE()), NULL),
(120, 45, DATEADD(day, -83, CAST(GETDATE() AS DATE)), 'completed', DATEADD(day, -83, GETDATE()), DATEADD(day, -80, GETDATE()), NULL),
(121, 69, DATEADD(day, -43, CAST(GETDATE() AS DATE)), 'shipped', DATEADD(day, -43, GETDATE()), DATEADD(day, -42, GETDATE()), NULL),
(122, 34, DATEADD(day, -23, CAST(GETDATE() AS DATE)), 'completed', DATEADD(day, -23, GETDATE()), DATEADD(day, -21, GETDATE()), NULL),
(123, 5, DATEADD(day, -14, CAST(GETDATE() AS DATE)), 'completed', DATEADD(day, -14, GETDATE()), DATEADD(day, -12, GETDATE()), NULL),
(124, 94, DATEADD(day, -41, CAST(GETDATE() AS DATE)), 'completed', DATEADD(day, -41, GETDATE()), DATEADD(day, -38, GETDATE()), NULL),
(125, 15, DATEADD(day, -50, CAST(GETDATE() AS DATE)), 'shipped', DATEADD(day, -50, GETDATE()), DATEADD(day, -49, GETDATE()), NULL),
(126, 33, DATEADD(day, -6, CAST(GETDATE() AS DATE)), 'completed', DATEADD(day, -6, GETDATE()), DATEADD(day, -5, GETDATE()), NULL),
(127, 67, DATEADD(day, -69, CAST(GETDATE() AS DATE)), 'completed', DATEADD(day, -69, GETDATE()), DATEADD(day, -66, GETDATE()), NULL),
(128, 95, DATEADD(day, -86, CAST(GETDATE() AS DATE)), 'completed', DATEADD(day, -86, GETDATE()), DATEADD(day, -84, GETDATE()), NULL),
(129, 9, DATEADD(day, -86, CAST(GETDATE() AS DATE)), 'shipped', DATEADD(day, -86, GETDATE()), DATEADD(day, -83, GETDATE()), NULL),
(130, 41, DATEADD(day, -85, CAST(GETDATE() AS DATE)), 'shipped', DATEADD(day, -85, GETDATE()), DATEADD(day, -82, GETDATE()), NULL),
(131, 39, DATEADD(day, -65, CAST(GETDATE() AS DATE)), 'completed', DATEADD(day, -65, GETDATE()), DATEADD(day, -63, GETDATE()), NULL),
(132, 42, DATEADD(day, -52, CAST(GETDATE() AS DATE)), 'completed', DATEADD(day, -52, GETDATE()), DATEADD(day, -49, GETDATE()), NULL),
(133, 17, DATEADD(day, -25, CAST(GETDATE() AS DATE)), 'completed', DATEADD(day, -25, GETDATE()), DATEADD(day, -23, GETDATE()), NULL),
(134, 87, DATEADD(day, -23, CAST(GETDATE() AS DATE)), 'completed', DATEADD(day, -23, GETDATE()), DATEADD(day, -21, GETDATE()), NULL),
(135, 52, DATEADD(day, -71, CAST(GETDATE() AS DATE)), 'shipped', DATEADD(day, -71, GETDATE()), DATEADD(day, -69, GETDATE()), NULL),
(136, 37, DATEADD(day, -27, CAST(GETDATE() AS DATE)), 'completed', DATEADD(day, -27, GETDATE()), DATEADD(day, -24, GETDATE()), NULL),
(137, 78, DATEADD(day, -84, CAST(GETDATE() AS DATE)), 'completed', DATEADD(day, -84, GETDATE()), DATEADD(day, -82, GETDATE()), NULL),
(138, 57, DATEADD(day, -87, CAST(GETDATE() AS DATE)), 'completed', DATEADD(day, -87, GETDATE()), DATEADD(day, -85, GETDATE()), NULL),
(139, 95, DATEADD(day, -22, CAST(GETDATE() AS DATE)), 'completed', DATEADD(day, -22, GETDATE()), DATEADD(day, -20, GETDATE()), NULL),
(140, 66, DATEADD(day, -85, CAST(GETDATE() AS DATE)), 'completed', DATEADD(day, -85, GETDATE()), DATEADD(day, -83, GETDATE()), NULL),
(141, 12, DATEADD(day, -31, CAST(GETDATE() AS DATE)), 'completed', DATEADD(day, -31, GETDATE()), DATEADD(day, -30, GETDATE()), NULL),
(142, 26, DATEADD(day, -19, CAST(GETDATE() AS DATE)), 'pending', DATEADD(day, -19, GETDATE()), DATEADD(day, -19, GETDATE()), NULL),
(143, 32, DATEADD(day, -61, CAST(GETDATE() AS DATE)), 'completed', DATEADD(day, -61, GETDATE()), DATEADD(day, -60, GETDATE()), NULL),
(144, 59, DATEADD(day, -54, CAST(GETDATE() AS DATE)), 'shipped', DATEADD(day, -54, GETDATE()), DATEADD(day, -51, GETDATE()), NULL),
(145, 25, DATEADD(day, -90, CAST(GETDATE() AS DATE)), 'completed', DATEADD(day, -90, GETDATE()), DATEADD(day, -88, GETDATE()), NULL),
(146, 32, DATEADD(day, -19, CAST(GETDATE() AS DATE)), 'completed', DATEADD(day, -19, GETDATE()), DATEADD(day, -18, GETDATE()), NULL),
(147, 97, DATEADD(day, -14, CAST(GETDATE() AS DATE)), 'completed', DATEADD(day, -14, GETDATE()), DATEADD(day, -13, GETDATE()), NULL),
(148, 23, DATEADD(day, -90, CAST(GETDATE() AS DATE)), 'completed', DATEADD(day, -90, GETDATE()), DATEADD(day, -89, GETDATE()), NULL),
(149, 72, DATEADD(day, -32, CAST(GETDATE() AS DATE)), 'shipped', DATEADD(day, -32, GETDATE()), DATEADD(day, -31, GETDATE()), NULL),
(150, 59, DATEADD(day, -18, CAST(GETDATE() AS DATE)), 'shipped', DATEADD(day, -18, GETDATE()), DATEADD(day, -15, GETDATE()), NULL),
(151, 68, DATEADD(day, -72, CAST(GETDATE() AS DATE)), 'completed', DATEADD(day, -72, GETDATE()), DATEADD(day, -70, GETDATE()), NULL),
(152, 79, DATEADD(day, -65, CAST(GETDATE() AS DATE)), 'completed', DATEADD(day, -65, GETDATE()), DATEADD(day, -62, GETDATE()), NULL),
(153, 58, DATEADD(day, -21, CAST(GETDATE() AS DATE)), 'completed', DATEADD(day, -21, GETDATE()), DATEADD(day, -19, GETDATE()), NULL),
(154, 58, DATEADD(day, -34, CAST(GETDATE() AS DATE)), 'completed', DATEADD(day, -34, GETDATE()), DATEADD(day, -31, GETDATE()), NULL),
(155, 36, DATEADD(day, -67, CAST(GETDATE() AS DATE)), 'completed', DATEADD(day, -67, GETDATE()), DATEADD(day, -66, GETDATE()), NULL),
(156, 36, DATEADD(day, -57, CAST(GETDATE() AS DATE)), 'pending', DATEADD(day, -57, GETDATE()), DATEADD(day, -57, GETDATE()), NULL),
(157, 37, DATEADD(day, -31, CAST(GETDATE() AS DATE)), 'completed', DATEADD(day, -31, GETDATE()), DATEADD(day, -29, GETDATE()), NULL),
(158, 70, DATEADD(day, -11, CAST(GETDATE() AS DATE)), 'completed', DATEADD(day, -11, GETDATE()), DATEADD(day, -10, GETDATE()), NULL),
(159, 50, DATEADD(day, -89, CAST(GETDATE() AS DATE)), 'completed', DATEADD(day, -89, GETDATE()), DATEADD(day, -88, GETDATE()), NULL),
(160, 9, DATEADD(day, -54, CAST(GETDATE() AS DATE)), 'completed', DATEADD(day, -54, GETDATE()), DATEADD(day, -51, GETDATE()), NULL),
(161, 60, DATEADD(day, -54, CAST(GETDATE() AS DATE)), 'pending', DATEADD(day, -54, GETDATE()), DATEADD(day, -54, GETDATE()), NULL),
(162, 54, DATEADD(day, -50, CAST(GETDATE() AS DATE)), 'shipped', DATEADD(day, -50, GETDATE()), DATEADD(day, -47, GETDATE()), NULL),
(163, 90, DATEADD(day, -3, CAST(GETDATE() AS DATE)), 'shipped', DATEADD(day, -3, GETDATE()), DATEADD(day, -0, GETDATE()), NULL),
(164, 49, DATEADD(day, -62, CAST(GETDATE() AS DATE)), 'pending', DATEADD(day, -62, GETDATE()), DATEADD(day, -62, GETDATE()), NULL),
(165, 46, DATEADD(day, -39, CAST(GETDATE() AS DATE)), 'completed', DATEADD(day, -39, GETDATE()), DATEADD(day, -37, GETDATE()), NULL),
(166, 69, DATEADD(day, -70, CAST(GETDATE() AS DATE)), 'completed', DATEADD(day, -70, GETDATE()), DATEADD(day, -69, GETDATE()), NULL),
(167, 63, DATEADD(day, -29, CAST(GETDATE() AS DATE)), 'completed', DATEADD(day, -29, GETDATE()), DATEADD(day, -27, GETDATE()), NULL),
(168, 4, DATEADD(day, -50, CAST(GETDATE() AS DATE)), 'completed', DATEADD(day, -50, GETDATE()), DATEADD(day, -47, GETDATE()), NULL),
(169, 52, DATEADD(day, -22, CAST(GETDATE() AS DATE)), 'shipped', DATEADD(day, -22, GETDATE()), DATEADD(day, -21, GETDATE()), NULL),
(170, 80, DATEADD(day, -69, CAST(GETDATE() AS DATE)), 'pending', DATEADD(day, -69, GETDATE()), DATEADD(day, -69, GETDATE()), NULL),
(171, 51, DATEADD(day, -76, CAST(GETDATE() AS DATE)), 'completed', DATEADD(day, -76, GETDATE()), DATEADD(day, -75, GETDATE()), NULL),
(172, 11, DATEADD(day, -83, CAST(GETDATE() AS DATE)), 'completed', DATEADD(day, -83, GETDATE()), DATEADD(day, -81, GETDATE()), NULL),
(173, 24, DATEADD(day, -7, CAST(GETDATE() AS DATE)), 'completed', DATEADD(day, -7, GETDATE()), DATEADD(day, -5, GETDATE()), NULL),
(174, 28, DATEADD(day, -59, CAST(GETDATE() AS DATE)), 'completed', DATEADD(day, -59, GETDATE()), DATEADD(day, -57, GETDATE()), NULL),
(175, 36, DATEADD(day, -54, CAST(GETDATE() AS DATE)), 'completed', DATEADD(day, -54, GETDATE()), DATEADD(day, -53, GETDATE()), NULL),
(176, 61, DATEADD(day, -3, CAST(GETDATE() AS DATE)), 'completed', DATEADD(day, -3, GETDATE()), DATEADD(day, -2, GETDATE()), NULL),
(177, 45, DATEADD(day, -29, CAST(GETDATE() AS DATE)), 'completed', DATEADD(day, -29, GETDATE()), DATEADD(day, -26, GETDATE()), NULL),
(178, 6, DATEADD(day, -4, CAST(GETDATE() AS DATE)), 'shipped', DATEADD(day, -4, GETDATE()), DATEADD(day, -3, GETDATE()), NULL),
(179, 3, DATEADD(day, -80, CAST(GETDATE() AS DATE)), 'completed', DATEADD(day, -80, GETDATE()), DATEADD(day, -79, GETDATE()), NULL),
(180, 61, DATEADD(day, -86, CAST(GETDATE() AS DATE)), 'completed', DATEADD(day, -86, GETDATE()), DATEADD(day, -85, GETDATE()), NULL),
(181, 60, DATEADD(day, -90, CAST(GETDATE() AS DATE)), 'completed', DATEADD(day, -90, GETDATE()), DATEADD(day, -88, GETDATE()), NULL),
(182, 22, DATEADD(day, -78, CAST(GETDATE() AS DATE)), 'completed', DATEADD(day, -78, GETDATE()), DATEADD(day, -75, GETDATE()), NULL),
(183, 92, DATEADD(day, -15, CAST(GETDATE() AS DATE)), 'completed', DATEADD(day, -15, GETDATE()), DATEADD(day, -14, GETDATE()), NULL),
(184, 40, DATEADD(day, -14, CAST(GETDATE() AS DATE)), 'completed', DATEADD(day, -14, GETDATE()), DATEADD(day, -12, GETDATE()), NULL),
(185, 74, DATEADD(day, -87, CAST(GETDATE() AS DATE)), 'shipped', DATEADD(day, -87, GETDATE()), DATEADD(day, -85, GETDATE()), NULL),
(186, 51, DATEADD(day, -26, CAST(GETDATE() AS DATE)), 'pending', DATEADD(day, -26, GETDATE()), DATEADD(day, -26, GETDATE()), NULL),
(187, 89, DATEADD(day, -81, CAST(GETDATE() AS DATE)), 'completed', DATEADD(day, -81, GETDATE()), DATEADD(day, -78, GETDATE()), NULL),
(188, 99, DATEADD(day, -39, CAST(GETDATE() AS DATE)), 'shipped', DATEADD(day, -39, GETDATE()), DATEADD(day, -36, GETDATE()), NULL),
(189, 16, DATEADD(day, -73, CAST(GETDATE() AS DATE)), 'completed', DATEADD(day, -73, GETDATE()), DATEADD(day, -71, GETDATE()), NULL),
(190, 69, DATEADD(day, -55, CAST(GETDATE() AS DATE)), 'completed', DATEADD(day, -55, GETDATE()), DATEADD(day, -54, GETDATE()), NULL),
(191, 65, DATEADD(day, -83, CAST(GETDATE() AS DATE)), 'completed', DATEADD(day, -83, GETDATE()), DATEADD(day, -81, GETDATE()), NULL),
(192, 63, DATEADD(day, -14, CAST(GETDATE() AS DATE)), 'completed', DATEADD(day, -14, GETDATE()), DATEADD(day, -12, GETDATE()), NULL),
(193, 82, DATEADD(day, -59, CAST(GETDATE() AS DATE)), 'completed', DATEADD(day, -59, GETDATE()), DATEADD(day, -57, GETDATE()), NULL),
(194, 23, DATEADD(day, -67, CAST(GETDATE() AS DATE)), 'cancelled', DATEADD(day, -67, GETDATE()), DATEADD(day, -66, GETDATE()), NULL),
(195, 35, DATEADD(day, -79, CAST(GETDATE() AS DATE)), 'shipped', DATEADD(day, -79, GETDATE()), DATEADD(day, -76, GETDATE()), NULL),
(196, 100, DATEADD(day, -62, CAST(GETDATE() AS DATE)), 'completed', DATEADD(day, -62, GETDATE()), DATEADD(day, -59, GETDATE()), NULL),
(197, 76, DATEADD(day, -35, CAST(GETDATE() AS DATE)), 'completed', DATEADD(day, -35, GETDATE()), DATEADD(day, -34, GETDATE()), NULL),
(198, 12, DATEADD(day, -36, CAST(GETDATE() AS DATE)), 'shipped', DATEADD(day, -36, GETDATE()), DATEADD(day, -35, GETDATE()), NULL),
(199, 97, DATEADD(day, -60, CAST(GETDATE() AS DATE)), 'completed', DATEADD(day, -60, GETDATE()), DATEADD(day, -57, GETDATE()), NULL),
(200, 49, DATEADD(day, -44, CAST(GETDATE() AS DATE)), 'pending', DATEADD(day, -44, GETDATE()), DATEADD(day, -44, GETDATE()), NULL),
(201, 42, DATEADD(day, -24, CAST(GETDATE() AS DATE)), 'completed', DATEADD(day, -24, GETDATE()), DATEADD(day, -22, GETDATE()), NULL),
(202, 34, DATEADD(day, -44, CAST(GETDATE() AS DATE)), 'completed', DATEADD(day, -44, GETDATE()), DATEADD(day, -41, GETDATE()), NULL),
(203, 90, DATEADD(day, -36, CAST(GETDATE() AS DATE)), 'completed', DATEADD(day, -36, GETDATE()), DATEADD(day, -33, GETDATE()), NULL),
(204, 25, DATEADD(day, -11, CAST(GETDATE() AS DATE)), 'completed', DATEADD(day, -11, GETDATE()), DATEADD(day, -9, GETDATE()), NULL),
(205, 63, DATEADD(day, -72, CAST(GETDATE() AS DATE)), 'completed', DATEADD(day, -72, GETDATE()), DATEADD(day, -69, GETDATE()), NULL),
(206, 61, DATEADD(day, -83, CAST(GETDATE() AS DATE)), 'completed', DATEADD(day, -83, GETDATE()), DATEADD(day, -81, GETDATE()), NULL),
(207, 3, DATEADD(day, -12, CAST(GETDATE() AS DATE)), 'completed', DATEADD(day, -12, GETDATE()), DATEADD(day, -10, GETDATE()), NULL),
(208, 89, DATEADD(day, -32, CAST(GETDATE() AS DATE)), 'completed', DATEADD(day, -32, GETDATE()), DATEADD(day, -29, GETDATE()), NULL),
(209, 48, DATEADD(day, -61, CAST(GETDATE() AS DATE)), 'completed', DATEADD(day, -61, GETDATE()), DATEADD(day, -59, GETDATE()), NULL),
(210, 55, DATEADD(day, -71, CAST(GETDATE() AS DATE)), 'completed', DATEADD(day, -71, GETDATE()), DATEADD(day, -68, GETDATE()), NULL),
(211, 59, DATEADD(day, -35, CAST(GETDATE() AS DATE)), 'completed', DATEADD(day, -35, GETDATE()), DATEADD(day, -34, GETDATE()), NULL),
(212, 16, DATEADD(day, -25, CAST(GETDATE() AS DATE)), 'completed', DATEADD(day, -25, GETDATE()), DATEADD(day, -22, GETDATE()), NULL),
(213, 69, DATEADD(day, -89, CAST(GETDATE() AS DATE)), 'completed', DATEADD(day, -89, GETDATE()), DATEADD(day, -88, GETDATE()), NULL),
(214, 95, DATEADD(day, -62, CAST(GETDATE() AS DATE)), 'completed', DATEADD(day, -62, GETDATE()), DATEADD(day, -59, GETDATE()), NULL),
(215, 98, DATEADD(day, -68, CAST(GETDATE() AS DATE)), 'completed', DATEADD(day, -68, GETDATE()), DATEADD(day, -67, GETDATE()), NULL),
(216, 25, DATEADD(day, -38, CAST(GETDATE() AS DATE)), 'completed', DATEADD(day, -38, GETDATE()), DATEADD(day, -37, GETDATE()), NULL),
(217, 39, DATEADD(day, -2, CAST(GETDATE() AS DATE)), 'completed', DATEADD(day, -2, GETDATE()), DATEADD(day, -1, GETDATE()), NULL),
(218, 36, DATEADD(day, -6, CAST(GETDATE() AS DATE)), 'cancelled', DATEADD(day, -6, GETDATE()), DATEADD(day, -5, GETDATE()), NULL),
(219, 71, DATEADD(day, -38, CAST(GETDATE() AS DATE)), 'completed', DATEADD(day, -38, GETDATE()), DATEADD(day, -37, GETDATE()), NULL),
(220, 82, DATEADD(day, -63, CAST(GETDATE() AS DATE)), 'completed', DATEADD(day, -63, GETDATE()), DATEADD(day, -62, GETDATE()), NULL),
(221, 74, DATEADD(day, -37, CAST(GETDATE() AS DATE)), 'completed', DATEADD(day, -37, GETDATE()), DATEADD(day, -35, GETDATE()), NULL),
(222, 44, DATEADD(day, -24, CAST(GETDATE() AS DATE)), 'cancelled', DATEADD(day, -24, GETDATE()), DATEADD(day, -23, GETDATE()), NULL),
(223, 33, DATEADD(day, -62, CAST(GETDATE() AS DATE)), 'completed', DATEADD(day, -62, GETDATE()), DATEADD(day, -61, GETDATE()), NULL),
(224, 52, DATEADD(day, -63, CAST(GETDATE() AS DATE)), 'pending', DATEADD(day, -63, GETDATE()), DATEADD(day, -63, GETDATE()), NULL),
(225, 81, DATEADD(day, -88, CAST(GETDATE() AS DATE)), 'pending', DATEADD(day, -88, GETDATE()), DATEADD(day, -88, GETDATE()), NULL),
(226, 20, DATEADD(day, -73, CAST(GETDATE() AS DATE)), 'shipped', DATEADD(day, -73, GETDATE()), DATEADD(day, -72, GETDATE()), NULL),
(227, 32, DATEADD(day, -16, CAST(GETDATE() AS DATE)), 'completed', DATEADD(day, -16, GETDATE()), DATEADD(day, -14, GETDATE()), NULL),
(228, 78, DATEADD(day, -77, CAST(GETDATE() AS DATE)), 'completed', DATEADD(day, -77, GETDATE()), DATEADD(day, -76, GETDATE()), NULL),
(229, 100, DATEADD(day, -67, CAST(GETDATE() AS DATE)), 'completed', DATEADD(day, -67, GETDATE()), DATEADD(day, -65, GETDATE()), NULL),
(230, 39, DATEADD(day, -76, CAST(GETDATE() AS DATE)), 'cancelled', DATEADD(day, -76, GETDATE()), DATEADD(day, -75, GETDATE()), NULL),
(231, 40, DATEADD(day, -73, CAST(GETDATE() AS DATE)), 'completed', DATEADD(day, -73, GETDATE()), DATEADD(day, -70, GETDATE()), NULL),
(232, 95, DATEADD(day, -13, CAST(GETDATE() AS DATE)), 'shipped', DATEADD(day, -13, GETDATE()), DATEADD(day, -12, GETDATE()), NULL),
(233, 81, DATEADD(day, -28, CAST(GETDATE() AS DATE)), 'completed', DATEADD(day, -28, GETDATE()), DATEADD(day, -27, GETDATE()), NULL),
(234, 21, DATEADD(day, -31, CAST(GETDATE() AS DATE)), 'completed', DATEADD(day, -31, GETDATE()), DATEADD(day, -30, GETDATE()), NULL),
(235, 21, DATEADD(day, -1, CAST(GETDATE() AS DATE)), 'completed', DATEADD(day, -1, GETDATE()), DATEADD(day, -0, GETDATE()), NULL),
(236, 77, DATEADD(day, -61, CAST(GETDATE() AS DATE)), 'completed', DATEADD(day, -61, GETDATE()), DATEADD(day, -60, GETDATE()), NULL),
(237, 37, DATEADD(day, -37, CAST(GETDATE() AS DATE)), 'completed', DATEADD(day, -37, GETDATE()), DATEADD(day, -35, GETDATE()), NULL),
(238, 10, DATEADD(day, -88, CAST(GETDATE() AS DATE)), 'completed', DATEADD(day, -88, GETDATE()), DATEADD(day, -86, GETDATE()), NULL),
(239, 81, DATEADD(day, -76, CAST(GETDATE() AS DATE)), 'completed', DATEADD(day, -76, GETDATE()), DATEADD(day, -75, GETDATE()), NULL),
(240, 55, DATEADD(day, -15, CAST(GETDATE() AS DATE)), 'completed', DATEADD(day, -15, GETDATE()), DATEADD(day, -12, GETDATE()), NULL),
(241, 20, DATEADD(day, -35, CAST(GETDATE() AS DATE)), 'shipped', DATEADD(day, -35, GETDATE()), DATEADD(day, -34, GETDATE()), NULL),
(242, 8, DATEADD(day, -22, CAST(GETDATE() AS DATE)), 'completed', DATEADD(day, -22, GETDATE()), DATEADD(day, -19, GETDATE()), NULL),
(243, 96, DATEADD(day, -73, CAST(GETDATE() AS DATE)), 'shipped', DATEADD(day, -73, GETDATE()), DATEADD(day, -71, GETDATE()), NULL),
(244, 16, DATEADD(day, -60, CAST(GETDATE() AS DATE)), 'completed', DATEADD(day, -60, GETDATE()), DATEADD(day, -57, GETDATE()), NULL),
(245, 52, DATEADD(day, -35, CAST(GETDATE() AS DATE)), 'completed', DATEADD(day, -35, GETDATE()), DATEADD(day, -33, GETDATE()), NULL),
(246, 57, DATEADD(day, -11, CAST(GETDATE() AS DATE)), 'completed', DATEADD(day, -11, GETDATE()), DATEADD(day, -9, GETDATE()), NULL),
(247, 95, DATEADD(day, -42, CAST(GETDATE() AS DATE)), 'completed', DATEADD(day, -42, GETDATE()), DATEADD(day, -41, GETDATE()), NULL),
(248, 12, DATEADD(day, -30, CAST(GETDATE() AS DATE)), 'cancelled', DATEADD(day, -30, GETDATE()), DATEADD(day, -29, GETDATE()), NULL),
(249, 74, DATEADD(day, -76, CAST(GETDATE() AS DATE)), 'cancelled', DATEADD(day, -76, GETDATE()), DATEADD(day, -75, GETDATE()), NULL),
(250, 98, DATEADD(day, -87, CAST(GETDATE() AS DATE)), 'shipped', DATEADD(day, -87, GETDATE()), DATEADD(day, -84, GETDATE()), NULL),
(251, 6, DATEADD(day, -23, CAST(GETDATE() AS DATE)), 'completed', DATEADD(day, -23, GETDATE()), DATEADD(day, -20, GETDATE()), NULL),
(252, 57, DATEADD(day, -36, CAST(GETDATE() AS DATE)), 'completed', DATEADD(day, -36, GETDATE()), DATEADD(day, -33, GETDATE()), NULL),
(253, 56, DATEADD(day, -82, CAST(GETDATE() AS DATE)), 'shipped', DATEADD(day, -82, GETDATE()), DATEADD(day, -81, GETDATE()), NULL),
(254, 61, DATEADD(day, -45, CAST(GETDATE() AS DATE)), 'completed', DATEADD(day, -45, GETDATE()), DATEADD(day, -43, GETDATE()), NULL),
(255, 86, DATEADD(day, -14, CAST(GETDATE() AS DATE)), 'shipped', DATEADD(day, -14, GETDATE()), DATEADD(day, -12, GETDATE()), NULL),
(256, 53, DATEADD(day, -89, CAST(GETDATE() AS DATE)), 'completed', DATEADD(day, -89, GETDATE()), DATEADD(day, -86, GETDATE()), NULL),
(257, 52, DATEADD(day, -71, CAST(GETDATE() AS DATE)), 'pending', DATEADD(day, -71, GETDATE()), DATEADD(day, -71, GETDATE()), NULL),
(258, 12, DATEADD(day, -41, CAST(GETDATE() AS DATE)), 'completed', DATEADD(day, -41, GETDATE()), DATEADD(day, -40, GETDATE()), NULL),
(259, 99, DATEADD(day, -52, CAST(GETDATE() AS DATE)), 'shipped', DATEADD(day, -52, GETDATE()), DATEADD(day, -51, GETDATE()), NULL),
(260, 85, DATEADD(day, -70, CAST(GETDATE() AS DATE)), 'completed', DATEADD(day, -70, GETDATE()), DATEADD(day, -69, GETDATE()), NULL),
(261, 25, DATEADD(day, -67, CAST(GETDATE() AS DATE)), 'completed', DATEADD(day, -67, GETDATE()), DATEADD(day, -65, GETDATE()), NULL),
(262, 81, DATEADD(day, -57, CAST(GETDATE() AS DATE)), 'completed', DATEADD(day, -57, GETDATE()), DATEADD(day, -56, GETDATE()), NULL),
(263, 35, DATEADD(day, -71, CAST(GETDATE() AS DATE)), 'completed', DATEADD(day, -71, GETDATE()), DATEADD(day, -69, GETDATE()), NULL),
(264, 57, DATEADD(day, -90, CAST(GETDATE() AS DATE)), 'completed', DATEADD(day, -90, GETDATE()), DATEADD(day, -89, GETDATE()), NULL),
(265, 81, DATEADD(day, -78, CAST(GETDATE() AS DATE)), 'completed', DATEADD(day, -78, GETDATE()), DATEADD(day, -75, GETDATE()), NULL),
(266, 21, DATEADD(day, -40, CAST(GETDATE() AS DATE)), 'completed', DATEADD(day, -40, GETDATE()), DATEADD(day, -37, GETDATE()), NULL),
(267, 53, DATEADD(day, -12, CAST(GETDATE() AS DATE)), 'completed', DATEADD(day, -12, GETDATE()), DATEADD(day, -11, GETDATE()), NULL),
(268, 60, DATEADD(day, -16, CAST(GETDATE() AS DATE)), 'completed', DATEADD(day, -16, GETDATE()), DATEADD(day, -15, GETDATE()), NULL),
(269, 64, DATEADD(day, -38, CAST(GETDATE() AS DATE)), 'completed', DATEADD(day, -38, GETDATE()), DATEADD(day, -36, GETDATE()), NULL),
(270, 54, DATEADD(day, -62, CAST(GETDATE() AS DATE)), 'cancelled', DATEADD(day, -62, GETDATE()), DATEADD(day, -61, GETDATE()), NULL),
(271, 32, DATEADD(day, -59, CAST(GETDATE() AS DATE)), 'completed', DATEADD(day, -59, GETDATE()), DATEADD(day, -57, GETDATE()), NULL),
(272, 25, DATEADD(day, -77, CAST(GETDATE() AS DATE)), 'completed', DATEADD(day, -77, GETDATE()), DATEADD(day, -76, GETDATE()), NULL),
(273, 9, DATEADD(day, -36, CAST(GETDATE() AS DATE)), 'completed', DATEADD(day, -36, GETDATE()), DATEADD(day, -34, GETDATE()), NULL),
(274, 44, DATEADD(day, -65, CAST(GETDATE() AS DATE)), 'completed', DATEADD(day, -65, GETDATE()), DATEADD(day, -64, GETDATE()), NULL),
(275, 37, DATEADD(day, -39, CAST(GETDATE() AS DATE)), 'shipped', DATEADD(day, -39, GETDATE()), DATEADD(day, -36, GETDATE()), NULL),
(276, 85, DATEADD(day, -63, CAST(GETDATE() AS DATE)), 'shipped', DATEADD(day, -63, GETDATE()), DATEADD(day, -61, GETDATE()), NULL),
(277, 69, DATEADD(day, -62, CAST(GETDATE() AS DATE)), 'completed', DATEADD(day, -62, GETDATE()), DATEADD(day, -59, GETDATE()), NULL),
(278, 98, DATEADD(day, -70, CAST(GETDATE() AS DATE)), 'completed', DATEADD(day, -70, GETDATE()), DATEADD(day, -68, GETDATE()), NULL),
(279, 25, DATEADD(day, -90, CAST(GETDATE() AS DATE)), 'completed', DATEADD(day, -90, GETDATE()), DATEADD(day, -88, GETDATE()), NULL),
(280, 30, DATEADD(day, -53, CAST(GETDATE() AS DATE)), 'pending', DATEADD(day, -53, GETDATE()), DATEADD(day, -53, GETDATE()), NULL),
(281, 96, DATEADD(day, -61, CAST(GETDATE() AS DATE)), 'completed', DATEADD(day, -61, GETDATE()), DATEADD(day, -59, GETDATE()), NULL),
(282, 50, DATEADD(day, -85, CAST(GETDATE() AS DATE)), 'completed', DATEADD(day, -85, GETDATE()), DATEADD(day, -82, GETDATE()), NULL),
(283, 20, DATEADD(day, -64, CAST(GETDATE() AS DATE)), 'cancelled', DATEADD(day, -64, GETDATE()), DATEADD(day, -63, GETDATE()), NULL),
(284, 17, DATEADD(day, -65, CAST(GETDATE() AS DATE)), 'cancelled', DATEADD(day, -65, GETDATE()), DATEADD(day, -64, GETDATE()), NULL),
(285, 43, DATEADD(day, -13, CAST(GETDATE() AS DATE)), 'shipped', DATEADD(day, -13, GETDATE()), DATEADD(day, -11, GETDATE()), NULL),
(286, 13, DATEADD(day, -68, CAST(GETDATE() AS DATE)), 'shipped', DATEADD(day, -68, GETDATE()), DATEADD(day, -67, GETDATE()), NULL),
(287, 93, DATEADD(day, -19, CAST(GETDATE() AS DATE)), 'completed', DATEADD(day, -19, GETDATE()), DATEADD(day, -16, GETDATE()), NULL),
(288, 20, DATEADD(day, -10, CAST(GETDATE() AS DATE)), 'completed', DATEADD(day, -10, GETDATE()), DATEADD(day, -8, GETDATE()), NULL),
(289, 44, DATEADD(day, -80, CAST(GETDATE() AS DATE)), 'completed', DATEADD(day, -80, GETDATE()), DATEADD(day, -77, GETDATE()), NULL),
(290, 11, DATEADD(day, -43, CAST(GETDATE() AS DATE)), 'shipped', DATEADD(day, -43, GETDATE()), DATEADD(day, -40, GETDATE()), NULL),
(291, 49, DATEADD(day, -41, CAST(GETDATE() AS DATE)), 'completed', DATEADD(day, -41, GETDATE()), DATEADD(day, -39, GETDATE()), NULL),
(292, 70, DATEADD(day, -5, CAST(GETDATE() AS DATE)), 'completed', DATEADD(day, -5, GETDATE()), DATEADD(day, -4, GETDATE()), NULL),
(293, 81, DATEADD(day, -88, CAST(GETDATE() AS DATE)), 'shipped', DATEADD(day, -88, GETDATE()), DATEADD(day, -87, GETDATE()), NULL),
(294, 96, DATEADD(day, -12, CAST(GETDATE() AS DATE)), 'completed', DATEADD(day, -12, GETDATE()), DATEADD(day, -11, GETDATE()), NULL),
(295, 98, DATEADD(day, -82, CAST(GETDATE() AS DATE)), 'completed', DATEADD(day, -82, GETDATE()), DATEADD(day, -81, GETDATE()), NULL),
(296, 57, DATEADD(day, -22, CAST(GETDATE() AS DATE)), 'completed', DATEADD(day, -22, GETDATE()), DATEADD(day, -21, GETDATE()), NULL),
(297, 6, DATEADD(day, -42, CAST(GETDATE() AS DATE)), 'completed', DATEADD(day, -42, GETDATE()), DATEADD(day, -40, GETDATE()), NULL),
(298, 46, DATEADD(day, -48, CAST(GETDATE() AS DATE)), 'completed', DATEADD(day, -48, GETDATE()), DATEADD(day, -47, GETDATE()), NULL),
(299, 68, DATEADD(day, -53, CAST(GETDATE() AS DATE)), 'completed', DATEADD(day, -53, GETDATE()), DATEADD(day, -52, GETDATE()), NULL),
(300, 22, DATEADD(day, -23, CAST(GETDATE() AS DATE)), 'pending', DATEADD(day, -23, GETDATE()), DATEADD(day, -23, GETDATE()), NULL),
(301, 49, DATEADD(day, -80, CAST(GETDATE() AS DATE)), 'completed', DATEADD(day, -80, GETDATE()), DATEADD(day, -78, GETDATE()), NULL),
(302, 75, DATEADD(day, -19, CAST(GETDATE() AS DATE)), 'completed', DATEADD(day, -19, GETDATE()), DATEADD(day, -16, GETDATE()), NULL),
(303, 33, DATEADD(day, -59, CAST(GETDATE() AS DATE)), 'completed', DATEADD(day, -59, GETDATE()), DATEADD(day, -58, GETDATE()), NULL),
(304, 60, DATEADD(day, -37, CAST(GETDATE() AS DATE)), 'completed', DATEADD(day, -37, GETDATE()), DATEADD(day, -36, GETDATE()), NULL),
(305, 10, DATEADD(day, -57, CAST(GETDATE() AS DATE)), 'shipped', DATEADD(day, -57, GETDATE()), DATEADD(day, -54, GETDATE()), NULL),
(306, 39, DATEADD(day, -82, CAST(GETDATE() AS DATE)), 'cancelled', DATEADD(day, -82, GETDATE()), DATEADD(day, -81, GETDATE()), NULL),
(307, 89, DATEADD(day, -33, CAST(GETDATE() AS DATE)), 'completed', DATEADD(day, -33, GETDATE()), DATEADD(day, -31, GETDATE()), NULL),
(308, 26, DATEADD(day, -50, CAST(GETDATE() AS DATE)), 'shipped', DATEADD(day, -50, GETDATE()), DATEADD(day, -49, GETDATE()), NULL),
(309, 31, DATEADD(day, -49, CAST(GETDATE() AS DATE)), 'completed', DATEADD(day, -49, GETDATE()), DATEADD(day, -46, GETDATE()), NULL),
(310, 38, DATEADD(day, -90, CAST(GETDATE() AS DATE)), 'completed', DATEADD(day, -90, GETDATE()), DATEADD(day, -87, GETDATE()), NULL),
(311, 51, DATEADD(day, -36, CAST(GETDATE() AS DATE)), 'pending', DATEADD(day, -36, GETDATE()), DATEADD(day, -36, GETDATE()), NULL),
(312, 88, DATEADD(day, -7, CAST(GETDATE() AS DATE)), 'shipped', DATEADD(day, -7, GETDATE()), DATEADD(day, -4, GETDATE()), NULL),
(313, 64, DATEADD(day, -37, CAST(GETDATE() AS DATE)), 'completed', DATEADD(day, -37, GETDATE()), DATEADD(day, -36, GETDATE()), NULL),
(314, 78, DATEADD(day, -46, CAST(GETDATE() AS DATE)), 'completed', DATEADD(day, -46, GETDATE()), DATEADD(day, -45, GETDATE()), NULL),
(315, 80, DATEADD(day, -33, CAST(GETDATE() AS DATE)), 'completed', DATEADD(day, -33, GETDATE()), DATEADD(day, -30, GETDATE()), NULL),
(316, 99, DATEADD(day, -85, CAST(GETDATE() AS DATE)), 'completed', DATEADD(day, -85, GETDATE()), DATEADD(day, -84, GETDATE()), NULL),
(317, 81, DATEADD(day, -13, CAST(GETDATE() AS DATE)), 'shipped', DATEADD(day, -13, GETDATE()), DATEADD(day, -10, GETDATE()), NULL),
(318, 6, DATEADD(day, -40, CAST(GETDATE() AS DATE)), 'completed', DATEADD(day, -40, GETDATE()), DATEADD(day, -39, GETDATE()), NULL),
(319, 75, DATEADD(day, -47, CAST(GETDATE() AS DATE)), 'completed', DATEADD(day, -47, GETDATE()), DATEADD(day, -46, GETDATE()), NULL),
(320, 38, DATEADD(day, -42, CAST(GETDATE() AS DATE)), 'completed', DATEADD(day, -42, GETDATE()), DATEADD(day, -41, GETDATE()), NULL),
(321, 26, DATEADD(day, -17, CAST(GETDATE() AS DATE)), 'completed', DATEADD(day, -17, GETDATE()), DATEADD(day, -15, GETDATE()), NULL),
(322, 68, DATEADD(day, -65, CAST(GETDATE() AS DATE)), 'shipped', DATEADD(day, -65, GETDATE()), DATEADD(day, -64, GETDATE()), NULL),
(323, 33, DATEADD(day, -62, CAST(GETDATE() AS DATE)), 'cancelled', DATEADD(day, -62, GETDATE()), DATEADD(day, -61, GETDATE()), NULL),
(324, 38, DATEADD(day, -44, CAST(GETDATE() AS DATE)), 'shipped', DATEADD(day, -44, GETDATE()), DATEADD(day, -42, GETDATE()), NULL),
(325, 10, DATEADD(day, -19, CAST(GETDATE() AS DATE)), 'completed', DATEADD(day, -19, GETDATE()), DATEADD(day, -18, GETDATE()), NULL),
(326, 87, DATEADD(day, -87, CAST(GETDATE() AS DATE)), 'cancelled', DATEADD(day, -87, GETDATE()), DATEADD(day, -86, GETDATE()), NULL),
(327, 72, DATEADD(day, -47, CAST(GETDATE() AS DATE)), 'pending', DATEADD(day, -47, GETDATE()), DATEADD(day, -47, GETDATE()), NULL),
(328, 51, DATEADD(day, -2, CAST(GETDATE() AS DATE)), 'completed', DATEADD(day, -2, GETDATE()), DATEADD(day, -1, GETDATE()), NULL),
(329, 59, DATEADD(day, -48, CAST(GETDATE() AS DATE)), 'completed', DATEADD(day, -48, GETDATE()), DATEADD(day, -45, GETDATE()), NULL),
(330, 34, DATEADD(day, -75, CAST(GETDATE() AS DATE)), 'completed', DATEADD(day, -75, GETDATE()), DATEADD(day, -72, GETDATE()), NULL),
(331, 48, DATEADD(day, -14, CAST(GETDATE() AS DATE)), 'completed', DATEADD(day, -14, GETDATE()), DATEADD(day, -12, GETDATE()), NULL),
(332, 4, DATEADD(day, -80, CAST(GETDATE() AS DATE)), 'shipped', DATEADD(day, -80, GETDATE()), DATEADD(day, -77, GETDATE()), NULL),
(333, 42, DATEADD(day, -79, CAST(GETDATE() AS DATE)), 'completed', DATEADD(day, -79, GETDATE()), DATEADD(day, -78, GETDATE()), NULL),
(334, 82, DATEADD(day, -60, CAST(GETDATE() AS DATE)), 'shipped', DATEADD(day, -60, GETDATE()), DATEADD(day, -58, GETDATE()), NULL),
(335, 84, DATEADD(day, -53, CAST(GETDATE() AS DATE)), 'completed', DATEADD(day, -53, GETDATE()), DATEADD(day, -52, GETDATE()), NULL),
(336, 5, DATEADD(day, -39, CAST(GETDATE() AS DATE)), 'cancelled', DATEADD(day, -39, GETDATE()), DATEADD(day, -38, GETDATE()), NULL),
(337, 15, DATEADD(day, -13, CAST(GETDATE() AS DATE)), 'completed', DATEADD(day, -13, GETDATE()), DATEADD(day, -10, GETDATE()), NULL),
(338, 18, DATEADD(day, -50, CAST(GETDATE() AS DATE)), 'completed', DATEADD(day, -50, GETDATE()), DATEADD(day, -47, GETDATE()), NULL),
(339, 96, DATEADD(day, -90, CAST(GETDATE() AS DATE)), 'shipped', DATEADD(day, -90, GETDATE()), DATEADD(day, -88, GETDATE()), NULL),
(340, 76, DATEADD(day, -20, CAST(GETDATE() AS DATE)), 'shipped', DATEADD(day, -20, GETDATE()), DATEADD(day, -17, GETDATE()), NULL),
(341, 13, DATEADD(day, -63, CAST(GETDATE() AS DATE)), 'completed', DATEADD(day, -63, GETDATE()), DATEADD(day, -61, GETDATE()), NULL),
(342, 5, DATEADD(day, -89, CAST(GETDATE() AS DATE)), 'completed', DATEADD(day, -89, GETDATE()), DATEADD(day, -87, GETDATE()), NULL),
(343, 57, DATEADD(day, -31, CAST(GETDATE() AS DATE)), 'shipped', DATEADD(day, -31, GETDATE()), DATEADD(day, -30, GETDATE()), NULL),
(344, 88, DATEADD(day, -48, CAST(GETDATE() AS DATE)), 'completed', DATEADD(day, -48, GETDATE()), DATEADD(day, -45, GETDATE()), NULL),
(345, 46, DATEADD(day, -8, CAST(GETDATE() AS DATE)), 'completed', DATEADD(day, -8, GETDATE()), DATEADD(day, -7, GETDATE()), NULL),
(346, 16, DATEADD(day, -59, CAST(GETDATE() AS DATE)), 'pending', DATEADD(day, -59, GETDATE()), DATEADD(day, -59, GETDATE()), NULL),
(347, 28, DATEADD(day, -83, CAST(GETDATE() AS DATE)), 'completed', DATEADD(day, -83, GETDATE()), DATEADD(day, -82, GETDATE()), NULL),
(348, 7, DATEADD(day, -43, CAST(GETDATE() AS DATE)), 'completed', DATEADD(day, -43, GETDATE()), DATEADD(day, -42, GETDATE()), NULL),
(349, 73, DATEADD(day, -27, CAST(GETDATE() AS DATE)), 'pending', DATEADD(day, -27, GETDATE()), DATEADD(day, -27, GETDATE()), NULL),
(350, 98, DATEADD(day, -71, CAST(GETDATE() AS DATE)), 'completed', DATEADD(day, -71, GETDATE()), DATEADD(day, -70, GETDATE()), NULL),
(351, 30, DATEADD(day, -43, CAST(GETDATE() AS DATE)), 'completed', DATEADD(day, -43, GETDATE()), DATEADD(day, -40, GETDATE()), NULL),
(352, 1, DATEADD(day, -36, CAST(GETDATE() AS DATE)), 'shipped', DATEADD(day, -36, GETDATE()), DATEADD(day, -35, GETDATE()), NULL),
(353, 17, DATEADD(day, -70, CAST(GETDATE() AS DATE)), 'completed', DATEADD(day, -70, GETDATE()), DATEADD(day, -69, GETDATE()), NULL),
(354, 15, DATEADD(day, -85, CAST(GETDATE() AS DATE)), 'shipped', DATEADD(day, -85, GETDATE()), DATEADD(day, -84, GETDATE()), NULL),
(355, 2, DATEADD(day, -46, CAST(GETDATE() AS DATE)), 'completed', DATEADD(day, -46, GETDATE()), DATEADD(day, -45, GETDATE()), NULL),
(356, 76, DATEADD(day, -42, CAST(GETDATE() AS DATE)), 'pending', DATEADD(day, -42, GETDATE()), DATEADD(day, -42, GETDATE()), NULL),
(357, 34, DATEADD(day, -7, CAST(GETDATE() AS DATE)), 'completed', DATEADD(day, -7, GETDATE()), DATEADD(day, -5, GETDATE()), NULL),
(358, 68, DATEADD(day, -15, CAST(GETDATE() AS DATE)), 'completed', DATEADD(day, -15, GETDATE()), DATEADD(day, -13, GETDATE()), NULL),
(359, 58, DATEADD(day, -47, CAST(GETDATE() AS DATE)), 'completed', DATEADD(day, -47, GETDATE()), DATEADD(day, -46, GETDATE()), NULL),
(360, 58, DATEADD(day, -65, CAST(GETDATE() AS DATE)), 'completed', DATEADD(day, -65, GETDATE()), DATEADD(day, -62, GETDATE()), NULL),
(361, 6, DATEADD(day, -85, CAST(GETDATE() AS DATE)), 'completed', DATEADD(day, -85, GETDATE()), DATEADD(day, -83, GETDATE()), NULL),
(362, 83, DATEADD(day, -4, CAST(GETDATE() AS DATE)), 'pending', DATEADD(day, -4, GETDATE()), DATEADD(day, -4, GETDATE()), NULL),
(363, 62, DATEADD(day, -52, CAST(GETDATE() AS DATE)), 'completed', DATEADD(day, -52, GETDATE()), DATEADD(day, -51, GETDATE()), NULL),
(364, 63, DATEADD(day, -57, CAST(GETDATE() AS DATE)), 'pending', DATEADD(day, -57, GETDATE()), DATEADD(day, -57, GETDATE()), NULL),
(365, 11, DATEADD(day, -42, CAST(GETDATE() AS DATE)), 'completed', DATEADD(day, -42, GETDATE()), DATEADD(day, -41, GETDATE()), NULL),
(366, 17, DATEADD(day, -36, CAST(GETDATE() AS DATE)), 'completed', DATEADD(day, -36, GETDATE()), DATEADD(day, -33, GETDATE()), NULL),
(367, 71, DATEADD(day, -42, CAST(GETDATE() AS DATE)), 'completed', DATEADD(day, -42, GETDATE()), DATEADD(day, -39, GETDATE()), NULL),
(368, 68, DATEADD(day, -38, CAST(GETDATE() AS DATE)), 'completed', DATEADD(day, -38, GETDATE()), DATEADD(day, -35, GETDATE()), NULL),
(369, 56, DATEADD(day, -13, CAST(GETDATE() AS DATE)), 'completed', DATEADD(day, -13, GETDATE()), DATEADD(day, -12, GETDATE()), NULL),
(370, 84, DATEADD(day, -84, CAST(GETDATE() AS DATE)), 'shipped', DATEADD(day, -84, GETDATE()), DATEADD(day, -81, GETDATE()), NULL),
(371, 93, DATEADD(day, -28, CAST(GETDATE() AS DATE)), 'completed', DATEADD(day, -28, GETDATE()), DATEADD(day, -27, GETDATE()), NULL),
(372, 53, DATEADD(day, -44, CAST(GETDATE() AS DATE)), 'shipped', DATEADD(day, -44, GETDATE()), DATEADD(day, -42, GETDATE()), NULL),
(373, 54, DATEADD(day, -13, CAST(GETDATE() AS DATE)), 'completed', DATEADD(day, -13, GETDATE()), DATEADD(day, -11, GETDATE()), NULL),
(374, 86, DATEADD(day, -33, CAST(GETDATE() AS DATE)), 'completed', DATEADD(day, -33, GETDATE()), DATEADD(day, -32, GETDATE()), NULL),
(375, 88, DATEADD(day, -61, CAST(GETDATE() AS DATE)), 'pending', DATEADD(day, -61, GETDATE()), DATEADD(day, -61, GETDATE()), NULL),
(376, 11, DATEADD(day, -12, CAST(GETDATE() AS DATE)), 'completed', DATEADD(day, -12, GETDATE()), DATEADD(day, -9, GETDATE()), NULL),
(377, 95, DATEADD(day, -48, CAST(GETDATE() AS DATE)), 'shipped', DATEADD(day, -48, GETDATE()), DATEADD(day, -45, GETDATE()), NULL),
(378, 8, DATEADD(day, -76, CAST(GETDATE() AS DATE)), 'cancelled', DATEADD(day, -76, GETDATE()), DATEADD(day, -75, GETDATE()), NULL),
(379, 72, DATEADD(day, -43, CAST(GETDATE() AS DATE)), 'completed', DATEADD(day, -43, GETDATE()), DATEADD(day, -41, GETDATE()), NULL),
(380, 46, DATEADD(day, -86, CAST(GETDATE() AS DATE)), 'shipped', DATEADD(day, -86, GETDATE()), DATEADD(day, -84, GETDATE()), NULL),
(381, 93, DATEADD(day, -7, CAST(GETDATE() AS DATE)), 'cancelled', DATEADD(day, -7, GETDATE()), DATEADD(day, -6, GETDATE()), NULL),
(382, 77, DATEADD(day, -40, CAST(GETDATE() AS DATE)), 'completed', DATEADD(day, -40, GETDATE()), DATEADD(day, -37, GETDATE()), NULL),
(383, 65, DATEADD(day, -28, CAST(GETDATE() AS DATE)), 'completed', DATEADD(day, -28, GETDATE()), DATEADD(day, -26, GETDATE()), NULL),
(384, 29, DATEADD(day, -14, CAST(GETDATE() AS DATE)), 'completed', DATEADD(day, -14, GETDATE()), DATEADD(day, -11, GETDATE()), NULL),
(385, 48, DATEADD(day, -15, CAST(GETDATE() AS DATE)), 'completed', DATEADD(day, -15, GETDATE()), DATEADD(day, -12, GETDATE()), NULL),
(386, 29, DATEADD(day, -55, CAST(GETDATE() AS DATE)), 'shipped', DATEADD(day, -55, GETDATE()), DATEADD(day, -52, GETDATE()), NULL),
(387, 79, DATEADD(day, -87, CAST(GETDATE() AS DATE)), 'completed', DATEADD(day, -87, GETDATE()), DATEADD(day, -86, GETDATE()), NULL),
(388, 78, DATEADD(day, -85, CAST(GETDATE() AS DATE)), 'shipped', DATEADD(day, -85, GETDATE()), DATEADD(day, -83, GETDATE()), NULL),
(389, 4, DATEADD(day, -24, CAST(GETDATE() AS DATE)), 'completed', DATEADD(day, -24, GETDATE()), DATEADD(day, -22, GETDATE()), NULL),
(390, 44, DATEADD(day, -45, CAST(GETDATE() AS DATE)), 'pending', DATEADD(day, -45, GETDATE()), DATEADD(day, -45, GETDATE()), NULL),
(391, 19, DATEADD(day, -73, CAST(GETDATE() AS DATE)), 'completed', DATEADD(day, -73, GETDATE()), DATEADD(day, -72, GETDATE()), NULL),
(392, 19, DATEADD(day, -82, CAST(GETDATE() AS DATE)), 'cancelled', DATEADD(day, -82, GETDATE()), DATEADD(day, -81, GETDATE()), NULL),
(393, 12, DATEADD(day, -68, CAST(GETDATE() AS DATE)), 'completed', DATEADD(day, -68, GETDATE()), DATEADD(day, -66, GETDATE()), NULL),
(394, 59, DATEADD(day, -44, CAST(GETDATE() AS DATE)), 'completed', DATEADD(day, -44, GETDATE()), DATEADD(day, -42, GETDATE()), NULL),
(395, 93, DATEADD(day, -42, CAST(GETDATE() AS DATE)), 'completed', DATEADD(day, -42, GETDATE()), DATEADD(day, -39, GETDATE()), NULL),
(396, 77, DATEADD(day, -11, CAST(GETDATE() AS DATE)), 'shipped', DATEADD(day, -11, GETDATE()), DATEADD(day, -10, GETDATE()), NULL),
(397, 21, DATEADD(day, -80, CAST(GETDATE() AS DATE)), 'pending', DATEADD(day, -80, GETDATE()), DATEADD(day, -80, GETDATE()), NULL),
(398, 11, DATEADD(day, -35, CAST(GETDATE() AS DATE)), 'completed', DATEADD(day, -35, GETDATE()), DATEADD(day, -33, GETDATE()), NULL),
(399, 63, DATEADD(day, -78, CAST(GETDATE() AS DATE)), 'completed', DATEADD(day, -78, GETDATE()), DATEADD(day, -76, GETDATE()), NULL),
(400, 28, DATEADD(day, -66, CAST(GETDATE() AS DATE)), 'completed', DATEADD(day, -66, GETDATE()), DATEADD(day, -64, GETDATE()), NULL),
(401, 15, DATEADD(day, -37, CAST(GETDATE() AS DATE)), 'completed', DATEADD(day, -37, GETDATE()), DATEADD(day, -34, GETDATE()), NULL),
(402, 63, DATEADD(day, -68, CAST(GETDATE() AS DATE)), 'completed', DATEADD(day, -68, GETDATE()), DATEADD(day, -67, GETDATE()), NULL),
(403, 29, DATEADD(day, -51, CAST(GETDATE() AS DATE)), 'cancelled', DATEADD(day, -51, GETDATE()), DATEADD(day, -50, GETDATE()), NULL),
(404, 8, DATEADD(day, -1, CAST(GETDATE() AS DATE)), 'completed', DATEADD(day, -1, GETDATE()), DATEADD(day, -0, GETDATE()), NULL),
(405, 99, DATEADD(day, -18, CAST(GETDATE() AS DATE)), 'completed', DATEADD(day, -18, GETDATE()), DATEADD(day, -16, GETDATE()), NULL),
(406, 42, DATEADD(day, -16, CAST(GETDATE() AS DATE)), 'pending', DATEADD(day, -16, GETDATE()), DATEADD(day, -16, GETDATE()), NULL),
(407, 96, DATEADD(day, -56, CAST(GETDATE() AS DATE)), 'completed', DATEADD(day, -56, GETDATE()), DATEADD(day, -54, GETDATE()), NULL),
(408, 69, DATEADD(day, -30, CAST(GETDATE() AS DATE)), 'completed', DATEADD(day, -30, GETDATE()), DATEADD(day, -27, GETDATE()), NULL),
(409, 46, DATEADD(day, -10, CAST(GETDATE() AS DATE)), 'completed', DATEADD(day, -10, GETDATE()), DATEADD(day, -7, GETDATE()), NULL),
(410, 6, DATEADD(day, -56, CAST(GETDATE() AS DATE)), 'pending', DATEADD(day, -56, GETDATE()), DATEADD(day, -56, GETDATE()), NULL),
(411, 10, DATEADD(day, -41, CAST(GETDATE() AS DATE)), 'completed', DATEADD(day, -41, GETDATE()), DATEADD(day, -38, GETDATE()), NULL),
(412, 52, DATEADD(day, -82, CAST(GETDATE() AS DATE)), 'completed', DATEADD(day, -82, GETDATE()), DATEADD(day, -81, GETDATE()), NULL),
(413, 52, DATEADD(day, -3, CAST(GETDATE() AS DATE)), 'cancelled', DATEADD(day, -3, GETDATE()), DATEADD(day, -2, GETDATE()), NULL),
(414, 22, DATEADD(day, -80, CAST(GETDATE() AS DATE)), 'completed', DATEADD(day, -80, GETDATE()), DATEADD(day, -77, GETDATE()), NULL),
(415, 47, DATEADD(day, -12, CAST(GETDATE() AS DATE)), 'completed', DATEADD(day, -12, GETDATE()), DATEADD(day, -11, GETDATE()), NULL),
(416, 32, DATEADD(day, -56, CAST(GETDATE() AS DATE)), 'completed', DATEADD(day, -56, GETDATE()), DATEADD(day, -53, GETDATE()), NULL),
(417, 11, DATEADD(day, -51, CAST(GETDATE() AS DATE)), 'shipped', DATEADD(day, -51, GETDATE()), DATEADD(day, -48, GETDATE()), NULL),
(418, 44, DATEADD(day, -29, CAST(GETDATE() AS DATE)), 'completed', DATEADD(day, -29, GETDATE()), DATEADD(day, -28, GETDATE()), NULL),
(419, 10, DATEADD(day, -66, CAST(GETDATE() AS DATE)), 'completed', DATEADD(day, -66, GETDATE()), DATEADD(day, -63, GETDATE()), NULL),
(420, 66, DATEADD(day, -25, CAST(GETDATE() AS DATE)), 'shipped', DATEADD(day, -25, GETDATE()), DATEADD(day, -23, GETDATE()), NULL),
(421, 45, DATEADD(day, -83, CAST(GETDATE() AS DATE)), 'shipped', DATEADD(day, -83, GETDATE()), DATEADD(day, -82, GETDATE()), NULL),
(422, 14, DATEADD(day, -19, CAST(GETDATE() AS DATE)), 'completed', DATEADD(day, -19, GETDATE()), DATEADD(day, -18, GETDATE()), NULL),
(423, 78, DATEADD(day, -20, CAST(GETDATE() AS DATE)), 'completed', DATEADD(day, -20, GETDATE()), DATEADD(day, -17, GETDATE()), NULL),
(424, 10, DATEADD(day, -23, CAST(GETDATE() AS DATE)), 'cancelled', DATEADD(day, -23, GETDATE()), DATEADD(day, -22, GETDATE()), NULL),
(425, 81, DATEADD(day, -64, CAST(GETDATE() AS DATE)), 'completed', DATEADD(day, -64, GETDATE()), DATEADD(day, -61, GETDATE()), NULL),
(426, 98, DATEADD(day, -75, CAST(GETDATE() AS DATE)), 'completed', DATEADD(day, -75, GETDATE()), DATEADD(day, -72, GETDATE()), NULL),
(427, 83, DATEADD(day, -82, CAST(GETDATE() AS DATE)), 'cancelled', DATEADD(day, -82, GETDATE()), DATEADD(day, -81, GETDATE()), NULL),
(428, 42, DATEADD(day, -81, CAST(GETDATE() AS DATE)), 'completed', DATEADD(day, -81, GETDATE()), DATEADD(day, -79, GETDATE()), NULL),
(429, 9, DATEADD(day, -61, CAST(GETDATE() AS DATE)), 'completed', DATEADD(day, -61, GETDATE()), DATEADD(day, -59, GETDATE()), NULL),
(430, 36, DATEADD(day, -76, CAST(GETDATE() AS DATE)), 'pending', DATEADD(day, -76, GETDATE()), DATEADD(day, -76, GETDATE()), NULL),
(431, 65, DATEADD(day, -10, CAST(GETDATE() AS DATE)), 'completed', DATEADD(day, -10, GETDATE()), DATEADD(day, -8, GETDATE()), NULL),
(432, 5, DATEADD(day, -8, CAST(GETDATE() AS DATE)), 'completed', DATEADD(day, -8, GETDATE()), DATEADD(day, -6, GETDATE()), NULL),
(433, 10, DATEADD(day, -83, CAST(GETDATE() AS DATE)), 'shipped', DATEADD(day, -83, GETDATE()), DATEADD(day, -82, GETDATE()), NULL),
(434, 79, DATEADD(day, -77, CAST(GETDATE() AS DATE)), 'completed', DATEADD(day, -77, GETDATE()), DATEADD(day, -75, GETDATE()), NULL),
(435, 75, DATEADD(day, -71, CAST(GETDATE() AS DATE)), 'cancelled', DATEADD(day, -71, GETDATE()), DATEADD(day, -70, GETDATE()), NULL),
(436, 95, DATEADD(day, -6, CAST(GETDATE() AS DATE)), 'completed', DATEADD(day, -6, GETDATE()), DATEADD(day, -3, GETDATE()), NULL),
(437, 84, DATEADD(day, -25, CAST(GETDATE() AS DATE)), 'completed', DATEADD(day, -25, GETDATE()), DATEADD(day, -23, GETDATE()), NULL),
(438, 65, DATEADD(day, -20, CAST(GETDATE() AS DATE)), 'cancelled', DATEADD(day, -20, GETDATE()), DATEADD(day, -19, GETDATE()), NULL),
(439, 58, DATEADD(day, -14, CAST(GETDATE() AS DATE)), 'shipped', DATEADD(day, -14, GETDATE()), DATEADD(day, -12, GETDATE()), NULL),
(440, 92, DATEADD(day, -11, CAST(GETDATE() AS DATE)), 'completed', DATEADD(day, -11, GETDATE()), DATEADD(day, -10, GETDATE()), NULL),
(441, 6, DATEADD(day, -32, CAST(GETDATE() AS DATE)), 'completed', DATEADD(day, -32, GETDATE()), DATEADD(day, -30, GETDATE()), NULL),
(442, 68, DATEADD(day, -67, CAST(GETDATE() AS DATE)), 'completed', DATEADD(day, -67, GETDATE()), DATEADD(day, -65, GETDATE()), NULL),
(443, 48, DATEADD(day, -37, CAST(GETDATE() AS DATE)), 'completed', DATEADD(day, -37, GETDATE()), DATEADD(day, -35, GETDATE()), NULL),
(444, 87, DATEADD(day, -77, CAST(GETDATE() AS DATE)), 'pending', DATEADD(day, -77, GETDATE()), DATEADD(day, -77, GETDATE()), NULL),
(445, 81, DATEADD(day, -83, CAST(GETDATE() AS DATE)), 'completed', DATEADD(day, -83, GETDATE()), DATEADD(day, -81, GETDATE()), NULL),
(446, 13, DATEADD(day, -72, CAST(GETDATE() AS DATE)), 'completed', DATEADD(day, -72, GETDATE()), DATEADD(day, -70, GETDATE()), NULL),
(447, 33, DATEADD(day, -85, CAST(GETDATE() AS DATE)), 'cancelled', DATEADD(day, -85, GETDATE()), DATEADD(day, -84, GETDATE()), NULL),
(448, 78, DATEADD(day, -20, CAST(GETDATE() AS DATE)), 'completed', DATEADD(day, -20, GETDATE()), DATEADD(day, -17, GETDATE()), NULL),
(449, 85, DATEADD(day, -19, CAST(GETDATE() AS DATE)), 'shipped', DATEADD(day, -19, GETDATE()), DATEADD(day, -17, GETDATE()), NULL),
(450, 84, DATEADD(day, -90, CAST(GETDATE() AS DATE)), 'completed', DATEADD(day, -90, GETDATE()), DATEADD(day, -89, GETDATE()), NULL),
(451, 77, DATEADD(day, -11, CAST(GETDATE() AS DATE)), 'completed', DATEADD(day, -11, GETDATE()), DATEADD(day, -9, GETDATE()), NULL),
(452, 83, DATEADD(day, -43, CAST(GETDATE() AS DATE)), 'shipped', DATEADD(day, -43, GETDATE()), DATEADD(day, -40, GETDATE()), NULL),
(453, 90, DATEADD(day, -88, CAST(GETDATE() AS DATE)), 'shipped', DATEADD(day, -88, GETDATE()), DATEADD(day, -87, GETDATE()), NULL),
(454, 83, DATEADD(day, -86, CAST(GETDATE() AS DATE)), 'completed', DATEADD(day, -86, GETDATE()), DATEADD(day, -84, GETDATE()), NULL),
(455, 3, DATEADD(day, -47, CAST(GETDATE() AS DATE)), 'completed', DATEADD(day, -47, GETDATE()), DATEADD(day, -46, GETDATE()), NULL),
(456, 44, DATEADD(day, -63, CAST(GETDATE() AS DATE)), 'completed', DATEADD(day, -63, GETDATE()), DATEADD(day, -62, GETDATE()), NULL),
(457, 20, DATEADD(day, -10, CAST(GETDATE() AS DATE)), 'completed', DATEADD(day, -10, GETDATE()), DATEADD(day, -9, GETDATE()), NULL),
(458, 65, DATEADD(day, -70, CAST(GETDATE() AS DATE)), 'shipped', DATEADD(day, -70, GETDATE()), DATEADD(day, -67, GETDATE()), NULL),
(459, 5, DATEADD(day, -85, CAST(GETDATE() AS DATE)), 'completed', DATEADD(day, -85, GETDATE()), DATEADD(day, -82, GETDATE()), NULL),
(460, 17, DATEADD(day, -77, CAST(GETDATE() AS DATE)), 'completed', DATEADD(day, -77, GETDATE()), DATEADD(day, -76, GETDATE()), NULL),
(461, 24, DATEADD(day, -89, CAST(GETDATE() AS DATE)), 'completed', DATEADD(day, -89, GETDATE()), DATEADD(day, -88, GETDATE()), NULL),
(462, 93, DATEADD(day, -57, CAST(GETDATE() AS DATE)), 'pending', DATEADD(day, -57, GETDATE()), DATEADD(day, -57, GETDATE()), NULL),
(463, 47, DATEADD(day, -87, CAST(GETDATE() AS DATE)), 'completed', DATEADD(day, -87, GETDATE()), DATEADD(day, -85, GETDATE()), NULL),
(464, 79, DATEADD(day, -37, CAST(GETDATE() AS DATE)), 'completed', DATEADD(day, -37, GETDATE()), DATEADD(day, -35, GETDATE()), NULL),
(465, 30, DATEADD(day, -69, CAST(GETDATE() AS DATE)), 'completed', DATEADD(day, -69, GETDATE()), DATEADD(day, -67, GETDATE()), NULL),
(466, 25, DATEADD(day, -48, CAST(GETDATE() AS DATE)), 'completed', DATEADD(day, -48, GETDATE()), DATEADD(day, -45, GETDATE()), NULL),
(467, 57, DATEADD(day, -60, CAST(GETDATE() AS DATE)), 'completed', DATEADD(day, -60, GETDATE()), DATEADD(day, -58, GETDATE()), NULL),
(468, 65, DATEADD(day, -68, CAST(GETDATE() AS DATE)), 'completed', DATEADD(day, -68, GETDATE()), DATEADD(day, -67, GETDATE()), NULL),
(469, 26, DATEADD(day, -78, CAST(GETDATE() AS DATE)), 'completed', DATEADD(day, -78, GETDATE()), DATEADD(day, -76, GETDATE()), NULL),
(470, 7, DATEADD(day, -83, CAST(GETDATE() AS DATE)), 'completed', DATEADD(day, -83, GETDATE()), DATEADD(day, -81, GETDATE()), NULL),
(471, 71, DATEADD(day, -14, CAST(GETDATE() AS DATE)), 'completed', DATEADD(day, -14, GETDATE()), DATEADD(day, -11, GETDATE()), NULL),
(472, 16, DATEADD(day, -37, CAST(GETDATE() AS DATE)), 'pending', DATEADD(day, -37, GETDATE()), DATEADD(day, -37, GETDATE()), NULL),
(473, 21, DATEADD(day, -35, CAST(GETDATE() AS DATE)), 'completed', DATEADD(day, -35, GETDATE()), DATEADD(day, -32, GETDATE()), NULL),
(474, 19, DATEADD(day, -56, CAST(GETDATE() AS DATE)), 'pending', DATEADD(day, -56, GETDATE()), DATEADD(day, -56, GETDATE()), NULL),
(475, 29, DATEADD(day, -58, CAST(GETDATE() AS DATE)), 'shipped', DATEADD(day, -58, GETDATE()), DATEADD(day, -57, GETDATE()), NULL),
(476, 54, DATEADD(day, -7, CAST(GETDATE() AS DATE)), 'completed', DATEADD(day, -7, GETDATE()), DATEADD(day, -5, GETDATE()), NULL),
(477, 31, DATEADD(day, -50, CAST(GETDATE() AS DATE)), 'cancelled', DATEADD(day, -50, GETDATE()), DATEADD(day, -49, GETDATE()), NULL),
(478, 48, DATEADD(day, -29, CAST(GETDATE() AS DATE)), 'pending', DATEADD(day, -29, GETDATE()), DATEADD(day, -29, GETDATE()), NULL),
(479, 13, DATEADD(day, -84, CAST(GETDATE() AS DATE)), 'completed', DATEADD(day, -84, GETDATE()), DATEADD(day, -83, GETDATE()), NULL),
(480, 18, DATEADD(day, -5, CAST(GETDATE() AS DATE)), 'completed', DATEADD(day, -5, GETDATE()), DATEADD(day, -3, GETDATE()), NULL),
(481, 90, DATEADD(day, -18, CAST(GETDATE() AS DATE)), 'completed', DATEADD(day, -18, GETDATE()), DATEADD(day, -16, GETDATE()), NULL),
(482, 58, DATEADD(day, -79, CAST(GETDATE() AS DATE)), 'pending', DATEADD(day, -79, GETDATE()), DATEADD(day, -79, GETDATE()), NULL),
(483, 11, DATEADD(day, -3, CAST(GETDATE() AS DATE)), 'completed', DATEADD(day, -3, GETDATE()), DATEADD(day, -2, GETDATE()), NULL),
(484, 71, DATEADD(day, -78, CAST(GETDATE() AS DATE)), 'completed', DATEADD(day, -78, GETDATE()), DATEADD(day, -77, GETDATE()), NULL),
(485, 100, DATEADD(day, -37, CAST(GETDATE() AS DATE)), 'completed', DATEADD(day, -37, GETDATE()), DATEADD(day, -36, GETDATE()), NULL),
(486, 7, DATEADD(day, -31, CAST(GETDATE() AS DATE)), 'completed', DATEADD(day, -31, GETDATE()), DATEADD(day, -28, GETDATE()), NULL),
(487, 59, DATEADD(day, -9, CAST(GETDATE() AS DATE)), 'completed', DATEADD(day, -9, GETDATE()), DATEADD(day, -7, GETDATE()), NULL),
(488, 77, DATEADD(day, -69, CAST(GETDATE() AS DATE)), 'pending', DATEADD(day, -69, GETDATE()), DATEADD(day, -69, GETDATE()), NULL),
(489, 66, DATEADD(day, -74, CAST(GETDATE() AS DATE)), 'completed', DATEADD(day, -74, GETDATE()), DATEADD(day, -73, GETDATE()), NULL),
(490, 38, DATEADD(day, -55, CAST(GETDATE() AS DATE)), 'pending', DATEADD(day, -55, GETDATE()), DATEADD(day, -55, GETDATE()), NULL),
(491, 46, DATEADD(day, -31, CAST(GETDATE() AS DATE)), 'completed', DATEADD(day, -31, GETDATE()), DATEADD(day, -30, GETDATE()), NULL),
(492, 86, DATEADD(day, -86, CAST(GETDATE() AS DATE)), 'pending', DATEADD(day, -86, GETDATE()), DATEADD(day, -86, GETDATE()), NULL),
(493, 47, DATEADD(day, -9, CAST(GETDATE() AS DATE)), 'cancelled', DATEADD(day, -9, GETDATE()), DATEADD(day, -8, GETDATE()), NULL),
(494, 70, DATEADD(day, -65, CAST(GETDATE() AS DATE)), 'completed', DATEADD(day, -65, GETDATE()), DATEADD(day, -62, GETDATE()), NULL),
(495, 71, DATEADD(day, -3, CAST(GETDATE() AS DATE)), 'completed', DATEADD(day, -3, GETDATE()), DATEADD(day, -1, GETDATE()), NULL),
(496, 6, DATEADD(day, -82, CAST(GETDATE() AS DATE)), 'completed', DATEADD(day, -82, GETDATE()), DATEADD(day, -80, GETDATE()), NULL),
(497, 33, DATEADD(day, -3, CAST(GETDATE() AS DATE)), 'completed', DATEADD(day, -3, GETDATE()), DATEADD(day, -2, GETDATE()), NULL),
(498, 45, DATEADD(day, -31, CAST(GETDATE() AS DATE)), 'completed', DATEADD(day, -31, GETDATE()), DATEADD(day, -28, GETDATE()), NULL),
(499, 14, DATEADD(day, -75, CAST(GETDATE() AS DATE)), 'completed', DATEADD(day, -75, GETDATE()), DATEADD(day, -73, GETDATE()), NULL),
(500, 18, DATEADD(day, -6, CAST(GETDATE() AS DATE)), 'completed', DATEADD(day, -6, GETDATE()), DATEADD(day, -4, GETDATE()), NULL);
{%- endmacro %}

{%- macro _get_sqlserver_baseline_shop_order_items() -%}
USE jaffle_shop;

INSERT INTO dbo.order_items (order_item_id, order_id, product_id, quantity, unit_price, created_at, updated_at, deleted_at) VALUES
(1, 1, 2, 1, 29.99, DATEADD(day, -56, GETDATE()), DATEADD(day, -56, GETDATE()), NULL),
(2, 1, 12, 2, 79.99, DATEADD(day, -41, GETDATE()), DATEADD(day, -41, GETDATE()), NULL),
(3, 2, 14, 1, 59.99, DATEADD(day, -66, GETDATE()), DATEADD(day, -66, GETDATE()), NULL),
(4, 2, 4, 1, 399.99, DATEADD(day, -74, GETDATE()), DATEADD(day, -74, GETDATE()), NULL),
(5, 2, 7, 1, 249.99, DATEADD(day, -56, GETDATE()), DATEADD(day, -56, GETDATE()), NULL),
(6, 3, 1, 1, 1299.99, DATEADD(day, -69, GETDATE()), DATEADD(day, -69, GETDATE()), NULL),
(7, 3, 7, 1, 249.99, DATEADD(day, -9, GETDATE()), DATEADD(day, -9, GETDATE()), NULL),
(8, 4, 11, 1, 19.99, DATEADD(day, -85, GETDATE()), DATEADD(day, -85, GETDATE()), NULL),
(9, 4, 4, 2, 399.99, DATEADD(day, -39, GETDATE()), DATEADD(day, -39, GETDATE()), NULL),
(10, 5, 17, 1, 14.99, DATEADD(day, -53, GETDATE()), DATEADD(day, -53, GETDATE()), NULL),
(11, 5, 11, 1, 19.99, DATEADD(day, -38, GETDATE()), DATEADD(day, -38, GETDATE()), NULL),
(12, 6, 18, 1, 29.99, DATEADD(day, -54, GETDATE()), DATEADD(day, -54, GETDATE()), NULL),
(13, 6, 13, 1, 79.99, DATEADD(day, -23, GETDATE()), DATEADD(day, -23, GETDATE()), NULL),
(14, 7, 20, 1, 89.99, DATEADD(day, -52, GETDATE()), DATEADD(day, -52, GETDATE()), NULL),
(15, 7, 18, 2, 29.99, DATEADD(day, -39, GETDATE()), DATEADD(day, -39, GETDATE()), NULL),
(16, 7, 10, 1, 12.99, DATEADD(day, -75, GETDATE()), DATEADD(day, -75, GETDATE()), NULL),
(17, 8, 20, 1, 89.99, DATEADD(day, -60, GETDATE()), DATEADD(day, -60, GETDATE()), NULL),
(18, 8, 15, 1, 329.99, DATEADD(day, -28, GETDATE()), DATEADD(day, -28, GETDATE()), NULL),
(19, 9, 17, 1, 14.99, DATEADD(day, -22, GETDATE()), DATEADD(day, -22, GETDATE()), NULL),
(20, 9, 3, 1, 89.99, DATEADD(day, -85, GETDATE()), DATEADD(day, -85, GETDATE()), NULL),
(21, 10, 20, 1, 89.99, DATEADD(day, -31, GETDATE()), DATEADD(day, -31, GETDATE()), NULL),
(22, 10, 10, 1, 12.99, DATEADD(day, -26, GETDATE()), DATEADD(day, -26, GETDATE()), NULL),
(23, 10, 5, 1, 49.99, DATEADD(day, -32, GETDATE()), DATEADD(day, -32, GETDATE()), NULL),
(24, 11, 16, 1, 24.99, DATEADD(day, -10, GETDATE()), DATEADD(day, -10, GETDATE()), NULL),
(25, 11, 15, 1, 329.99, DATEADD(day, -81, GETDATE()), DATEADD(day, -81, GETDATE()), NULL),
(26, 11, 19, 1, 19.99, DATEADD(day, -90, GETDATE()), DATEADD(day, -90, GETDATE()), NULL),
(27, 12, 13, 1, 79.99, DATEADD(day, -32, GETDATE()), DATEADD(day, -32, GETDATE()), NULL),
(28, 12, 5, 1, 49.99, DATEADD(day, -1, GETDATE()), DATEADD(day, -1, GETDATE()), NULL),
(29, 12, 4, 2, 399.99, DATEADD(day, -29, GETDATE()), DATEADD(day, -29, GETDATE()), NULL),
(30, 13, 6, 2, 39.99, DATEADD(day, -90, GETDATE()), DATEADD(day, -90, GETDATE()), NULL),
(31, 13, 17, 1, 14.99, DATEADD(day, -72, GETDATE()), DATEADD(day, -72, GETDATE()), NULL),
(32, 14, 8, 2, 499.99, DATEADD(day, -16, GETDATE()), DATEADD(day, -16, GETDATE()), NULL),
(33, 14, 15, 1, 329.99, DATEADD(day, -60, GETDATE()), DATEADD(day, -60, GETDATE()), NULL),
(34, 15, 17, 3, 14.99, DATEADD(day, -77, GETDATE()), DATEADD(day, -77, GETDATE()), NULL),
(35, 15, 11, 3, 19.99, DATEADD(day, -57, GETDATE()), DATEADD(day, -57, GETDATE()), NULL),
(36, 15, 20, 2, 89.99, DATEADD(day, -65, GETDATE()), DATEADD(day, -65, GETDATE()), NULL),
(37, 16, 14, 2, 59.99, DATEADD(day, -71, GETDATE()), DATEADD(day, -71, GETDATE()), NULL),
(38, 16, 15, 2, 329.99, DATEADD(day, -61, GETDATE()), DATEADD(day, -61, GETDATE()), NULL),
(39, 17, 15, 1, 329.99, DATEADD(day, -32, GETDATE()), DATEADD(day, -32, GETDATE()), NULL),
(40, 17, 9, 2, 149.99, DATEADD(day, -67, GETDATE()), DATEADD(day, -67, GETDATE()), NULL),
(41, 17, 16, 1, 24.99, DATEADD(day, -36, GETDATE()), DATEADD(day, -36, GETDATE()), NULL),
(42, 18, 15, 1, 329.99, DATEADD(day, -37, GETDATE()), DATEADD(day, -37, GETDATE()), NULL),
(43, 18, 8, 1, 499.99, DATEADD(day, -41, GETDATE()), DATEADD(day, -41, GETDATE()), NULL),
(44, 19, 18, 1, 29.99, DATEADD(day, -20, GETDATE()), DATEADD(day, -20, GETDATE()), NULL),
(45, 19, 8, 1, 499.99, DATEADD(day, -20, GETDATE()), DATEADD(day, -20, GETDATE()), NULL),
(46, 20, 7, 1, 249.99, DATEADD(day, -53, GETDATE()), DATEADD(day, -53, GETDATE()), NULL),
(47, 20, 11, 1, 19.99, DATEADD(day, -54, GETDATE()), DATEADD(day, -54, GETDATE()), NULL),
(48, 21, 2, 1, 29.99, DATEADD(day, -54, GETDATE()), DATEADD(day, -54, GETDATE()), NULL),
(49, 21, 13, 2, 79.99, DATEADD(day, -75, GETDATE()), DATEADD(day, -75, GETDATE()), NULL),
(50, 21, 1, 2, 1299.99, DATEADD(day, -74, GETDATE()), DATEADD(day, -74, GETDATE()), NULL),
(51, 22, 13, 1, 79.99, DATEADD(day, -46, GETDATE()), DATEADD(day, -46, GETDATE()), NULL),
(52, 22, 10, 2, 12.99, DATEADD(day, -54, GETDATE()), DATEADD(day, -54, GETDATE()), NULL),
(53, 22, 18, 2, 29.99, DATEADD(day, -70, GETDATE()), DATEADD(day, -70, GETDATE()), NULL),
(54, 23, 20, 2, 89.99, DATEADD(day, -63, GETDATE()), DATEADD(day, -63, GETDATE()), NULL),
(55, 23, 8, 1, 499.99, DATEADD(day, -63, GETDATE()), DATEADD(day, -63, GETDATE()), NULL),
(56, 24, 1, 1, 1299.99, DATEADD(day, -86, GETDATE()), DATEADD(day, -86, GETDATE()), NULL),
(57, 24, 13, 2, 79.99, DATEADD(day, -60, GETDATE()), DATEADD(day, -60, GETDATE()), NULL),
(58, 24, 5, 3, 49.99, DATEADD(day, -69, GETDATE()), DATEADD(day, -69, GETDATE()), NULL),
(59, 25, 1, 2, 1299.99, DATEADD(day, -76, GETDATE()), DATEADD(day, -76, GETDATE()), NULL),
(60, 25, 19, 1, 19.99, DATEADD(day, -11, GETDATE()), DATEADD(day, -11, GETDATE()), NULL),
(61, 26, 14, 1, 59.99, DATEADD(day, -60, GETDATE()), DATEADD(day, -60, GETDATE()), NULL),
(62, 26, 6, 1, 39.99, DATEADD(day, -49, GETDATE()), DATEADD(day, -49, GETDATE()), NULL),
(63, 26, 11, 1, 19.99, DATEADD(day, -42, GETDATE()), DATEADD(day, -42, GETDATE()), NULL),
(64, 27, 11, 2, 19.99, DATEADD(day, -49, GETDATE()), DATEADD(day, -49, GETDATE()), NULL),
(65, 27, 9, 2, 149.99, DATEADD(day, -54, GETDATE()), DATEADD(day, -54, GETDATE()), NULL),
(66, 28, 9, 2, 149.99, DATEADD(day, -61, GETDATE()), DATEADD(day, -61, GETDATE()), NULL),
(67, 28, 1, 2, 1299.99, DATEADD(day, -7, GETDATE()), DATEADD(day, -7, GETDATE()), NULL),
(68, 29, 12, 1, 79.99, DATEADD(day, -9, GETDATE()), DATEADD(day, -9, GETDATE()), NULL),
(69, 29, 2, 2, 29.99, DATEADD(day, -32, GETDATE()), DATEADD(day, -32, GETDATE()), NULL),
(70, 30, 7, 2, 249.99, DATEADD(day, -80, GETDATE()), DATEADD(day, -80, GETDATE()), NULL),
(71, 30, 5, 1, 49.99, DATEADD(day, -61, GETDATE()), DATEADD(day, -61, GETDATE()), NULL),
(72, 31, 4, 1, 399.99, DATEADD(day, -28, GETDATE()), DATEADD(day, -28, GETDATE()), NULL),
(73, 31, 15, 1, 329.99, DATEADD(day, -48, GETDATE()), DATEADD(day, -48, GETDATE()), NULL),
(74, 32, 6, 1, 39.99, DATEADD(day, -15, GETDATE()), DATEADD(day, -15, GETDATE()), NULL),
(75, 32, 6, 3, 39.99, DATEADD(day, -14, GETDATE()), DATEADD(day, -14, GETDATE()), NULL),
(76, 33, 19, 1, 19.99, DATEADD(day, -40, GETDATE()), DATEADD(day, -40, GETDATE()), NULL),
(77, 33, 19, 1, 19.99, DATEADD(day, -49, GETDATE()), DATEADD(day, -49, GETDATE()), NULL),
(78, 34, 13, 2, 79.99, DATEADD(day, -26, GETDATE()), DATEADD(day, -26, GETDATE()), NULL),
(79, 34, 3, 1, 89.99, DATEADD(day, -81, GETDATE()), DATEADD(day, -81, GETDATE()), NULL),
(80, 35, 8, 1, 499.99, DATEADD(day, -39, GETDATE()), DATEADD(day, -39, GETDATE()), NULL),
(81, 35, 20, 2, 89.99, DATEADD(day, -73, GETDATE()), DATEADD(day, -73, GETDATE()), NULL),
(82, 36, 2, 1, 29.99, DATEADD(day, -55, GETDATE()), DATEADD(day, -55, GETDATE()), NULL),
(83, 36, 12, 1, 79.99, DATEADD(day, -83, GETDATE()), DATEADD(day, -83, GETDATE()), NULL),
(84, 37, 11, 1, 19.99, DATEADD(day, -54, GETDATE()), DATEADD(day, -54, GETDATE()), NULL),
(85, 37, 16, 1, 24.99, DATEADD(day, -47, GETDATE()), DATEADD(day, -47, GETDATE()), NULL),
(86, 37, 15, 2, 329.99, DATEADD(day, -56, GETDATE()), DATEADD(day, -56, GETDATE()), NULL),
(87, 38, 6, 2, 39.99, DATEADD(day, -84, GETDATE()), DATEADD(day, -84, GETDATE()), NULL),
(88, 38, 9, 1, 149.99, DATEADD(day, -69, GETDATE()), DATEADD(day, -69, GETDATE()), NULL),
(89, 39, 16, 1, 24.99, DATEADD(day, -76, GETDATE()), DATEADD(day, -76, GETDATE()), NULL),
(90, 39, 9, 1, 149.99, DATEADD(day, -32, GETDATE()), DATEADD(day, -32, GETDATE()), NULL),
(91, 40, 3, 1, 89.99, DATEADD(day, -58, GETDATE()), DATEADD(day, -58, GETDATE()), NULL),
(92, 40, 8, 2, 499.99, DATEADD(day, -73, GETDATE()), DATEADD(day, -73, GETDATE()), NULL),
(93, 41, 20, 1, 89.99, DATEADD(day, -44, GETDATE()), DATEADD(day, -44, GETDATE()), NULL),
(94, 41, 1, 1, 1299.99, DATEADD(day, -42, GETDATE()), DATEADD(day, -42, GETDATE()), NULL),
(95, 41, 6, 1, 39.99, DATEADD(day, -46, GETDATE()), DATEADD(day, -46, GETDATE()), NULL),
(96, 42, 9, 1, 149.99, DATEADD(day, -77, GETDATE()), DATEADD(day, -77, GETDATE()), NULL),
(97, 42, 9, 1, 149.99, DATEADD(day, -67, GETDATE()), DATEADD(day, -67, GETDATE()), NULL),
(98, 43, 7, 1, 249.99, DATEADD(day, -53, GETDATE()), DATEADD(day, -53, GETDATE()), NULL),
(99, 43, 16, 1, 24.99, DATEADD(day, -31, GETDATE()), DATEADD(day, -31, GETDATE()), NULL),
(100, 44, 16, 1, 24.99, DATEADD(day, -63, GETDATE()), DATEADD(day, -63, GETDATE()), NULL),
(101, 44, 15, 2, 329.99, DATEADD(day, -12, GETDATE()), DATEADD(day, -12, GETDATE()), NULL),
(102, 45, 10, 1, 12.99, DATEADD(day, -89, GETDATE()), DATEADD(day, -89, GETDATE()), NULL),
(103, 45, 8, 1, 499.99, DATEADD(day, -75, GETDATE()), DATEADD(day, -75, GETDATE()), NULL),
(104, 45, 12, 1, 79.99, DATEADD(day, -68, GETDATE()), DATEADD(day, -68, GETDATE()), NULL),
(105, 46, 12, 1, 79.99, DATEADD(day, -71, GETDATE()), DATEADD(day, -71, GETDATE()), NULL),
(106, 46, 11, 1, 19.99, DATEADD(day, -59, GETDATE()), DATEADD(day, -59, GETDATE()), NULL),
(107, 47, 9, 1, 149.99, DATEADD(day, -30, GETDATE()), DATEADD(day, -30, GETDATE()), NULL),
(108, 47, 4, 2, 399.99, DATEADD(day, -41, GETDATE()), DATEADD(day, -41, GETDATE()), NULL),
(109, 48, 4, 2, 399.99, DATEADD(day, -89, GETDATE()), DATEADD(day, -89, GETDATE()), NULL),
(110, 48, 6, 1, 39.99, DATEADD(day, -62, GETDATE()), DATEADD(day, -62, GETDATE()), NULL),
(111, 48, 9, 2, 149.99, DATEADD(day, -68, GETDATE()), DATEADD(day, -68, GETDATE()), NULL),
(112, 49, 20, 1, 89.99, DATEADD(day, -13, GETDATE()), DATEADD(day, -13, GETDATE()), NULL),
(113, 49, 7, 1, 249.99, DATEADD(day, -47, GETDATE()), DATEADD(day, -47, GETDATE()), NULL),
(114, 50, 6, 1, 39.99, DATEADD(day, -69, GETDATE()), DATEADD(day, -69, GETDATE()), NULL),
(115, 50, 5, 1, 49.99, DATEADD(day, -7, GETDATE()), DATEADD(day, -7, GETDATE()), NULL),
(116, 51, 18, 1, 29.99, DATEADD(day, -17, GETDATE()), DATEADD(day, -17, GETDATE()), NULL),
(117, 51, 16, 1, 24.99, DATEADD(day, -2, GETDATE()), DATEADD(day, -2, GETDATE()), NULL),
(118, 52, 19, 1, 19.99, DATEADD(day, -62, GETDATE()), DATEADD(day, -62, GETDATE()), NULL),
(119, 52, 15, 1, 329.99, DATEADD(day, -7, GETDATE()), DATEADD(day, -7, GETDATE()), NULL),
(120, 53, 9, 2, 149.99, DATEADD(day, -62, GETDATE()), DATEADD(day, -62, GETDATE()), NULL),
(121, 53, 4, 2, 399.99, DATEADD(day, -52, GETDATE()), DATEADD(day, -52, GETDATE()), NULL),
(122, 53, 16, 1, 24.99, DATEADD(day, -81, GETDATE()), DATEADD(day, -81, GETDATE()), NULL),
(123, 54, 2, 1, 29.99, DATEADD(day, -73, GETDATE()), DATEADD(day, -73, GETDATE()), NULL),
(124, 54, 10, 1, 12.99, DATEADD(day, -32, GETDATE()), DATEADD(day, -32, GETDATE()), NULL),
(125, 54, 4, 1, 399.99, DATEADD(day, -54, GETDATE()), DATEADD(day, -54, GETDATE()), NULL),
(126, 55, 20, 1, 89.99, DATEADD(day, -80, GETDATE()), DATEADD(day, -80, GETDATE()), NULL),
(127, 55, 8, 2, 499.99, DATEADD(day, -49, GETDATE()), DATEADD(day, -49, GETDATE()), NULL),
(128, 56, 15, 2, 329.99, DATEADD(day, -39, GETDATE()), DATEADD(day, -39, GETDATE()), NULL),
(129, 56, 19, 3, 19.99, DATEADD(day, -40, GETDATE()), DATEADD(day, -40, GETDATE()), NULL),
(130, 57, 19, 1, 19.99, DATEADD(day, -79, GETDATE()), DATEADD(day, -79, GETDATE()), NULL),
(131, 57, 4, 2, 399.99, DATEADD(day, -27, GETDATE()), DATEADD(day, -27, GETDATE()), NULL),
(132, 58, 7, 1, 249.99, DATEADD(day, -11, GETDATE()), DATEADD(day, -11, GETDATE()), NULL),
(133, 58, 6, 1, 39.99, DATEADD(day, -71, GETDATE()), DATEADD(day, -71, GETDATE()), NULL),
(134, 59, 3, 1, 89.99, DATEADD(day, -53, GETDATE()), DATEADD(day, -53, GETDATE()), NULL),
(135, 59, 15, 1, 329.99, DATEADD(day, -61, GETDATE()), DATEADD(day, -61, GETDATE()), NULL),
(136, 60, 10, 1, 12.99, DATEADD(day, -37, GETDATE()), DATEADD(day, -37, GETDATE()), NULL),
(137, 60, 10, 2, 12.99, DATEADD(day, -59, GETDATE()), DATEADD(day, -59, GETDATE()), NULL),
(138, 60, 3, 1, 89.99, DATEADD(day, -34, GETDATE()), DATEADD(day, -34, GETDATE()), NULL),
(139, 61, 19, 1, 19.99, DATEADD(day, -26, GETDATE()), DATEADD(day, -26, GETDATE()), NULL),
(140, 61, 14, 1, 59.99, DATEADD(day, -29, GETDATE()), DATEADD(day, -29, GETDATE()), NULL),
(141, 62, 5, 2, 49.99, DATEADD(day, -19, GETDATE()), DATEADD(day, -19, GETDATE()), NULL),
(142, 62, 3, 1, 89.99, DATEADD(day, -40, GETDATE()), DATEADD(day, -40, GETDATE()), NULL),
(143, 62, 20, 2, 89.99, DATEADD(day, -73, GETDATE()), DATEADD(day, -73, GETDATE()), NULL),
(144, 63, 10, 1, 12.99, DATEADD(day, -60, GETDATE()), DATEADD(day, -60, GETDATE()), NULL),
(145, 63, 10, 1, 12.99, DATEADD(day, -35, GETDATE()), DATEADD(day, -35, GETDATE()), NULL),
(146, 64, 17, 1, 14.99, DATEADD(day, -57, GETDATE()), DATEADD(day, -57, GETDATE()), NULL),
(147, 64, 3, 1, 89.99, DATEADD(day, -56, GETDATE()), DATEADD(day, -56, GETDATE()), NULL),
(148, 65, 11, 1, 19.99, DATEADD(day, -4, GETDATE()), DATEADD(day, -4, GETDATE()), NULL),
(149, 65, 3, 1, 89.99, DATEADD(day, -87, GETDATE()), DATEADD(day, -87, GETDATE()), NULL),
(150, 66, 19, 1, 19.99, DATEADD(day, -3, GETDATE()), DATEADD(day, -3, GETDATE()), NULL),
(151, 66, 9, 1, 149.99, DATEADD(day, -23, GETDATE()), DATEADD(day, -23, GETDATE()), NULL),
(152, 67, 16, 1, 24.99, DATEADD(day, -57, GETDATE()), DATEADD(day, -57, GETDATE()), NULL),
(153, 67, 9, 1, 149.99, DATEADD(day, -75, GETDATE()), DATEADD(day, -75, GETDATE()), NULL),
(154, 67, 14, 1, 59.99, DATEADD(day, -63, GETDATE()), DATEADD(day, -63, GETDATE()), NULL),
(155, 68, 3, 1, 89.99, DATEADD(day, -53, GETDATE()), DATEADD(day, -53, GETDATE()), NULL),
(156, 68, 11, 1, 19.99, DATEADD(day, -14, GETDATE()), DATEADD(day, -14, GETDATE()), NULL),
(157, 69, 6, 1, 39.99, DATEADD(day, -89, GETDATE()), DATEADD(day, -89, GETDATE()), NULL),
(158, 69, 16, 1, 24.99, DATEADD(day, -52, GETDATE()), DATEADD(day, -52, GETDATE()), NULL),
(159, 69, 18, 1, 29.99, DATEADD(day, -12, GETDATE()), DATEADD(day, -12, GETDATE()), NULL),
(160, 70, 11, 1, 19.99, DATEADD(day, -15, GETDATE()), DATEADD(day, -15, GETDATE()), NULL),
(161, 70, 13, 2, 79.99, DATEADD(day, -1, GETDATE()), DATEADD(day, -1, GETDATE()), NULL),
(162, 70, 18, 1, 29.99, DATEADD(day, -7, GETDATE()), DATEADD(day, -7, GETDATE()), NULL),
(163, 71, 7, 1, 249.99, DATEADD(day, -80, GETDATE()), DATEADD(day, -80, GETDATE()), NULL),
(164, 71, 16, 1, 24.99, DATEADD(day, -7, GETDATE()), DATEADD(day, -7, GETDATE()), NULL),
(165, 72, 7, 1, 249.99, DATEADD(day, -17, GETDATE()), DATEADD(day, -17, GETDATE()), NULL),
(166, 72, 10, 1, 12.99, DATEADD(day, -90, GETDATE()), DATEADD(day, -90, GETDATE()), NULL),
(167, 72, 16, 1, 24.99, DATEADD(day, -81, GETDATE()), DATEADD(day, -81, GETDATE()), NULL),
(168, 73, 20, 2, 89.99, DATEADD(day, -21, GETDATE()), DATEADD(day, -21, GETDATE()), NULL),
(169, 73, 10, 1, 12.99, DATEADD(day, -71, GETDATE()), DATEADD(day, -71, GETDATE()), NULL),
(170, 74, 14, 1, 59.99, DATEADD(day, -15, GETDATE()), DATEADD(day, -15, GETDATE()), NULL),
(171, 74, 15, 2, 329.99, DATEADD(day, -83, GETDATE()), DATEADD(day, -83, GETDATE()), NULL),
(172, 74, 5, 1, 49.99, DATEADD(day, -38, GETDATE()), DATEADD(day, -38, GETDATE()), NULL),
(173, 75, 17, 2, 14.99, DATEADD(day, -54, GETDATE()), DATEADD(day, -54, GETDATE()), NULL),
(174, 75, 16, 3, 24.99, DATEADD(day, -32, GETDATE()), DATEADD(day, -32, GETDATE()), NULL),
(175, 75, 15, 1, 329.99, DATEADD(day, -50, GETDATE()), DATEADD(day, -50, GETDATE()), NULL),
(176, 76, 7, 2, 249.99, DATEADD(day, -66, GETDATE()), DATEADD(day, -66, GETDATE()), NULL),
(177, 76, 5, 2, 49.99, DATEADD(day, -36, GETDATE()), DATEADD(day, -36, GETDATE()), NULL),
(178, 76, 14, 1, 59.99, DATEADD(day, -65, GETDATE()), DATEADD(day, -65, GETDATE()), NULL),
(179, 77, 9, 2, 149.99, DATEADD(day, -37, GETDATE()), DATEADD(day, -37, GETDATE()), NULL),
(180, 77, 10, 2, 12.99, DATEADD(day, -75, GETDATE()), DATEADD(day, -75, GETDATE()), NULL),
(181, 78, 16, 2, 24.99, DATEADD(day, -58, GETDATE()), DATEADD(day, -58, GETDATE()), NULL),
(182, 78, 18, 1, 29.99, DATEADD(day, -43, GETDATE()), DATEADD(day, -43, GETDATE()), NULL),
(183, 78, 18, 2, 29.99, DATEADD(day, -49, GETDATE()), DATEADD(day, -49, GETDATE()), NULL),
(184, 79, 15, 2, 329.99, DATEADD(day, -25, GETDATE()), DATEADD(day, -25, GETDATE()), NULL),
(185, 79, 8, 1, 499.99, DATEADD(day, -30, GETDATE()), DATEADD(day, -30, GETDATE()), NULL),
(186, 80, 14, 1, 59.99, DATEADD(day, -61, GETDATE()), DATEADD(day, -61, GETDATE()), NULL),
(187, 80, 13, 1, 79.99, DATEADD(day, -85, GETDATE()), DATEADD(day, -85, GETDATE()), NULL),
(188, 81, 5, 1, 49.99, DATEADD(day, -5, GETDATE()), DATEADD(day, -5, GETDATE()), NULL),
(189, 81, 5, 1, 49.99, DATEADD(day, -76, GETDATE()), DATEADD(day, -76, GETDATE()), NULL),
(190, 82, 11, 2, 19.99, DATEADD(day, -57, GETDATE()), DATEADD(day, -57, GETDATE()), NULL),
(191, 82, 4, 1, 399.99, DATEADD(day, -59, GETDATE()), DATEADD(day, -59, GETDATE()), NULL),
(192, 83, 1, 2, 1299.99, DATEADD(day, -53, GETDATE()), DATEADD(day, -53, GETDATE()), NULL),
(193, 83, 5, 1, 49.99, DATEADD(day, -34, GETDATE()), DATEADD(day, -34, GETDATE()), NULL),
(194, 83, 11, 1, 19.99, DATEADD(day, -51, GETDATE()), DATEADD(day, -51, GETDATE()), NULL),
(195, 84, 3, 2, 89.99, DATEADD(day, -87, GETDATE()), DATEADD(day, -87, GETDATE()), NULL),
(196, 84, 18, 1, 29.99, DATEADD(day, -41, GETDATE()), DATEADD(day, -41, GETDATE()), NULL),
(197, 85, 16, 2, 24.99, DATEADD(day, -5, GETDATE()), DATEADD(day, -5, GETDATE()), NULL),
(198, 85, 20, 1, 89.99, DATEADD(day, -81, GETDATE()), DATEADD(day, -81, GETDATE()), NULL),
(199, 85, 10, 3, 12.99, DATEADD(day, -12, GETDATE()), DATEADD(day, -12, GETDATE()), NULL),
(200, 86, 14, 3, 59.99, DATEADD(day, -82, GETDATE()), DATEADD(day, -82, GETDATE()), NULL),
(201, 86, 4, 1, 399.99, DATEADD(day, -89, GETDATE()), DATEADD(day, -89, GETDATE()), NULL),
(202, 86, 10, 2, 12.99, DATEADD(day, -6, GETDATE()), DATEADD(day, -6, GETDATE()), NULL),
(203, 87, 11, 2, 19.99, DATEADD(day, -38, GETDATE()), DATEADD(day, -38, GETDATE()), NULL),
(204, 87, 12, 1, 79.99, DATEADD(day, -19, GETDATE()), DATEADD(day, -19, GETDATE()), NULL),
(205, 87, 8, 1, 499.99, DATEADD(day, -73, GETDATE()), DATEADD(day, -73, GETDATE()), NULL),
(206, 88, 6, 1, 39.99, DATEADD(day, -11, GETDATE()), DATEADD(day, -11, GETDATE()), NULL),
(207, 88, 20, 2, 89.99, DATEADD(day, -80, GETDATE()), DATEADD(day, -80, GETDATE()), NULL),
(208, 89, 8, 1, 499.99, DATEADD(day, -75, GETDATE()), DATEADD(day, -75, GETDATE()), NULL),
(209, 89, 5, 1, 49.99, DATEADD(day, -82, GETDATE()), DATEADD(day, -82, GETDATE()), NULL),
(210, 89, 9, 1, 149.99, DATEADD(day, -86, GETDATE()), DATEADD(day, -86, GETDATE()), NULL),
(211, 90, 1, 2, 1299.99, DATEADD(day, -60, GETDATE()), DATEADD(day, -60, GETDATE()), NULL),
(212, 90, 10, 1, 12.99, DATEADD(day, -21, GETDATE()), DATEADD(day, -21, GETDATE()), NULL),
(213, 91, 3, 1, 89.99, DATEADD(day, -45, GETDATE()), DATEADD(day, -45, GETDATE()), NULL),
(214, 91, 19, 1, 19.99, DATEADD(day, -55, GETDATE()), DATEADD(day, -55, GETDATE()), NULL),
(215, 92, 9, 1, 149.99, DATEADD(day, -39, GETDATE()), DATEADD(day, -39, GETDATE()), NULL),
(216, 92, 7, 3, 249.99, DATEADD(day, -62, GETDATE()), DATEADD(day, -62, GETDATE()), NULL),
(217, 93, 4, 1, 399.99, DATEADD(day, -74, GETDATE()), DATEADD(day, -74, GETDATE()), NULL),
(218, 93, 12, 1, 79.99, DATEADD(day, -90, GETDATE()), DATEADD(day, -90, GETDATE()), NULL),
(219, 94, 10, 1, 12.99, DATEADD(day, -85, GETDATE()), DATEADD(day, -85, GETDATE()), NULL),
(220, 94, 13, 1, 79.99, DATEADD(day, -73, GETDATE()), DATEADD(day, -73, GETDATE()), NULL),
(221, 95, 2, 2, 29.99, DATEADD(day, -64, GETDATE()), DATEADD(day, -64, GETDATE()), NULL),
(222, 95, 10, 2, 12.99, DATEADD(day, -30, GETDATE()), DATEADD(day, -30, GETDATE()), NULL),
(223, 96, 20, 2, 89.99, DATEADD(day, -29, GETDATE()), DATEADD(day, -29, GETDATE()), NULL),
(224, 96, 7, 1, 249.99, DATEADD(day, -87, GETDATE()), DATEADD(day, -87, GETDATE()), NULL),
(225, 97, 5, 1, 49.99, DATEADD(day, -81, GETDATE()), DATEADD(day, -81, GETDATE()), NULL),
(226, 97, 2, 1, 29.99, DATEADD(day, -57, GETDATE()), DATEADD(day, -57, GETDATE()), NULL),
(227, 98, 2, 1, 29.99, DATEADD(day, -17, GETDATE()), DATEADD(day, -17, GETDATE()), NULL),
(228, 98, 3, 2, 89.99, DATEADD(day, -42, GETDATE()), DATEADD(day, -42, GETDATE()), NULL),
(229, 98, 14, 1, 59.99, DATEADD(day, -17, GETDATE()), DATEADD(day, -17, GETDATE()), NULL),
(230, 99, 18, 2, 29.99, DATEADD(day, -47, GETDATE()), DATEADD(day, -47, GETDATE()), NULL),
(231, 99, 17, 1, 14.99, DATEADD(day, -35, GETDATE()), DATEADD(day, -35, GETDATE()), NULL),
(232, 99, 6, 1, 39.99, DATEADD(day, -62, GETDATE()), DATEADD(day, -62, GETDATE()), NULL),
(233, 100, 10, 2, 12.99, DATEADD(day, -44, GETDATE()), DATEADD(day, -44, GETDATE()), NULL),
(234, 100, 4, 1, 399.99, DATEADD(day, -10, GETDATE()), DATEADD(day, -10, GETDATE()), NULL),
(235, 101, 5, 2, 49.99, DATEADD(day, -29, GETDATE()), DATEADD(day, -29, GETDATE()), NULL),
(236, 101, 13, 3, 79.99, DATEADD(day, -72, GETDATE()), DATEADD(day, -72, GETDATE()), NULL),
(237, 102, 12, 1, 79.99, DATEADD(day, -51, GETDATE()), DATEADD(day, -51, GETDATE()), NULL),
(238, 102, 1, 1, 1299.99, DATEADD(day, -16, GETDATE()), DATEADD(day, -16, GETDATE()), NULL),
(239, 102, 15, 1, 329.99, DATEADD(day, -87, GETDATE()), DATEADD(day, -87, GETDATE()), NULL),
(240, 103, 9, 1, 149.99, DATEADD(day, -82, GETDATE()), DATEADD(day, -82, GETDATE()), NULL),
(241, 103, 12, 1, 79.99, DATEADD(day, -30, GETDATE()), DATEADD(day, -30, GETDATE()), NULL),
(242, 104, 16, 1, 24.99, DATEADD(day, -72, GETDATE()), DATEADD(day, -72, GETDATE()), NULL),
(243, 104, 11, 2, 19.99, DATEADD(day, -29, GETDATE()), DATEADD(day, -29, GETDATE()), NULL),
(244, 104, 3, 1, 89.99, DATEADD(day, -60, GETDATE()), DATEADD(day, -60, GETDATE()), NULL),
(245, 105, 10, 1, 12.99, DATEADD(day, -15, GETDATE()), DATEADD(day, -15, GETDATE()), NULL),
(246, 105, 5, 1, 49.99, DATEADD(day, -5, GETDATE()), DATEADD(day, -5, GETDATE()), NULL),
(247, 106, 10, 3, 12.99, DATEADD(day, -15, GETDATE()), DATEADD(day, -15, GETDATE()), NULL),
(248, 106, 4, 1, 399.99, DATEADD(day, -69, GETDATE()), DATEADD(day, -69, GETDATE()), NULL),
(249, 106, 5, 1, 49.99, DATEADD(day, -48, GETDATE()), DATEADD(day, -48, GETDATE()), NULL),
(250, 107, 18, 1, 29.99, DATEADD(day, -20, GETDATE()), DATEADD(day, -20, GETDATE()), NULL),
(251, 107, 14, 1, 59.99, DATEADD(day, -63, GETDATE()), DATEADD(day, -63, GETDATE()), NULL),
(252, 108, 20, 1, 89.99, DATEADD(day, -36, GETDATE()), DATEADD(day, -36, GETDATE()), NULL),
(253, 108, 2, 1, 29.99, DATEADD(day, -28, GETDATE()), DATEADD(day, -28, GETDATE()), NULL),
(254, 108, 15, 1, 329.99, DATEADD(day, -31, GETDATE()), DATEADD(day, -31, GETDATE()), NULL),
(255, 109, 12, 1, 79.99, DATEADD(day, -88, GETDATE()), DATEADD(day, -88, GETDATE()), NULL),
(256, 109, 12, 1, 79.99, DATEADD(day, -83, GETDATE()), DATEADD(day, -83, GETDATE()), NULL),
(257, 110, 12, 1, 79.99, DATEADD(day, -36, GETDATE()), DATEADD(day, -36, GETDATE()), NULL),
(258, 110, 7, 3, 249.99, DATEADD(day, -59, GETDATE()), DATEADD(day, -59, GETDATE()), NULL),
(259, 110, 3, 1, 89.99, DATEADD(day, -83, GETDATE()), DATEADD(day, -83, GETDATE()), NULL),
(260, 111, 20, 3, 89.99, DATEADD(day, -7, GETDATE()), DATEADD(day, -7, GETDATE()), NULL),
(261, 111, 11, 1, 19.99, DATEADD(day, -17, GETDATE()), DATEADD(day, -17, GETDATE()), NULL),
(262, 112, 19, 1, 19.99, DATEADD(day, -71, GETDATE()), DATEADD(day, -71, GETDATE()), NULL),
(263, 112, 7, 1, 249.99, DATEADD(day, -30, GETDATE()), DATEADD(day, -30, GETDATE()), NULL),
(264, 112, 11, 2, 19.99, DATEADD(day, -77, GETDATE()), DATEADD(day, -77, GETDATE()), NULL),
(265, 113, 1, 1, 1299.99, DATEADD(day, -19, GETDATE()), DATEADD(day, -19, GETDATE()), NULL),
(266, 113, 5, 1, 49.99, DATEADD(day, -23, GETDATE()), DATEADD(day, -23, GETDATE()), NULL),
(267, 114, 4, 1, 399.99, DATEADD(day, -4, GETDATE()), DATEADD(day, -4, GETDATE()), NULL),
(268, 114, 5, 1, 49.99, DATEADD(day, -31, GETDATE()), DATEADD(day, -31, GETDATE()), NULL),
(269, 115, 19, 1, 19.99, DATEADD(day, -23, GETDATE()), DATEADD(day, -23, GETDATE()), NULL),
(270, 115, 9, 1, 149.99, DATEADD(day, -54, GETDATE()), DATEADD(day, -54, GETDATE()), NULL),
(271, 115, 17, 1, 14.99, DATEADD(day, -9, GETDATE()), DATEADD(day, -9, GETDATE()), NULL),
(272, 116, 16, 1, 24.99, DATEADD(day, -47, GETDATE()), DATEADD(day, -47, GETDATE()), NULL),
(273, 116, 17, 1, 14.99, DATEADD(day, -58, GETDATE()), DATEADD(day, -58, GETDATE()), NULL),
(274, 116, 17, 1, 14.99, DATEADD(day, -79, GETDATE()), DATEADD(day, -79, GETDATE()), NULL),
(275, 117, 2, 2, 29.99, DATEADD(day, -85, GETDATE()), DATEADD(day, -85, GETDATE()), NULL),
(276, 117, 17, 1, 14.99, DATEADD(day, -83, GETDATE()), DATEADD(day, -83, GETDATE()), NULL),
(277, 117, 1, 1, 1299.99, DATEADD(day, -62, GETDATE()), DATEADD(day, -62, GETDATE()), NULL),
(278, 118, 13, 1, 79.99, DATEADD(day, -14, GETDATE()), DATEADD(day, -14, GETDATE()), NULL),
(279, 118, 16, 2, 24.99, DATEADD(day, -57, GETDATE()), DATEADD(day, -57, GETDATE()), NULL),
(280, 119, 3, 2, 89.99, DATEADD(day, -42, GETDATE()), DATEADD(day, -42, GETDATE()), NULL),
(281, 119, 20, 1, 89.99, DATEADD(day, -17, GETDATE()), DATEADD(day, -17, GETDATE()), NULL),
(282, 120, 9, 1, 149.99, DATEADD(day, -75, GETDATE()), DATEADD(day, -75, GETDATE()), NULL),
(283, 120, 18, 2, 29.99, DATEADD(day, -49, GETDATE()), DATEADD(day, -49, GETDATE()), NULL),
(284, 121, 20, 1, 89.99, DATEADD(day, -59, GETDATE()), DATEADD(day, -59, GETDATE()), NULL),
(285, 121, 17, 1, 14.99, DATEADD(day, -13, GETDATE()), DATEADD(day, -13, GETDATE()), NULL),
(286, 122, 4, 2, 399.99, DATEADD(day, -84, GETDATE()), DATEADD(day, -84, GETDATE()), NULL),
(287, 122, 18, 2, 29.99, DATEADD(day, -28, GETDATE()), DATEADD(day, -28, GETDATE()), NULL),
(288, 123, 14, 1, 59.99, DATEADD(day, -30, GETDATE()), DATEADD(day, -30, GETDATE()), NULL),
(289, 123, 14, 1, 59.99, DATEADD(day, -59, GETDATE()), DATEADD(day, -59, GETDATE()), NULL),
(290, 123, 13, 1, 79.99, DATEADD(day, -13, GETDATE()), DATEADD(day, -13, GETDATE()), NULL),
(291, 124, 11, 1, 19.99, DATEADD(day, -86, GETDATE()), DATEADD(day, -86, GETDATE()), NULL),
(292, 124, 9, 1, 149.99, DATEADD(day, -20, GETDATE()), DATEADD(day, -20, GETDATE()), NULL),
(293, 125, 16, 1, 24.99, DATEADD(day, -11, GETDATE()), DATEADD(day, -11, GETDATE()), NULL),
(294, 125, 3, 1, 89.99, DATEADD(day, -48, GETDATE()), DATEADD(day, -48, GETDATE()), NULL),
(295, 126, 5, 1, 49.99, DATEADD(day, -76, GETDATE()), DATEADD(day, -76, GETDATE()), NULL),
(296, 126, 18, 1, 29.99, DATEADD(day, -86, GETDATE()), DATEADD(day, -86, GETDATE()), NULL),
(297, 126, 4, 1, 399.99, DATEADD(day, -86, GETDATE()), DATEADD(day, -86, GETDATE()), NULL),
(298, 127, 14, 2, 59.99, DATEADD(day, -7, GETDATE()), DATEADD(day, -7, GETDATE()), NULL),
(299, 127, 10, 1, 12.99, DATEADD(day, -46, GETDATE()), DATEADD(day, -46, GETDATE()), NULL),
(300, 128, 4, 1, 399.99, DATEADD(day, -28, GETDATE()), DATEADD(day, -28, GETDATE()), NULL),
(301, 128, 5, 1, 49.99, DATEADD(day, -29, GETDATE()), DATEADD(day, -29, GETDATE()), NULL),
(302, 129, 4, 1, 399.99, DATEADD(day, -72, GETDATE()), DATEADD(day, -72, GETDATE()), NULL),
(303, 129, 12, 1, 79.99, DATEADD(day, -36, GETDATE()), DATEADD(day, -36, GETDATE()), NULL),
(304, 130, 19, 1, 19.99, DATEADD(day, -55, GETDATE()), DATEADD(day, -55, GETDATE()), NULL),
(305, 130, 18, 3, 29.99, DATEADD(day, -80, GETDATE()), DATEADD(day, -80, GETDATE()), NULL),
(306, 130, 20, 1, 89.99, DATEADD(day, -72, GETDATE()), DATEADD(day, -72, GETDATE()), NULL),
(307, 131, 1, 1, 1299.99, DATEADD(day, -85, GETDATE()), DATEADD(day, -85, GETDATE()), NULL),
(308, 131, 9, 1, 149.99, DATEADD(day, -35, GETDATE()), DATEADD(day, -35, GETDATE()), NULL),
(309, 131, 10, 2, 12.99, DATEADD(day, -45, GETDATE()), DATEADD(day, -45, GETDATE()), NULL),
(310, 132, 1, 1, 1299.99, DATEADD(day, -19, GETDATE()), DATEADD(day, -19, GETDATE()), NULL),
(311, 132, 19, 1, 19.99, DATEADD(day, -9, GETDATE()), DATEADD(day, -9, GETDATE()), NULL),
(312, 133, 5, 2, 49.99, DATEADD(day, -4, GETDATE()), DATEADD(day, -4, GETDATE()), NULL),
(313, 133, 3, 2, 89.99, DATEADD(day, -28, GETDATE()), DATEADD(day, -28, GETDATE()), NULL),
(314, 134, 13, 1, 79.99, DATEADD(day, -44, GETDATE()), DATEADD(day, -44, GETDATE()), NULL),
(315, 134, 6, 1, 39.99, DATEADD(day, -42, GETDATE()), DATEADD(day, -42, GETDATE()), NULL),
(316, 134, 19, 1, 19.99, DATEADD(day, -7, GETDATE()), DATEADD(day, -7, GETDATE()), NULL),
(317, 135, 5, 1, 49.99, DATEADD(day, -80, GETDATE()), DATEADD(day, -80, GETDATE()), NULL),
(318, 135, 2, 1, 29.99, DATEADD(day, -35, GETDATE()), DATEADD(day, -35, GETDATE()), NULL),
(319, 136, 15, 1, 329.99, DATEADD(day, -63, GETDATE()), DATEADD(day, -63, GETDATE()), NULL),
(320, 136, 20, 1, 89.99, DATEADD(day, -35, GETDATE()), DATEADD(day, -35, GETDATE()), NULL),
(321, 137, 7, 2, 249.99, DATEADD(day, -15, GETDATE()), DATEADD(day, -15, GETDATE()), NULL),
(322, 137, 12, 1, 79.99, DATEADD(day, -37, GETDATE()), DATEADD(day, -37, GETDATE()), NULL),
(323, 138, 19, 1, 19.99, DATEADD(day, -86, GETDATE()), DATEADD(day, -86, GETDATE()), NULL),
(324, 138, 10, 1, 12.99, DATEADD(day, -51, GETDATE()), DATEADD(day, -51, GETDATE()), NULL),
(325, 138, 20, 1, 89.99, DATEADD(day, -27, GETDATE()), DATEADD(day, -27, GETDATE()), NULL),
(326, 139, 10, 2, 12.99, DATEADD(day, -18, GETDATE()), DATEADD(day, -18, GETDATE()), NULL),
(327, 139, 9, 1, 149.99, DATEADD(day, -16, GETDATE()), DATEADD(day, -16, GETDATE()), NULL),
(328, 139, 1, 1, 1299.99, DATEADD(day, -56, GETDATE()), DATEADD(day, -56, GETDATE()), NULL),
(329, 140, 6, 1, 39.99, DATEADD(day, -69, GETDATE()), DATEADD(day, -69, GETDATE()), NULL),
(330, 140, 8, 1, 499.99, DATEADD(day, -86, GETDATE()), DATEADD(day, -86, GETDATE()), NULL),
(331, 140, 12, 1, 79.99, DATEADD(day, -6, GETDATE()), DATEADD(day, -6, GETDATE()), NULL),
(332, 141, 14, 1, 59.99, DATEADD(day, -10, GETDATE()), DATEADD(day, -10, GETDATE()), NULL),
(333, 141, 11, 1, 19.99, DATEADD(day, -74, GETDATE()), DATEADD(day, -74, GETDATE()), NULL),
(334, 142, 13, 2, 79.99, DATEADD(day, -54, GETDATE()), DATEADD(day, -54, GETDATE()), NULL),
(335, 142, 10, 1, 12.99, DATEADD(day, -3, GETDATE()), DATEADD(day, -3, GETDATE()), NULL),
(336, 142, 11, 1, 19.99, DATEADD(day, -80, GETDATE()), DATEADD(day, -80, GETDATE()), NULL),
(337, 143, 15, 2, 329.99, DATEADD(day, -47, GETDATE()), DATEADD(day, -47, GETDATE()), NULL),
(338, 143, 3, 1, 89.99, DATEADD(day, -14, GETDATE()), DATEADD(day, -14, GETDATE()), NULL),
(339, 144, 8, 1, 499.99, DATEADD(day, -52, GETDATE()), DATEADD(day, -52, GETDATE()), NULL),
(340, 144, 17, 1, 14.99, DATEADD(day, -40, GETDATE()), DATEADD(day, -40, GETDATE()), NULL),
(341, 145, 11, 1, 19.99, DATEADD(day, -22, GETDATE()), DATEADD(day, -22, GETDATE()), NULL),
(342, 145, 3, 1, 89.99, DATEADD(day, -15, GETDATE()), DATEADD(day, -15, GETDATE()), NULL),
(343, 146, 17, 1, 14.99, DATEADD(day, -45, GETDATE()), DATEADD(day, -45, GETDATE()), NULL),
(344, 146, 12, 2, 79.99, DATEADD(day, -83, GETDATE()), DATEADD(day, -83, GETDATE()), NULL),
(345, 147, 5, 1, 49.99, DATEADD(day, -19, GETDATE()), DATEADD(day, -19, GETDATE()), NULL),
(346, 147, 9, 1, 149.99, DATEADD(day, -78, GETDATE()), DATEADD(day, -78, GETDATE()), NULL),
(347, 147, 5, 2, 49.99, DATEADD(day, -84, GETDATE()), DATEADD(day, -84, GETDATE()), NULL),
(348, 148, 3, 1, 89.99, DATEADD(day, -81, GETDATE()), DATEADD(day, -81, GETDATE()), NULL),
(349, 148, 16, 1, 24.99, DATEADD(day, -73, GETDATE()), DATEADD(day, -73, GETDATE()), NULL),
(350, 149, 19, 1, 19.99, DATEADD(day, -73, GETDATE()), DATEADD(day, -73, GETDATE()), NULL),
(351, 149, 20, 1, 89.99, DATEADD(day, -81, GETDATE()), DATEADD(day, -81, GETDATE()), NULL),
(352, 150, 11, 1, 19.99, DATEADD(day, -9, GETDATE()), DATEADD(day, -9, GETDATE()), NULL),
(353, 150, 16, 1, 24.99, DATEADD(day, -39, GETDATE()), DATEADD(day, -39, GETDATE()), NULL),
(354, 150, 9, 1, 149.99, DATEADD(day, -46, GETDATE()), DATEADD(day, -46, GETDATE()), NULL),
(355, 151, 17, 1, 14.99, DATEADD(day, -60, GETDATE()), DATEADD(day, -60, GETDATE()), NULL),
(356, 151, 15, 1, 329.99, DATEADD(day, -48, GETDATE()), DATEADD(day, -48, GETDATE()), NULL),
(357, 152, 10, 1, 12.99, DATEADD(day, -12, GETDATE()), DATEADD(day, -12, GETDATE()), NULL),
(358, 152, 20, 1, 89.99, DATEADD(day, -50, GETDATE()), DATEADD(day, -50, GETDATE()), NULL),
(359, 153, 15, 1, 329.99, DATEADD(day, -6, GETDATE()), DATEADD(day, -6, GETDATE()), NULL),
(360, 153, 15, 2, 329.99, DATEADD(day, -74, GETDATE()), DATEADD(day, -74, GETDATE()), NULL),
(361, 153, 7, 1, 249.99, DATEADD(day, -61, GETDATE()), DATEADD(day, -61, GETDATE()), NULL),
(362, 154, 17, 1, 14.99, DATEADD(day, -8, GETDATE()), DATEADD(day, -8, GETDATE()), NULL),
(363, 154, 15, 1, 329.99, DATEADD(day, -44, GETDATE()), DATEADD(day, -44, GETDATE()), NULL),
(364, 155, 3, 1, 89.99, DATEADD(day, -23, GETDATE()), DATEADD(day, -23, GETDATE()), NULL),
(365, 155, 2, 1, 29.99, DATEADD(day, -57, GETDATE()), DATEADD(day, -57, GETDATE()), NULL),
(366, 155, 15, 1, 329.99, DATEADD(day, -79, GETDATE()), DATEADD(day, -79, GETDATE()), NULL),
(367, 156, 6, 1, 39.99, DATEADD(day, -37, GETDATE()), DATEADD(day, -37, GETDATE()), NULL),
(368, 156, 13, 1, 79.99, DATEADD(day, -44, GETDATE()), DATEADD(day, -44, GETDATE()), NULL),
(369, 156, 20, 1, 89.99, DATEADD(day, -81, GETDATE()), DATEADD(day, -81, GETDATE()), NULL),
(370, 157, 11, 1, 19.99, DATEADD(day, -13, GETDATE()), DATEADD(day, -13, GETDATE()), NULL),
(371, 157, 18, 1, 29.99, DATEADD(day, -37, GETDATE()), DATEADD(day, -37, GETDATE()), NULL),
(372, 157, 9, 2, 149.99, DATEADD(day, -85, GETDATE()), DATEADD(day, -85, GETDATE()), NULL),
(373, 158, 20, 2, 89.99, DATEADD(day, -43, GETDATE()), DATEADD(day, -43, GETDATE()), NULL),
(374, 158, 3, 1, 89.99, DATEADD(day, -19, GETDATE()), DATEADD(day, -19, GETDATE()), NULL),
(375, 159, 12, 1, 79.99, DATEADD(day, -84, GETDATE()), DATEADD(day, -84, GETDATE()), NULL),
(376, 159, 13, 1, 79.99, DATEADD(day, -11, GETDATE()), DATEADD(day, -11, GETDATE()), NULL),
(377, 159, 10, 1, 12.99, DATEADD(day, -83, GETDATE()), DATEADD(day, -83, GETDATE()), NULL),
(378, 160, 11, 2, 19.99, DATEADD(day, -86, GETDATE()), DATEADD(day, -86, GETDATE()), NULL),
(379, 160, 17, 1, 14.99, DATEADD(day, -86, GETDATE()), DATEADD(day, -86, GETDATE()), NULL),
(380, 161, 14, 1, 59.99, DATEADD(day, -3, GETDATE()), DATEADD(day, -3, GETDATE()), NULL),
(381, 161, 12, 1, 79.99, DATEADD(day, -28, GETDATE()), DATEADD(day, -28, GETDATE()), NULL),
(382, 162, 11, 2, 19.99, DATEADD(day, -63, GETDATE()), DATEADD(day, -63, GETDATE()), NULL),
(383, 162, 7, 1, 249.99, DATEADD(day, -18, GETDATE()), DATEADD(day, -18, GETDATE()), NULL),
(384, 163, 5, 1, 49.99, DATEADD(day, -13, GETDATE()), DATEADD(day, -13, GETDATE()), NULL),
(385, 163, 17, 2, 14.99, DATEADD(day, -68, GETDATE()), DATEADD(day, -68, GETDATE()), NULL),
(386, 164, 2, 1, 29.99, DATEADD(day, -80, GETDATE()), DATEADD(day, -80, GETDATE()), NULL),
(387, 164, 5, 1, 49.99, DATEADD(day, -20, GETDATE()), DATEADD(day, -20, GETDATE()), NULL),
(388, 165, 6, 1, 39.99, DATEADD(day, -89, GETDATE()), DATEADD(day, -89, GETDATE()), NULL),
(389, 165, 20, 2, 89.99, DATEADD(day, -22, GETDATE()), DATEADD(day, -22, GETDATE()), NULL),
(390, 165, 15, 1, 329.99, DATEADD(day, -47, GETDATE()), DATEADD(day, -47, GETDATE()), NULL),
(391, 166, 8, 3, 499.99, DATEADD(day, -79, GETDATE()), DATEADD(day, -79, GETDATE()), NULL),
(392, 166, 10, 2, 12.99, DATEADD(day, -58, GETDATE()), DATEADD(day, -58, GETDATE()), NULL),
(393, 166, 8, 1, 499.99, DATEADD(day, -40, GETDATE()), DATEADD(day, -40, GETDATE()), NULL),
(394, 167, 16, 2, 24.99, DATEADD(day, -25, GETDATE()), DATEADD(day, -25, GETDATE()), NULL),
(395, 167, 12, 1, 79.99, DATEADD(day, -74, GETDATE()), DATEADD(day, -74, GETDATE()), NULL),
(396, 168, 15, 1, 329.99, DATEADD(day, -37, GETDATE()), DATEADD(day, -37, GETDATE()), NULL),
(397, 168, 13, 1, 79.99, DATEADD(day, -54, GETDATE()), DATEADD(day, -54, GETDATE()), NULL),
(398, 169, 6, 2, 39.99, DATEADD(day, -78, GETDATE()), DATEADD(day, -78, GETDATE()), NULL),
(399, 169, 5, 2, 49.99, DATEADD(day, -7, GETDATE()), DATEADD(day, -7, GETDATE()), NULL),
(400, 169, 16, 2, 24.99, DATEADD(day, -71, GETDATE()), DATEADD(day, -71, GETDATE()), NULL),
(401, 170, 4, 2, 399.99, DATEADD(day, -67, GETDATE()), DATEADD(day, -67, GETDATE()), NULL),
(402, 170, 4, 1, 399.99, DATEADD(day, -21, GETDATE()), DATEADD(day, -21, GETDATE()), NULL),
(403, 170, 9, 1, 149.99, DATEADD(day, -66, GETDATE()), DATEADD(day, -66, GETDATE()), NULL),
(404, 171, 5, 2, 49.99, DATEADD(day, -12, GETDATE()), DATEADD(day, -12, GETDATE()), NULL),
(405, 171, 8, 2, 499.99, DATEADD(day, -45, GETDATE()), DATEADD(day, -45, GETDATE()), NULL),
(406, 172, 1, 1, 1299.99, DATEADD(day, -51, GETDATE()), DATEADD(day, -51, GETDATE()), NULL),
(407, 172, 17, 1, 14.99, DATEADD(day, -50, GETDATE()), DATEADD(day, -50, GETDATE()), NULL),
(408, 173, 3, 1, 89.99, DATEADD(day, -4, GETDATE()), DATEADD(day, -4, GETDATE()), NULL),
(409, 173, 11, 2, 19.99, DATEADD(day, -84, GETDATE()), DATEADD(day, -84, GETDATE()), NULL),
(410, 173, 11, 2, 19.99, DATEADD(day, -18, GETDATE()), DATEADD(day, -18, GETDATE()), NULL),
(411, 174, 2, 1, 29.99, DATEADD(day, -61, GETDATE()), DATEADD(day, -61, GETDATE()), NULL),
(412, 174, 5, 2, 49.99, DATEADD(day, -61, GETDATE()), DATEADD(day, -61, GETDATE()), NULL),
(413, 175, 15, 1, 329.99, DATEADD(day, -11, GETDATE()), DATEADD(day, -11, GETDATE()), NULL),
(414, 175, 1, 1, 1299.99, DATEADD(day, -20, GETDATE()), DATEADD(day, -20, GETDATE()), NULL),
(415, 176, 18, 2, 29.99, DATEADD(day, -78, GETDATE()), DATEADD(day, -78, GETDATE()), NULL),
(416, 176, 17, 1, 14.99, DATEADD(day, -37, GETDATE()), DATEADD(day, -37, GETDATE()), NULL),
(417, 177, 8, 1, 499.99, DATEADD(day, -7, GETDATE()), DATEADD(day, -7, GETDATE()), NULL),
(418, 177, 8, 1, 499.99, DATEADD(day, -80, GETDATE()), DATEADD(day, -80, GETDATE()), NULL),
(419, 178, 15, 1, 329.99, DATEADD(day, -64, GETDATE()), DATEADD(day, -64, GETDATE()), NULL),
(420, 178, 20, 1, 89.99, DATEADD(day, -81, GETDATE()), DATEADD(day, -81, GETDATE()), NULL),
(421, 179, 17, 1, 14.99, DATEADD(day, -19, GETDATE()), DATEADD(day, -19, GETDATE()), NULL),
(422, 179, 10, 1, 12.99, DATEADD(day, -79, GETDATE()), DATEADD(day, -79, GETDATE()), NULL),
(423, 179, 12, 1, 79.99, DATEADD(day, -54, GETDATE()), DATEADD(day, -54, GETDATE()), NULL),
(424, 180, 6, 1, 39.99, DATEADD(day, -11, GETDATE()), DATEADD(day, -11, GETDATE()), NULL),
(425, 180, 17, 3, 14.99, DATEADD(day, -9, GETDATE()), DATEADD(day, -9, GETDATE()), NULL),
(426, 180, 17, 1, 14.99, DATEADD(day, -65, GETDATE()), DATEADD(day, -65, GETDATE()), NULL),
(427, 181, 18, 1, 29.99, DATEADD(day, -61, GETDATE()), DATEADD(day, -61, GETDATE()), NULL),
(428, 181, 2, 1, 29.99, DATEADD(day, -48, GETDATE()), DATEADD(day, -48, GETDATE()), NULL),
(429, 182, 9, 2, 149.99, DATEADD(day, -46, GETDATE()), DATEADD(day, -46, GETDATE()), NULL),
(430, 182, 3, 1, 89.99, DATEADD(day, -85, GETDATE()), DATEADD(day, -85, GETDATE()), NULL),
(431, 183, 4, 2, 399.99, DATEADD(day, -43, GETDATE()), DATEADD(day, -43, GETDATE()), NULL),
(432, 183, 5, 1, 49.99, DATEADD(day, -70, GETDATE()), DATEADD(day, -70, GETDATE()), NULL),
(433, 184, 11, 2, 19.99, DATEADD(day, -23, GETDATE()), DATEADD(day, -23, GETDATE()), NULL),
(434, 184, 15, 3, 329.99, DATEADD(day, -62, GETDATE()), DATEADD(day, -62, GETDATE()), NULL),
(435, 184, 6, 2, 39.99, DATEADD(day, -9, GETDATE()), DATEADD(day, -9, GETDATE()), NULL),
(436, 185, 15, 1, 329.99, DATEADD(day, -26, GETDATE()), DATEADD(day, -26, GETDATE()), NULL),
(437, 185, 2, 2, 29.99, DATEADD(day, -6, GETDATE()), DATEADD(day, -6, GETDATE()), NULL),
(438, 185, 11, 2, 19.99, DATEADD(day, -66, GETDATE()), DATEADD(day, -66, GETDATE()), NULL),
(439, 186, 13, 3, 79.99, DATEADD(day, -70, GETDATE()), DATEADD(day, -70, GETDATE()), NULL),
(440, 186, 16, 1, 24.99, DATEADD(day, -83, GETDATE()), DATEADD(day, -83, GETDATE()), NULL),
(441, 187, 7, 1, 249.99, DATEADD(day, -7, GETDATE()), DATEADD(day, -7, GETDATE()), NULL),
(442, 187, 11, 1, 19.99, DATEADD(day, -48, GETDATE()), DATEADD(day, -48, GETDATE()), NULL),
(443, 188, 14, 2, 59.99, DATEADD(day, -57, GETDATE()), DATEADD(day, -57, GETDATE()), NULL),
(444, 188, 13, 1, 79.99, DATEADD(day, -24, GETDATE()), DATEADD(day, -24, GETDATE()), NULL),
(445, 188, 16, 1, 24.99, DATEADD(day, -48, GETDATE()), DATEADD(day, -48, GETDATE()), NULL),
(446, 189, 17, 1, 14.99, DATEADD(day, -11, GETDATE()), DATEADD(day, -11, GETDATE()), NULL),
(447, 189, 14, 1, 59.99, DATEADD(day, -78, GETDATE()), DATEADD(day, -78, GETDATE()), NULL),
(448, 190, 6, 1, 39.99, DATEADD(day, -42, GETDATE()), DATEADD(day, -42, GETDATE()), NULL),
(449, 190, 4, 1, 399.99, DATEADD(day, -85, GETDATE()), DATEADD(day, -85, GETDATE()), NULL),
(450, 191, 10, 1, 12.99, DATEADD(day, -78, GETDATE()), DATEADD(day, -78, GETDATE()), NULL),
(451, 191, 14, 1, 59.99, DATEADD(day, -57, GETDATE()), DATEADD(day, -57, GETDATE()), NULL),
(452, 191, 12, 1, 79.99, DATEADD(day, -46, GETDATE()), DATEADD(day, -46, GETDATE()), NULL),
(453, 192, 20, 3, 89.99, DATEADD(day, -36, GETDATE()), DATEADD(day, -36, GETDATE()), NULL),
(454, 192, 2, 1, 29.99, DATEADD(day, -82, GETDATE()), DATEADD(day, -82, GETDATE()), NULL),
(455, 193, 13, 1, 79.99, DATEADD(day, -87, GETDATE()), DATEADD(day, -87, GETDATE()), NULL),
(456, 193, 6, 3, 39.99, DATEADD(day, -19, GETDATE()), DATEADD(day, -19, GETDATE()), NULL),
(457, 193, 20, 1, 89.99, DATEADD(day, -57, GETDATE()), DATEADD(day, -57, GETDATE()), NULL),
(458, 194, 2, 1, 29.99, DATEADD(day, -31, GETDATE()), DATEADD(day, -31, GETDATE()), NULL),
(459, 194, 12, 1, 79.99, DATEADD(day, -73, GETDATE()), DATEADD(day, -73, GETDATE()), NULL),
(460, 194, 2, 1, 29.99, DATEADD(day, -87, GETDATE()), DATEADD(day, -87, GETDATE()), NULL),
(461, 195, 15, 2, 329.99, DATEADD(day, -48, GETDATE()), DATEADD(day, -48, GETDATE()), NULL),
(462, 195, 15, 2, 329.99, DATEADD(day, -74, GETDATE()), DATEADD(day, -74, GETDATE()), NULL),
(463, 196, 5, 1, 49.99, DATEADD(day, -51, GETDATE()), DATEADD(day, -51, GETDATE()), NULL),
(464, 196, 11, 1, 19.99, DATEADD(day, -32, GETDATE()), DATEADD(day, -32, GETDATE()), NULL),
(465, 197, 4, 1, 399.99, DATEADD(day, -24, GETDATE()), DATEADD(day, -24, GETDATE()), NULL),
(466, 197, 16, 1, 24.99, DATEADD(day, -72, GETDATE()), DATEADD(day, -72, GETDATE()), NULL),
(467, 198, 4, 1, 399.99, DATEADD(day, -34, GETDATE()), DATEADD(day, -34, GETDATE()), NULL),
(468, 198, 15, 1, 329.99, DATEADD(day, -79, GETDATE()), DATEADD(day, -79, GETDATE()), NULL),
(469, 199, 10, 1, 12.99, DATEADD(day, -63, GETDATE()), DATEADD(day, -63, GETDATE()), NULL),
(470, 199, 7, 1, 249.99, DATEADD(day, -10, GETDATE()), DATEADD(day, -10, GETDATE()), NULL),
(471, 200, 15, 1, 329.99, DATEADD(day, -57, GETDATE()), DATEADD(day, -57, GETDATE()), NULL),
(472, 200, 3, 2, 89.99, DATEADD(day, -41, GETDATE()), DATEADD(day, -41, GETDATE()), NULL),
(473, 200, 12, 2, 79.99, DATEADD(day, -71, GETDATE()), DATEADD(day, -71, GETDATE()), NULL),
(474, 201, 18, 1, 29.99, DATEADD(day, -39, GETDATE()), DATEADD(day, -39, GETDATE()), NULL),
(475, 201, 6, 2, 39.99, DATEADD(day, -90, GETDATE()), DATEADD(day, -90, GETDATE()), NULL),
(476, 202, 6, 2, 39.99, DATEADD(day, -66, GETDATE()), DATEADD(day, -66, GETDATE()), NULL),
(477, 202, 8, 1, 499.99, DATEADD(day, -26, GETDATE()), DATEADD(day, -26, GETDATE()), NULL),
(478, 203, 5, 1, 49.99, DATEADD(day, -64, GETDATE()), DATEADD(day, -64, GETDATE()), NULL),
(479, 203, 1, 1, 1299.99, DATEADD(day, -74, GETDATE()), DATEADD(day, -74, GETDATE()), NULL),
(480, 203, 12, 1, 79.99, DATEADD(day, -71, GETDATE()), DATEADD(day, -71, GETDATE()), NULL),
(481, 204, 5, 1, 49.99, DATEADD(day, -12, GETDATE()), DATEADD(day, -12, GETDATE()), NULL),
(482, 204, 3, 1, 89.99, DATEADD(day, -62, GETDATE()), DATEADD(day, -62, GETDATE()), NULL),
(483, 204, 17, 1, 14.99, DATEADD(day, -53, GETDATE()), DATEADD(day, -53, GETDATE()), NULL),
(484, 205, 19, 1, 19.99, DATEADD(day, -41, GETDATE()), DATEADD(day, -41, GETDATE()), NULL),
(485, 205, 3, 1, 89.99, DATEADD(day, -88, GETDATE()), DATEADD(day, -88, GETDATE()), NULL),
(486, 206, 17, 1, 14.99, DATEADD(day, -71, GETDATE()), DATEADD(day, -71, GETDATE()), NULL),
(487, 206, 19, 1, 19.99, DATEADD(day, -17, GETDATE()), DATEADD(day, -17, GETDATE()), NULL),
(488, 206, 14, 1, 59.99, DATEADD(day, -8, GETDATE()), DATEADD(day, -8, GETDATE()), NULL),
(489, 207, 4, 1, 399.99, DATEADD(day, -39, GETDATE()), DATEADD(day, -39, GETDATE()), NULL),
(490, 207, 6, 1, 39.99, DATEADD(day, -29, GETDATE()), DATEADD(day, -29, GETDATE()), NULL),
(491, 208, 12, 2, 79.99, DATEADD(day, -67, GETDATE()), DATEADD(day, -67, GETDATE()), NULL),
(492, 208, 10, 2, 12.99, DATEADD(day, -33, GETDATE()), DATEADD(day, -33, GETDATE()), NULL),
(493, 209, 7, 1, 249.99, DATEADD(day, -71, GETDATE()), DATEADD(day, -71, GETDATE()), NULL),
(494, 209, 9, 1, 149.99, DATEADD(day, -39, GETDATE()), DATEADD(day, -39, GETDATE()), NULL),
(495, 210, 20, 1, 89.99, DATEADD(day, -65, GETDATE()), DATEADD(day, -65, GETDATE()), NULL),
(496, 210, 6, 1, 39.99, DATEADD(day, -75, GETDATE()), DATEADD(day, -75, GETDATE()), NULL),
(497, 211, 5, 1, 49.99, DATEADD(day, -80, GETDATE()), DATEADD(day, -80, GETDATE()), NULL),
(498, 211, 20, 1, 89.99, DATEADD(day, -73, GETDATE()), DATEADD(day, -73, GETDATE()), NULL),
(499, 211, 2, 2, 29.99, DATEADD(day, -4, GETDATE()), DATEADD(day, -4, GETDATE()), NULL),
(500, 212, 3, 1, 89.99, DATEADD(day, -83, GETDATE()), DATEADD(day, -83, GETDATE()), NULL),
(501, 212, 19, 1, 19.99, DATEADD(day, -27, GETDATE()), DATEADD(day, -27, GETDATE()), NULL),
(502, 212, 19, 1, 19.99, DATEADD(day, -82, GETDATE()), DATEADD(day, -82, GETDATE()), NULL),
(503, 213, 1, 1, 1299.99, DATEADD(day, -81, GETDATE()), DATEADD(day, -81, GETDATE()), NULL),
(504, 213, 18, 1, 29.99, DATEADD(day, -39, GETDATE()), DATEADD(day, -39, GETDATE()), NULL),
(505, 213, 16, 1, 24.99, DATEADD(day, -88, GETDATE()), DATEADD(day, -88, GETDATE()), NULL),
(506, 214, 13, 1, 79.99, DATEADD(day, -10, GETDATE()), DATEADD(day, -10, GETDATE()), NULL),
(507, 214, 2, 1, 29.99, DATEADD(day, -54, GETDATE()), DATEADD(day, -54, GETDATE()), NULL),
(508, 215, 16, 1, 24.99, DATEADD(day, -44, GETDATE()), DATEADD(day, -44, GETDATE()), NULL),
(509, 215, 20, 1, 89.99, DATEADD(day, -41, GETDATE()), DATEADD(day, -41, GETDATE()), NULL),
(510, 215, 12, 3, 79.99, DATEADD(day, -17, GETDATE()), DATEADD(day, -17, GETDATE()), NULL),
(511, 216, 12, 1, 79.99, DATEADD(day, -14, GETDATE()), DATEADD(day, -14, GETDATE()), NULL),
(512, 216, 11, 1, 19.99, DATEADD(day, -16, GETDATE()), DATEADD(day, -16, GETDATE()), NULL),
(513, 216, 9, 1, 149.99, DATEADD(day, -19, GETDATE()), DATEADD(day, -19, GETDATE()), NULL),
(514, 217, 4, 1, 399.99, DATEADD(day, -50, GETDATE()), DATEADD(day, -50, GETDATE()), NULL),
(515, 217, 20, 1, 89.99, DATEADD(day, -21, GETDATE()), DATEADD(day, -21, GETDATE()), NULL),
(516, 218, 11, 2, 19.99, DATEADD(day, -41, GETDATE()), DATEADD(day, -41, GETDATE()), NULL),
(517, 218, 7, 2, 249.99, DATEADD(day, -64, GETDATE()), DATEADD(day, -64, GETDATE()), NULL),
(518, 218, 17, 1, 14.99, DATEADD(day, -40, GETDATE()), DATEADD(day, -40, GETDATE()), NULL),
(519, 219, 16, 1, 24.99, DATEADD(day, -51, GETDATE()), DATEADD(day, -51, GETDATE()), NULL),
(520, 219, 17, 1, 14.99, DATEADD(day, -31, GETDATE()), DATEADD(day, -31, GETDATE()), NULL),
(521, 219, 7, 1, 249.99, DATEADD(day, -7, GETDATE()), DATEADD(day, -7, GETDATE()), NULL),
(522, 220, 2, 1, 29.99, DATEADD(day, -77, GETDATE()), DATEADD(day, -77, GETDATE()), NULL),
(523, 220, 16, 1, 24.99, DATEADD(day, -2, GETDATE()), DATEADD(day, -2, GETDATE()), NULL),
(524, 221, 4, 1, 399.99, DATEADD(day, -34, GETDATE()), DATEADD(day, -34, GETDATE()), NULL),
(525, 221, 12, 2, 79.99, DATEADD(day, -47, GETDATE()), DATEADD(day, -47, GETDATE()), NULL),
(526, 222, 2, 1, 29.99, DATEADD(day, -73, GETDATE()), DATEADD(day, -73, GETDATE()), NULL),
(527, 222, 18, 1, 29.99, DATEADD(day, -71, GETDATE()), DATEADD(day, -71, GETDATE()), NULL),
(528, 222, 10, 1, 12.99, DATEADD(day, -65, GETDATE()), DATEADD(day, -65, GETDATE()), NULL),
(529, 223, 15, 2, 329.99, DATEADD(day, -36, GETDATE()), DATEADD(day, -36, GETDATE()), NULL),
(530, 223, 20, 1, 89.99, DATEADD(day, -16, GETDATE()), DATEADD(day, -16, GETDATE()), NULL),
(531, 224, 5, 3, 49.99, DATEADD(day, -51, GETDATE()), DATEADD(day, -51, GETDATE()), NULL),
(532, 224, 12, 2, 79.99, DATEADD(day, -44, GETDATE()), DATEADD(day, -44, GETDATE()), NULL),
(533, 224, 18, 2, 29.99, DATEADD(day, -19, GETDATE()), DATEADD(day, -19, GETDATE()), NULL),
(534, 225, 7, 1, 249.99, DATEADD(day, -52, GETDATE()), DATEADD(day, -52, GETDATE()), NULL),
(535, 225, 17, 1, 14.99, DATEADD(day, -5, GETDATE()), DATEADD(day, -5, GETDATE()), NULL),
(536, 226, 5, 2, 49.99, DATEADD(day, -61, GETDATE()), DATEADD(day, -61, GETDATE()), NULL),
(537, 226, 17, 1, 14.99, DATEADD(day, -78, GETDATE()), DATEADD(day, -78, GETDATE()), NULL),
(538, 226, 17, 1, 14.99, DATEADD(day, -79, GETDATE()), DATEADD(day, -79, GETDATE()), NULL),
(539, 227, 11, 1, 19.99, DATEADD(day, -79, GETDATE()), DATEADD(day, -79, GETDATE()), NULL),
(540, 227, 10, 1, 12.99, DATEADD(day, -65, GETDATE()), DATEADD(day, -65, GETDATE()), NULL),
(541, 228, 17, 1, 14.99, DATEADD(day, -73, GETDATE()), DATEADD(day, -73, GETDATE()), NULL),
(542, 228, 10, 1, 12.99, DATEADD(day, -3, GETDATE()), DATEADD(day, -3, GETDATE()), NULL),
(543, 228, 12, 1, 79.99, DATEADD(day, -15, GETDATE()), DATEADD(day, -15, GETDATE()), NULL),
(544, 229, 14, 1, 59.99, DATEADD(day, -89, GETDATE()), DATEADD(day, -89, GETDATE()), NULL),
(545, 229, 1, 1, 1299.99, DATEADD(day, -34, GETDATE()), DATEADD(day, -34, GETDATE()), NULL),
(546, 230, 19, 1, 19.99, DATEADD(day, -7, GETDATE()), DATEADD(day, -7, GETDATE()), NULL),
(547, 230, 19, 1, 19.99, DATEADD(day, -68, GETDATE()), DATEADD(day, -68, GETDATE()), NULL),
(548, 230, 20, 2, 89.99, DATEADD(day, -49, GETDATE()), DATEADD(day, -49, GETDATE()), NULL),
(549, 231, 5, 2, 49.99, DATEADD(day, -32, GETDATE()), DATEADD(day, -32, GETDATE()), NULL),
(550, 231, 2, 1, 29.99, DATEADD(day, -90, GETDATE()), DATEADD(day, -90, GETDATE()), NULL),
(551, 231, 4, 1, 399.99, DATEADD(day, -57, GETDATE()), DATEADD(day, -57, GETDATE()), NULL),
(552, 232, 11, 1, 19.99, DATEADD(day, -53, GETDATE()), DATEADD(day, -53, GETDATE()), NULL),
(553, 232, 7, 1, 249.99, DATEADD(day, -79, GETDATE()), DATEADD(day, -79, GETDATE()), NULL),
(554, 232, 16, 2, 24.99, DATEADD(day, -8, GETDATE()), DATEADD(day, -8, GETDATE()), NULL),
(555, 233, 5, 1, 49.99, DATEADD(day, -72, GETDATE()), DATEADD(day, -72, GETDATE()), NULL),
(556, 233, 11, 3, 19.99, DATEADD(day, -62, GETDATE()), DATEADD(day, -62, GETDATE()), NULL),
(557, 234, 17, 1, 14.99, DATEADD(day, -23, GETDATE()), DATEADD(day, -23, GETDATE()), NULL),
(558, 234, 15, 2, 329.99, DATEADD(day, -44, GETDATE()), DATEADD(day, -44, GETDATE()), NULL),
(559, 234, 18, 1, 29.99, DATEADD(day, -88, GETDATE()), DATEADD(day, -88, GETDATE()), NULL),
(560, 235, 9, 1, 149.99, DATEADD(day, -25, GETDATE()), DATEADD(day, -25, GETDATE()), NULL),
(561, 235, 8, 1, 499.99, DATEADD(day, -39, GETDATE()), DATEADD(day, -39, GETDATE()), NULL),
(562, 236, 8, 2, 499.99, DATEADD(day, -39, GETDATE()), DATEADD(day, -39, GETDATE()), NULL),
(563, 236, 10, 2, 12.99, DATEADD(day, -89, GETDATE()), DATEADD(day, -89, GETDATE()), NULL),
(564, 236, 16, 1, 24.99, DATEADD(day, -45, GETDATE()), DATEADD(day, -45, GETDATE()), NULL),
(565, 237, 18, 2, 29.99, DATEADD(day, -36, GETDATE()), DATEADD(day, -36, GETDATE()), NULL),
(566, 237, 10, 1, 12.99, DATEADD(day, -87, GETDATE()), DATEADD(day, -87, GETDATE()), NULL),
(567, 238, 18, 1, 29.99, DATEADD(day, -51, GETDATE()), DATEADD(day, -51, GETDATE()), NULL),
(568, 238, 12, 3, 79.99, DATEADD(day, -19, GETDATE()), DATEADD(day, -19, GETDATE()), NULL),
(569, 238, 10, 1, 12.99, DATEADD(day, -11, GETDATE()), DATEADD(day, -11, GETDATE()), NULL),
(570, 239, 12, 2, 79.99, DATEADD(day, -84, GETDATE()), DATEADD(day, -84, GETDATE()), NULL),
(571, 239, 9, 2, 149.99, DATEADD(day, -28, GETDATE()), DATEADD(day, -28, GETDATE()), NULL),
(572, 240, 7, 2, 249.99, DATEADD(day, -35, GETDATE()), DATEADD(day, -35, GETDATE()), NULL),
(573, 240, 18, 1, 29.99, DATEADD(day, -18, GETDATE()), DATEADD(day, -18, GETDATE()), NULL),
(574, 241, 4, 1, 399.99, DATEADD(day, -76, GETDATE()), DATEADD(day, -76, GETDATE()), NULL),
(575, 241, 8, 1, 499.99, DATEADD(day, -86, GETDATE()), DATEADD(day, -86, GETDATE()), NULL),
(576, 241, 17, 1, 14.99, DATEADD(day, -30, GETDATE()), DATEADD(day, -30, GETDATE()), NULL),
(577, 242, 2, 1, 29.99, DATEADD(day, -43, GETDATE()), DATEADD(day, -43, GETDATE()), NULL),
(578, 242, 16, 1, 24.99, DATEADD(day, -18, GETDATE()), DATEADD(day, -18, GETDATE()), NULL),
(579, 243, 1, 3, 1299.99, DATEADD(day, -21, GETDATE()), DATEADD(day, -21, GETDATE()), NULL),
(580, 243, 14, 1, 59.99, DATEADD(day, -61, GETDATE()), DATEADD(day, -61, GETDATE()), NULL),
(581, 244, 16, 1, 24.99, DATEADD(day, -37, GETDATE()), DATEADD(day, -37, GETDATE()), NULL),
(582, 244, 11, 1, 19.99, DATEADD(day, -8, GETDATE()), DATEADD(day, -8, GETDATE()), NULL),
(583, 245, 3, 1, 89.99, DATEADD(day, -30, GETDATE()), DATEADD(day, -30, GETDATE()), NULL),
(584, 245, 18, 2, 29.99, DATEADD(day, -5, GETDATE()), DATEADD(day, -5, GETDATE()), NULL),
(585, 246, 6, 1, 39.99, DATEADD(day, -23, GETDATE()), DATEADD(day, -23, GETDATE()), NULL),
(586, 246, 2, 3, 29.99, DATEADD(day, -51, GETDATE()), DATEADD(day, -51, GETDATE()), NULL),
(587, 247, 16, 1, 24.99, DATEADD(day, -38, GETDATE()), DATEADD(day, -38, GETDATE()), NULL),
(588, 247, 2, 1, 29.99, DATEADD(day, -73, GETDATE()), DATEADD(day, -73, GETDATE()), NULL),
(589, 248, 20, 1, 89.99, DATEADD(day, -43, GETDATE()), DATEADD(day, -43, GETDATE()), NULL),
(590, 248, 10, 1, 12.99, DATEADD(day, -83, GETDATE()), DATEADD(day, -83, GETDATE()), NULL),
(591, 248, 18, 1, 29.99, DATEADD(day, -18, GETDATE()), DATEADD(day, -18, GETDATE()), NULL),
(592, 249, 17, 1, 14.99, DATEADD(day, -25, GETDATE()), DATEADD(day, -25, GETDATE()), NULL),
(593, 249, 4, 1, 399.99, DATEADD(day, -59, GETDATE()), DATEADD(day, -59, GETDATE()), NULL),
(594, 250, 9, 2, 149.99, DATEADD(day, -2, GETDATE()), DATEADD(day, -2, GETDATE()), NULL),
(595, 250, 11, 2, 19.99, DATEADD(day, -73, GETDATE()), DATEADD(day, -73, GETDATE()), NULL),
(596, 251, 7, 1, 249.99, DATEADD(day, -82, GETDATE()), DATEADD(day, -82, GETDATE()), NULL),
(597, 251, 13, 2, 79.99, DATEADD(day, -66, GETDATE()), DATEADD(day, -66, GETDATE()), NULL),
(598, 252, 11, 1, 19.99, DATEADD(day, -86, GETDATE()), DATEADD(day, -86, GETDATE()), NULL),
(599, 252, 4, 1, 399.99, DATEADD(day, -18, GETDATE()), DATEADD(day, -18, GETDATE()), NULL),
(600, 252, 16, 1, 24.99, DATEADD(day, -32, GETDATE()), DATEADD(day, -32, GETDATE()), NULL),
(601, 253, 1, 1, 1299.99, DATEADD(day, -31, GETDATE()), DATEADD(day, -31, GETDATE()), NULL),
(602, 253, 15, 2, 329.99, DATEADD(day, -43, GETDATE()), DATEADD(day, -43, GETDATE()), NULL),
(603, 253, 10, 1, 12.99, DATEADD(day, -74, GETDATE()), DATEADD(day, -74, GETDATE()), NULL),
(604, 254, 1, 1, 1299.99, DATEADD(day, -47, GETDATE()), DATEADD(day, -47, GETDATE()), NULL),
(605, 254, 8, 1, 499.99, DATEADD(day, -16, GETDATE()), DATEADD(day, -16, GETDATE()), NULL),
(606, 254, 15, 1, 329.99, DATEADD(day, -52, GETDATE()), DATEADD(day, -52, GETDATE()), NULL),
(607, 255, 17, 2, 14.99, DATEADD(day, -40, GETDATE()), DATEADD(day, -40, GETDATE()), NULL),
(608, 255, 4, 1, 399.99, DATEADD(day, -38, GETDATE()), DATEADD(day, -38, GETDATE()), NULL),
(609, 255, 12, 1, 79.99, DATEADD(day, -29, GETDATE()), DATEADD(day, -29, GETDATE()), NULL),
(610, 256, 5, 1, 49.99, DATEADD(day, -59, GETDATE()), DATEADD(day, -59, GETDATE()), NULL),
(611, 256, 20, 1, 89.99, DATEADD(day, -90, GETDATE()), DATEADD(day, -90, GETDATE()), NULL),
(612, 257, 18, 2, 29.99, DATEADD(day, -69, GETDATE()), DATEADD(day, -69, GETDATE()), NULL),
(613, 257, 7, 2, 249.99, DATEADD(day, -88, GETDATE()), DATEADD(day, -88, GETDATE()), NULL),
(614, 258, 20, 2, 89.99, DATEADD(day, -11, GETDATE()), DATEADD(day, -11, GETDATE()), NULL),
(615, 258, 17, 1, 14.99, DATEADD(day, -47, GETDATE()), DATEADD(day, -47, GETDATE()), NULL),
(616, 258, 3, 2, 89.99, DATEADD(day, -15, GETDATE()), DATEADD(day, -15, GETDATE()), NULL),
(617, 259, 2, 2, 29.99, DATEADD(day, -65, GETDATE()), DATEADD(day, -65, GETDATE()), NULL),
(618, 259, 7, 1, 249.99, DATEADD(day, -20, GETDATE()), DATEADD(day, -20, GETDATE()), NULL),
(619, 260, 6, 1, 39.99, DATEADD(day, -67, GETDATE()), DATEADD(day, -67, GETDATE()), NULL),
(620, 260, 15, 1, 329.99, DATEADD(day, -27, GETDATE()), DATEADD(day, -27, GETDATE()), NULL),
(621, 261, 19, 1, 19.99, DATEADD(day, -66, GETDATE()), DATEADD(day, -66, GETDATE()), NULL),
(622, 261, 15, 2, 329.99, DATEADD(day, -59, GETDATE()), DATEADD(day, -59, GETDATE()), NULL),
(623, 262, 5, 1, 49.99, DATEADD(day, -59, GETDATE()), DATEADD(day, -59, GETDATE()), NULL),
(624, 262, 19, 1, 19.99, DATEADD(day, -60, GETDATE()), DATEADD(day, -60, GETDATE()), NULL),
(625, 262, 10, 2, 12.99, DATEADD(day, -51, GETDATE()), DATEADD(day, -51, GETDATE()), NULL),
(626, 263, 9, 2, 149.99, DATEADD(day, -28, GETDATE()), DATEADD(day, -28, GETDATE()), NULL),
(627, 263, 19, 1, 19.99, DATEADD(day, -55, GETDATE()), DATEADD(day, -55, GETDATE()), NULL),
(628, 264, 12, 2, 79.99, DATEADD(day, -70, GETDATE()), DATEADD(day, -70, GETDATE()), NULL),
(629, 264, 2, 2, 29.99, DATEADD(day, -9, GETDATE()), DATEADD(day, -9, GETDATE()), NULL),
(630, 265, 16, 1, 24.99, DATEADD(day, -53, GETDATE()), DATEADD(day, -53, GETDATE()), NULL),
(631, 265, 6, 2, 39.99, DATEADD(day, -83, GETDATE()), DATEADD(day, -83, GETDATE()), NULL),
(632, 266, 14, 1, 59.99, DATEADD(day, -49, GETDATE()), DATEADD(day, -49, GETDATE()), NULL),
(633, 266, 15, 2, 329.99, DATEADD(day, -49, GETDATE()), DATEADD(day, -49, GETDATE()), NULL),
(634, 266, 13, 1, 79.99, DATEADD(day, -85, GETDATE()), DATEADD(day, -85, GETDATE()), NULL),
(635, 267, 18, 1, 29.99, DATEADD(day, -45, GETDATE()), DATEADD(day, -45, GETDATE()), NULL),
(636, 267, 4, 1, 399.99, DATEADD(day, -69, GETDATE()), DATEADD(day, -69, GETDATE()), NULL),
(637, 267, 13, 1, 79.99, DATEADD(day, -29, GETDATE()), DATEADD(day, -29, GETDATE()), NULL),
(638, 268, 1, 2, 1299.99, DATEADD(day, -39, GETDATE()), DATEADD(day, -39, GETDATE()), NULL),
(639, 268, 15, 1, 329.99, DATEADD(day, -70, GETDATE()), DATEADD(day, -70, GETDATE()), NULL),
(640, 268, 14, 1, 59.99, DATEADD(day, -30, GETDATE()), DATEADD(day, -30, GETDATE()), NULL),
(641, 269, 8, 1, 499.99, DATEADD(day, -20, GETDATE()), DATEADD(day, -20, GETDATE()), NULL),
(642, 269, 9, 1, 149.99, DATEADD(day, -15, GETDATE()), DATEADD(day, -15, GETDATE()), NULL),
(643, 269, 2, 2, 29.99, DATEADD(day, -54, GETDATE()), DATEADD(day, -54, GETDATE()), NULL),
(644, 270, 20, 2, 89.99, DATEADD(day, -3, GETDATE()), DATEADD(day, -3, GETDATE()), NULL),
(645, 270, 8, 1, 499.99, DATEADD(day, -13, GETDATE()), DATEADD(day, -13, GETDATE()), NULL),
(646, 271, 20, 1, 89.99, DATEADD(day, -77, GETDATE()), DATEADD(day, -77, GETDATE()), NULL),
(647, 271, 2, 1, 29.99, DATEADD(day, -6, GETDATE()), DATEADD(day, -6, GETDATE()), NULL),
(648, 272, 13, 1, 79.99, DATEADD(day, -70, GETDATE()), DATEADD(day, -70, GETDATE()), NULL),
(649, 272, 7, 2, 249.99, DATEADD(day, -8, GETDATE()), DATEADD(day, -8, GETDATE()), NULL),
(650, 272, 5, 1, 49.99, DATEADD(day, -38, GETDATE()), DATEADD(day, -38, GETDATE()), NULL),
(651, 273, 8, 2, 499.99, DATEADD(day, -74, GETDATE()), DATEADD(day, -74, GETDATE()), NULL),
(652, 273, 11, 1, 19.99, DATEADD(day, -87, GETDATE()), DATEADD(day, -87, GETDATE()), NULL),
(653, 274, 11, 1, 19.99, DATEADD(day, -19, GETDATE()), DATEADD(day, -19, GETDATE()), NULL),
(654, 274, 17, 1, 14.99, DATEADD(day, -39, GETDATE()), DATEADD(day, -39, GETDATE()), NULL),
(655, 274, 9, 1, 149.99, DATEADD(day, -76, GETDATE()), DATEADD(day, -76, GETDATE()), NULL),
(656, 275, 6, 1, 39.99, DATEADD(day, -55, GETDATE()), DATEADD(day, -55, GETDATE()), NULL),
(657, 275, 18, 1, 29.99, DATEADD(day, -45, GETDATE()), DATEADD(day, -45, GETDATE()), NULL),
(658, 276, 13, 2, 79.99, DATEADD(day, -41, GETDATE()), DATEADD(day, -41, GETDATE()), NULL),
(659, 276, 14, 1, 59.99, DATEADD(day, -39, GETDATE()), DATEADD(day, -39, GETDATE()), NULL),
(660, 277, 13, 1, 79.99, DATEADD(day, -69, GETDATE()), DATEADD(day, -69, GETDATE()), NULL),
(661, 277, 16, 1, 24.99, DATEADD(day, -29, GETDATE()), DATEADD(day, -29, GETDATE()), NULL),
(662, 278, 10, 2, 12.99, DATEADD(day, -19, GETDATE()), DATEADD(day, -19, GETDATE()), NULL),
(663, 278, 15, 2, 329.99, DATEADD(day, -72, GETDATE()), DATEADD(day, -72, GETDATE()), NULL),
(664, 279, 14, 3, 59.99, DATEADD(day, -72, GETDATE()), DATEADD(day, -72, GETDATE()), NULL),
(665, 279, 17, 1, 14.99, DATEADD(day, -32, GETDATE()), DATEADD(day, -32, GETDATE()), NULL),
(666, 279, 9, 1, 149.99, DATEADD(day, -83, GETDATE()), DATEADD(day, -83, GETDATE()), NULL),
(667, 280, 3, 2, 89.99, DATEADD(day, -48, GETDATE()), DATEADD(day, -48, GETDATE()), NULL),
(668, 280, 3, 1, 89.99, DATEADD(day, -25, GETDATE()), DATEADD(day, -25, GETDATE()), NULL),
(669, 280, 2, 1, 29.99, DATEADD(day, -87, GETDATE()), DATEADD(day, -87, GETDATE()), NULL),
(670, 281, 20, 1, 89.99, DATEADD(day, -10, GETDATE()), DATEADD(day, -10, GETDATE()), NULL),
(671, 281, 7, 2, 249.99, DATEADD(day, -76, GETDATE()), DATEADD(day, -76, GETDATE()), NULL),
(672, 282, 18, 1, 29.99, DATEADD(day, -27, GETDATE()), DATEADD(day, -27, GETDATE()), NULL),
(673, 282, 11, 1, 19.99, DATEADD(day, -2, GETDATE()), DATEADD(day, -2, GETDATE()), NULL),
(674, 283, 7, 2, 249.99, DATEADD(day, -16, GETDATE()), DATEADD(day, -16, GETDATE()), NULL),
(675, 283, 16, 2, 24.99, DATEADD(day, -90, GETDATE()), DATEADD(day, -90, GETDATE()), NULL),
(676, 283, 20, 2, 89.99, DATEADD(day, -51, GETDATE()), DATEADD(day, -51, GETDATE()), NULL),
(677, 284, 8, 1, 499.99, DATEADD(day, -37, GETDATE()), DATEADD(day, -37, GETDATE()), NULL),
(678, 284, 13, 1, 79.99, DATEADD(day, -84, GETDATE()), DATEADD(day, -84, GETDATE()), NULL),
(679, 284, 12, 1, 79.99, DATEADD(day, -47, GETDATE()), DATEADD(day, -47, GETDATE()), NULL),
(680, 285, 17, 2, 14.99, DATEADD(day, -60, GETDATE()), DATEADD(day, -60, GETDATE()), NULL),
(681, 285, 4, 2, 399.99, DATEADD(day, -61, GETDATE()), DATEADD(day, -61, GETDATE()), NULL),
(682, 285, 11, 2, 19.99, DATEADD(day, -48, GETDATE()), DATEADD(day, -48, GETDATE()), NULL),
(683, 286, 11, 1, 19.99, DATEADD(day, -73, GETDATE()), DATEADD(day, -73, GETDATE()), NULL),
(684, 286, 8, 2, 499.99, DATEADD(day, -3, GETDATE()), DATEADD(day, -3, GETDATE()), NULL),
(685, 286, 9, 1, 149.99, DATEADD(day, -75, GETDATE()), DATEADD(day, -75, GETDATE()), NULL),
(686, 287, 19, 2, 19.99, DATEADD(day, -38, GETDATE()), DATEADD(day, -38, GETDATE()), NULL),
(687, 287, 5, 1, 49.99, DATEADD(day, -30, GETDATE()), DATEADD(day, -30, GETDATE()), NULL),
(688, 287, 13, 1, 79.99, DATEADD(day, -32, GETDATE()), DATEADD(day, -32, GETDATE()), NULL),
(689, 288, 16, 1, 24.99, DATEADD(day, -88, GETDATE()), DATEADD(day, -88, GETDATE()), NULL),
(690, 288, 11, 1, 19.99, DATEADD(day, -63, GETDATE()), DATEADD(day, -63, GETDATE()), NULL),
(691, 289, 16, 1, 24.99, DATEADD(day, -46, GETDATE()), DATEADD(day, -46, GETDATE()), NULL),
(692, 289, 6, 1, 39.99, DATEADD(day, -70, GETDATE()), DATEADD(day, -70, GETDATE()), NULL),
(693, 290, 16, 1, 24.99, DATEADD(day, -70, GETDATE()), DATEADD(day, -70, GETDATE()), NULL),
(694, 290, 2, 1, 29.99, DATEADD(day, -10, GETDATE()), DATEADD(day, -10, GETDATE()), NULL),
(695, 291, 2, 2, 29.99, DATEADD(day, -53, GETDATE()), DATEADD(day, -53, GETDATE()), NULL),
(696, 291, 5, 2, 49.99, DATEADD(day, -30, GETDATE()), DATEADD(day, -30, GETDATE()), NULL),
(697, 292, 3, 2, 89.99, DATEADD(day, -2, GETDATE()), DATEADD(day, -2, GETDATE()), NULL),
(698, 292, 7, 1, 249.99, DATEADD(day, -48, GETDATE()), DATEADD(day, -48, GETDATE()), NULL),
(699, 293, 2, 1, 29.99, DATEADD(day, -86, GETDATE()), DATEADD(day, -86, GETDATE()), NULL),
(700, 293, 20, 2, 89.99, DATEADD(day, -85, GETDATE()), DATEADD(day, -85, GETDATE()), NULL),
(701, 294, 16, 1, 24.99, DATEADD(day, -69, GETDATE()), DATEADD(day, -69, GETDATE()), NULL),
(702, 294, 18, 1, 29.99, DATEADD(day, -3, GETDATE()), DATEADD(day, -3, GETDATE()), NULL),
(703, 294, 17, 2, 14.99, DATEADD(day, -69, GETDATE()), DATEADD(day, -69, GETDATE()), NULL),
(704, 295, 10, 1, 12.99, DATEADD(day, -90, GETDATE()), DATEADD(day, -90, GETDATE()), NULL),
(705, 295, 14, 2, 59.99, DATEADD(day, -23, GETDATE()), DATEADD(day, -23, GETDATE()), NULL),
(706, 296, 4, 2, 399.99, DATEADD(day, -68, GETDATE()), DATEADD(day, -68, GETDATE()), NULL),
(707, 296, 5, 1, 49.99, DATEADD(day, -80, GETDATE()), DATEADD(day, -80, GETDATE()), NULL),
(708, 297, 17, 1, 14.99, DATEADD(day, -46, GETDATE()), DATEADD(day, -46, GETDATE()), NULL),
(709, 297, 9, 2, 149.99, DATEADD(day, -11, GETDATE()), DATEADD(day, -11, GETDATE()), NULL),
(710, 297, 12, 3, 79.99, DATEADD(day, -59, GETDATE()), DATEADD(day, -59, GETDATE()), NULL),
(711, 298, 19, 1, 19.99, DATEADD(day, -90, GETDATE()), DATEADD(day, -90, GETDATE()), NULL),
(712, 298, 8, 1, 499.99, DATEADD(day, -11, GETDATE()), DATEADD(day, -11, GETDATE()), NULL),
(713, 298, 2, 1, 29.99, DATEADD(day, -49, GETDATE()), DATEADD(day, -49, GETDATE()), NULL),
(714, 299, 13, 1, 79.99, DATEADD(day, -8, GETDATE()), DATEADD(day, -8, GETDATE()), NULL),
(715, 299, 1, 2, 1299.99, DATEADD(day, -11, GETDATE()), DATEADD(day, -11, GETDATE()), NULL),
(716, 300, 16, 2, 24.99, DATEADD(day, -83, GETDATE()), DATEADD(day, -83, GETDATE()), NULL),
(717, 300, 11, 1, 19.99, DATEADD(day, -13, GETDATE()), DATEADD(day, -13, GETDATE()), NULL),
(718, 301, 17, 2, 14.99, DATEADD(day, -30, GETDATE()), DATEADD(day, -30, GETDATE()), NULL),
(719, 301, 7, 2, 249.99, DATEADD(day, -89, GETDATE()), DATEADD(day, -89, GETDATE()), NULL),
(720, 302, 19, 1, 19.99, DATEADD(day, -6, GETDATE()), DATEADD(day, -6, GETDATE()), NULL),
(721, 302, 3, 1, 89.99, DATEADD(day, -36, GETDATE()), DATEADD(day, -36, GETDATE()), NULL),
(722, 303, 18, 1, 29.99, DATEADD(day, -5, GETDATE()), DATEADD(day, -5, GETDATE()), NULL),
(723, 303, 6, 2, 39.99, DATEADD(day, -41, GETDATE()), DATEADD(day, -41, GETDATE()), NULL),
(724, 303, 1, 3, 1299.99, DATEADD(day, -76, GETDATE()), DATEADD(day, -76, GETDATE()), NULL),
(725, 304, 5, 2, 49.99, DATEADD(day, -51, GETDATE()), DATEADD(day, -51, GETDATE()), NULL),
(726, 304, 3, 1, 89.99, DATEADD(day, -73, GETDATE()), DATEADD(day, -73, GETDATE()), NULL),
(727, 304, 8, 1, 499.99, DATEADD(day, -50, GETDATE()), DATEADD(day, -50, GETDATE()), NULL),
(728, 305, 18, 1, 29.99, DATEADD(day, -18, GETDATE()), DATEADD(day, -18, GETDATE()), NULL),
(729, 305, 3, 1, 89.99, DATEADD(day, -45, GETDATE()), DATEADD(day, -45, GETDATE()), NULL),
(730, 306, 2, 1, 29.99, DATEADD(day, -30, GETDATE()), DATEADD(day, -30, GETDATE()), NULL),
(731, 306, 3, 1, 89.99, DATEADD(day, -79, GETDATE()), DATEADD(day, -79, GETDATE()), NULL),
(732, 307, 20, 1, 89.99, DATEADD(day, -42, GETDATE()), DATEADD(day, -42, GETDATE()), NULL),
(733, 307, 1, 1, 1299.99, DATEADD(day, -58, GETDATE()), DATEADD(day, -58, GETDATE()), NULL),
(734, 308, 16, 1, 24.99, DATEADD(day, -71, GETDATE()), DATEADD(day, -71, GETDATE()), NULL),
(735, 308, 13, 1, 79.99, DATEADD(day, -88, GETDATE()), DATEADD(day, -88, GETDATE()), NULL),
(736, 308, 19, 1, 19.99, DATEADD(day, -11, GETDATE()), DATEADD(day, -11, GETDATE()), NULL),
(737, 309, 20, 1, 89.99, DATEADD(day, -32, GETDATE()), DATEADD(day, -32, GETDATE()), NULL),
(738, 309, 3, 1, 89.99, DATEADD(day, -20, GETDATE()), DATEADD(day, -20, GETDATE()), NULL),
(739, 310, 13, 2, 79.99, DATEADD(day, -82, GETDATE()), DATEADD(day, -82, GETDATE()), NULL),
(740, 310, 5, 2, 49.99, DATEADD(day, -41, GETDATE()), DATEADD(day, -41, GETDATE()), NULL),
(741, 311, 12, 1, 79.99, DATEADD(day, -1, GETDATE()), DATEADD(day, -1, GETDATE()), NULL),
(742, 311, 10, 1, 12.99, DATEADD(day, -35, GETDATE()), DATEADD(day, -35, GETDATE()), NULL),
(743, 312, 4, 1, 399.99, DATEADD(day, -24, GETDATE()), DATEADD(day, -24, GETDATE()), NULL),
(744, 312, 14, 1, 59.99, DATEADD(day, -72, GETDATE()), DATEADD(day, -72, GETDATE()), NULL),
(745, 313, 17, 1, 14.99, DATEADD(day, -4, GETDATE()), DATEADD(day, -4, GETDATE()), NULL),
(746, 313, 3, 1, 89.99, DATEADD(day, -12, GETDATE()), DATEADD(day, -12, GETDATE()), NULL),
(747, 314, 20, 1, 89.99, DATEADD(day, -42, GETDATE()), DATEADD(day, -42, GETDATE()), NULL),
(748, 314, 13, 1, 79.99, DATEADD(day, -53, GETDATE()), DATEADD(day, -53, GETDATE()), NULL),
(749, 314, 13, 2, 79.99, DATEADD(day, -72, GETDATE()), DATEADD(day, -72, GETDATE()), NULL),
(750, 315, 8, 1, 499.99, DATEADD(day, -22, GETDATE()), DATEADD(day, -22, GETDATE()), NULL),
(751, 315, 13, 1, 79.99, DATEADD(day, -35, GETDATE()), DATEADD(day, -35, GETDATE()), NULL),
(752, 315, 10, 1, 12.99, DATEADD(day, -19, GETDATE()), DATEADD(day, -19, GETDATE()), NULL),
(753, 316, 3, 1, 89.99, DATEADD(day, -36, GETDATE()), DATEADD(day, -36, GETDATE()), NULL),
(754, 316, 14, 1, 59.99, DATEADD(day, -10, GETDATE()), DATEADD(day, -10, GETDATE()), NULL),
(755, 316, 12, 1, 79.99, DATEADD(day, -32, GETDATE()), DATEADD(day, -32, GETDATE()), NULL),
(756, 317, 16, 1, 24.99, DATEADD(day, -26, GETDATE()), DATEADD(day, -26, GETDATE()), NULL),
(757, 317, 15, 1, 329.99, DATEADD(day, -39, GETDATE()), DATEADD(day, -39, GETDATE()), NULL),
(758, 317, 1, 2, 1299.99, DATEADD(day, -43, GETDATE()), DATEADD(day, -43, GETDATE()), NULL),
(759, 318, 20, 1, 89.99, DATEADD(day, -43, GETDATE()), DATEADD(day, -43, GETDATE()), NULL),
(760, 318, 15, 1, 329.99, DATEADD(day, -84, GETDATE()), DATEADD(day, -84, GETDATE()), NULL),
(761, 319, 20, 1, 89.99, DATEADD(day, -42, GETDATE()), DATEADD(day, -42, GETDATE()), NULL),
(762, 319, 20, 2, 89.99, DATEADD(day, -26, GETDATE()), DATEADD(day, -26, GETDATE()), NULL),
(763, 320, 16, 1, 24.99, DATEADD(day, -51, GETDATE()), DATEADD(day, -51, GETDATE()), NULL),
(764, 320, 11, 1, 19.99, DATEADD(day, -89, GETDATE()), DATEADD(day, -89, GETDATE()), NULL),
(765, 321, 16, 3, 24.99, DATEADD(day, -32, GETDATE()), DATEADD(day, -32, GETDATE()), NULL),
(766, 321, 11, 1, 19.99, DATEADD(day, -51, GETDATE()), DATEADD(day, -51, GETDATE()), NULL),
(767, 322, 12, 1, 79.99, DATEADD(day, -73, GETDATE()), DATEADD(day, -73, GETDATE()), NULL),
(768, 322, 7, 1, 249.99, DATEADD(day, -70, GETDATE()), DATEADD(day, -70, GETDATE()), NULL),
(769, 323, 6, 1, 39.99, DATEADD(day, -71, GETDATE()), DATEADD(day, -71, GETDATE()), NULL),
(770, 323, 1, 3, 1299.99, DATEADD(day, -60, GETDATE()), DATEADD(day, -60, GETDATE()), NULL),
(771, 323, 7, 1, 249.99, DATEADD(day, -38, GETDATE()), DATEADD(day, -38, GETDATE()), NULL),
(772, 324, 3, 2, 89.99, DATEADD(day, -53, GETDATE()), DATEADD(day, -53, GETDATE()), NULL),
(773, 324, 16, 1, 24.99, DATEADD(day, -39, GETDATE()), DATEADD(day, -39, GETDATE()), NULL),
(774, 325, 8, 1, 499.99, DATEADD(day, -20, GETDATE()), DATEADD(day, -20, GETDATE()), NULL),
(775, 325, 14, 2, 59.99, DATEADD(day, -10, GETDATE()), DATEADD(day, -10, GETDATE()), NULL),
(776, 325, 15, 3, 329.99, DATEADD(day, -62, GETDATE()), DATEADD(day, -62, GETDATE()), NULL),
(777, 326, 19, 1, 19.99, DATEADD(day, -65, GETDATE()), DATEADD(day, -65, GETDATE()), NULL),
(778, 326, 14, 1, 59.99, DATEADD(day, -47, GETDATE()), DATEADD(day, -47, GETDATE()), NULL),
(779, 327, 18, 1, 29.99, DATEADD(day, -11, GETDATE()), DATEADD(day, -11, GETDATE()), NULL),
(780, 327, 4, 2, 399.99, DATEADD(day, -85, GETDATE()), DATEADD(day, -85, GETDATE()), NULL),
(781, 328, 12, 1, 79.99, DATEADD(day, -79, GETDATE()), DATEADD(day, -79, GETDATE()), NULL),
(782, 328, 2, 1, 29.99, DATEADD(day, -83, GETDATE()), DATEADD(day, -83, GETDATE()), NULL),
(783, 328, 13, 3, 79.99, DATEADD(day, -43, GETDATE()), DATEADD(day, -43, GETDATE()), NULL),
(784, 329, 14, 1, 59.99, DATEADD(day, -13, GETDATE()), DATEADD(day, -13, GETDATE()), NULL),
(785, 329, 9, 1, 149.99, DATEADD(day, -67, GETDATE()), DATEADD(day, -67, GETDATE()), NULL),
(786, 329, 18, 1, 29.99, DATEADD(day, -74, GETDATE()), DATEADD(day, -74, GETDATE()), NULL),
(787, 330, 8, 1, 499.99, DATEADD(day, -51, GETDATE()), DATEADD(day, -51, GETDATE()), NULL),
(788, 330, 15, 2, 329.99, DATEADD(day, -76, GETDATE()), DATEADD(day, -76, GETDATE()), NULL),
(789, 330, 17, 1, 14.99, DATEADD(day, -4, GETDATE()), DATEADD(day, -4, GETDATE()), NULL),
(790, 331, 16, 1, 24.99, DATEADD(day, -54, GETDATE()), DATEADD(day, -54, GETDATE()), NULL),
(791, 331, 3, 1, 89.99, DATEADD(day, -19, GETDATE()), DATEADD(day, -19, GETDATE()), NULL),
(792, 331, 12, 1, 79.99, DATEADD(day, -59, GETDATE()), DATEADD(day, -59, GETDATE()), NULL),
(793, 332, 7, 1, 249.99, DATEADD(day, -45, GETDATE()), DATEADD(day, -45, GETDATE()), NULL),
(794, 332, 16, 1, 24.99, DATEADD(day, -90, GETDATE()), DATEADD(day, -90, GETDATE()), NULL),
(795, 332, 15, 1, 329.99, DATEADD(day, -39, GETDATE()), DATEADD(day, -39, GETDATE()), NULL),
(796, 333, 2, 2, 29.99, DATEADD(day, -15, GETDATE()), DATEADD(day, -15, GETDATE()), NULL),
(797, 333, 1, 2, 1299.99, DATEADD(day, -83, GETDATE()), DATEADD(day, -83, GETDATE()), NULL),
(798, 333, 4, 1, 399.99, DATEADD(day, -22, GETDATE()), DATEADD(day, -22, GETDATE()), NULL),
(799, 334, 8, 1, 499.99, DATEADD(day, -71, GETDATE()), DATEADD(day, -71, GETDATE()), NULL),
(800, 334, 6, 1, 39.99, DATEADD(day, -55, GETDATE()), DATEADD(day, -55, GETDATE()), NULL),
(801, 335, 15, 1, 329.99, DATEADD(day, -52, GETDATE()), DATEADD(day, -52, GETDATE()), NULL),
(802, 335, 6, 1, 39.99, DATEADD(day, -85, GETDATE()), DATEADD(day, -85, GETDATE()), NULL),
(803, 336, 14, 1, 59.99, DATEADD(day, -79, GETDATE()), DATEADD(day, -79, GETDATE()), NULL),
(804, 336, 7, 1, 249.99, DATEADD(day, -55, GETDATE()), DATEADD(day, -55, GETDATE()), NULL),
(805, 337, 13, 1, 79.99, DATEADD(day, -28, GETDATE()), DATEADD(day, -28, GETDATE()), NULL),
(806, 337, 7, 1, 249.99, DATEADD(day, -9, GETDATE()), DATEADD(day, -9, GETDATE()), NULL),
(807, 338, 19, 1, 19.99, DATEADD(day, -69, GETDATE()), DATEADD(day, -69, GETDATE()), NULL),
(808, 338, 6, 1, 39.99, DATEADD(day, -26, GETDATE()), DATEADD(day, -26, GETDATE()), NULL),
(809, 339, 15, 1, 329.99, DATEADD(day, -86, GETDATE()), DATEADD(day, -86, GETDATE()), NULL),
(810, 339, 16, 1, 24.99, DATEADD(day, -82, GETDATE()), DATEADD(day, -82, GETDATE()), NULL),
(811, 340, 11, 1, 19.99, DATEADD(day, -79, GETDATE()), DATEADD(day, -79, GETDATE()), NULL),
(812, 340, 13, 1, 79.99, DATEADD(day, -45, GETDATE()), DATEADD(day, -45, GETDATE()), NULL),
(813, 340, 12, 2, 79.99, DATEADD(day, -80, GETDATE()), DATEADD(day, -80, GETDATE()), NULL),
(814, 341, 6, 2, 39.99, DATEADD(day, -39, GETDATE()), DATEADD(day, -39, GETDATE()), NULL),
(815, 341, 20, 1, 89.99, DATEADD(day, -87, GETDATE()), DATEADD(day, -87, GETDATE()), NULL),
(816, 342, 5, 1, 49.99, DATEADD(day, -31, GETDATE()), DATEADD(day, -31, GETDATE()), NULL),
(817, 342, 10, 1, 12.99, DATEADD(day, -48, GETDATE()), DATEADD(day, -48, GETDATE()), NULL),
(818, 343, 5, 1, 49.99, DATEADD(day, -54, GETDATE()), DATEADD(day, -54, GETDATE()), NULL),
(819, 343, 20, 1, 89.99, DATEADD(day, -50, GETDATE()), DATEADD(day, -50, GETDATE()), NULL),
(820, 344, 14, 1, 59.99, DATEADD(day, -82, GETDATE()), DATEADD(day, -82, GETDATE()), NULL),
(821, 344, 18, 1, 29.99, DATEADD(day, -83, GETDATE()), DATEADD(day, -83, GETDATE()), NULL),
(822, 344, 6, 1, 39.99, DATEADD(day, -63, GETDATE()), DATEADD(day, -63, GETDATE()), NULL),
(823, 345, 10, 1, 12.99, DATEADD(day, -41, GETDATE()), DATEADD(day, -41, GETDATE()), NULL),
(824, 345, 15, 1, 329.99, DATEADD(day, -46, GETDATE()), DATEADD(day, -46, GETDATE()), NULL),
(825, 345, 1, 1, 1299.99, DATEADD(day, -25, GETDATE()), DATEADD(day, -25, GETDATE()), NULL),
(826, 346, 13, 3, 79.99, DATEADD(day, -65, GETDATE()), DATEADD(day, -65, GETDATE()), NULL),
(827, 346, 16, 1, 24.99, DATEADD(day, -63, GETDATE()), DATEADD(day, -63, GETDATE()), NULL),
(828, 346, 14, 2, 59.99, DATEADD(day, -57, GETDATE()), DATEADD(day, -57, GETDATE()), NULL),
(829, 347, 16, 1, 24.99, DATEADD(day, -73, GETDATE()), DATEADD(day, -73, GETDATE()), NULL),
(830, 347, 1, 2, 1299.99, DATEADD(day, -29, GETDATE()), DATEADD(day, -29, GETDATE()), NULL),
(831, 347, 10, 1, 12.99, DATEADD(day, -29, GETDATE()), DATEADD(day, -29, GETDATE()), NULL),
(832, 348, 18, 1, 29.99, DATEADD(day, -59, GETDATE()), DATEADD(day, -59, GETDATE()), NULL),
(833, 348, 19, 2, 19.99, DATEADD(day, -64, GETDATE()), DATEADD(day, -64, GETDATE()), NULL),
(834, 349, 18, 1, 29.99, DATEADD(day, -74, GETDATE()), DATEADD(day, -74, GETDATE()), NULL),
(835, 349, 4, 1, 399.99, DATEADD(day, -70, GETDATE()), DATEADD(day, -70, GETDATE()), NULL),
(836, 350, 12, 1, 79.99, DATEADD(day, -6, GETDATE()), DATEADD(day, -6, GETDATE()), NULL),
(837, 350, 15, 1, 329.99, DATEADD(day, -55, GETDATE()), DATEADD(day, -55, GETDATE()), NULL),
(838, 351, 4, 2, 399.99, DATEADD(day, -84, GETDATE()), DATEADD(day, -84, GETDATE()), NULL),
(839, 351, 8, 1, 499.99, DATEADD(day, -5, GETDATE()), DATEADD(day, -5, GETDATE()), NULL),
(840, 352, 15, 1, 329.99, DATEADD(day, -12, GETDATE()), DATEADD(day, -12, GETDATE()), NULL),
(841, 352, 15, 2, 329.99, DATEADD(day, -16, GETDATE()), DATEADD(day, -16, GETDATE()), NULL),
(842, 353, 8, 1, 499.99, DATEADD(day, -76, GETDATE()), DATEADD(day, -76, GETDATE()), NULL),
(843, 353, 12, 2, 79.99, DATEADD(day, -79, GETDATE()), DATEADD(day, -79, GETDATE()), NULL),
(844, 354, 14, 1, 59.99, DATEADD(day, -18, GETDATE()), DATEADD(day, -18, GETDATE()), NULL),
(845, 354, 7, 2, 249.99, DATEADD(day, -8, GETDATE()), DATEADD(day, -8, GETDATE()), NULL),
(846, 355, 19, 1, 19.99, DATEADD(day, -36, GETDATE()), DATEADD(day, -36, GETDATE()), NULL),
(847, 355, 20, 1, 89.99, DATEADD(day, -42, GETDATE()), DATEADD(day, -42, GETDATE()), NULL),
(848, 355, 10, 1, 12.99, DATEADD(day, -35, GETDATE()), DATEADD(day, -35, GETDATE()), NULL),
(849, 356, 17, 3, 14.99, DATEADD(day, -87, GETDATE()), DATEADD(day, -87, GETDATE()), NULL),
(850, 356, 4, 1, 399.99, DATEADD(day, -53, GETDATE()), DATEADD(day, -53, GETDATE()), NULL),
(851, 356, 2, 3, 29.99, DATEADD(day, -84, GETDATE()), DATEADD(day, -84, GETDATE()), NULL),
(852, 357, 5, 2, 49.99, DATEADD(day, -17, GETDATE()), DATEADD(day, -17, GETDATE()), NULL),
(853, 357, 8, 1, 499.99, DATEADD(day, -42, GETDATE()), DATEADD(day, -42, GETDATE()), NULL),
(854, 358, 8, 2, 499.99, DATEADD(day, -87, GETDATE()), DATEADD(day, -87, GETDATE()), NULL),
(855, 358, 13, 1, 79.99, DATEADD(day, -74, GETDATE()), DATEADD(day, -74, GETDATE()), NULL),
(856, 359, 9, 1, 149.99, DATEADD(day, -49, GETDATE()), DATEADD(day, -49, GETDATE()), NULL),
(857, 359, 15, 1, 329.99, DATEADD(day, -12, GETDATE()), DATEADD(day, -12, GETDATE()), NULL),
(858, 360, 13, 1, 79.99, DATEADD(day, -36, GETDATE()), DATEADD(day, -36, GETDATE()), NULL),
(859, 360, 12, 1, 79.99, DATEADD(day, -63, GETDATE()), DATEADD(day, -63, GETDATE()), NULL),
(860, 361, 11, 1, 19.99, DATEADD(day, -12, GETDATE()), DATEADD(day, -12, GETDATE()), NULL),
(861, 361, 15, 1, 329.99, DATEADD(day, -90, GETDATE()), DATEADD(day, -90, GETDATE()), NULL),
(862, 362, 12, 2, 79.99, DATEADD(day, -69, GETDATE()), DATEADD(day, -69, GETDATE()), NULL),
(863, 362, 13, 1, 79.99, DATEADD(day, -55, GETDATE()), DATEADD(day, -55, GETDATE()), NULL),
(864, 363, 7, 1, 249.99, DATEADD(day, -42, GETDATE()), DATEADD(day, -42, GETDATE()), NULL),
(865, 363, 10, 1, 12.99, DATEADD(day, -74, GETDATE()), DATEADD(day, -74, GETDATE()), NULL),
(866, 363, 5, 1, 49.99, DATEADD(day, -63, GETDATE()), DATEADD(day, -63, GETDATE()), NULL),
(867, 364, 11, 2, 19.99, DATEADD(day, -7, GETDATE()), DATEADD(day, -7, GETDATE()), NULL),
(868, 364, 2, 1, 29.99, DATEADD(day, -59, GETDATE()), DATEADD(day, -59, GETDATE()), NULL),
(869, 365, 1, 1, 1299.99, DATEADD(day, -21, GETDATE()), DATEADD(day, -21, GETDATE()), NULL),
(870, 365, 15, 1, 329.99, DATEADD(day, -55, GETDATE()), DATEADD(day, -55, GETDATE()), NULL),
(871, 365, 7, 3, 249.99, DATEADD(day, -17, GETDATE()), DATEADD(day, -17, GETDATE()), NULL),
(872, 366, 10, 1, 12.99, DATEADD(day, -36, GETDATE()), DATEADD(day, -36, GETDATE()), NULL),
(873, 366, 3, 1, 89.99, DATEADD(day, -33, GETDATE()), DATEADD(day, -33, GETDATE()), NULL),
(874, 366, 3, 1, 89.99, DATEADD(day, -84, GETDATE()), DATEADD(day, -84, GETDATE()), NULL),
(875, 367, 6, 1, 39.99, DATEADD(day, -81, GETDATE()), DATEADD(day, -81, GETDATE()), NULL),
(876, 367, 10, 2, 12.99, DATEADD(day, -30, GETDATE()), DATEADD(day, -30, GETDATE()), NULL),
(877, 368, 14, 1, 59.99, DATEADD(day, -13, GETDATE()), DATEADD(day, -13, GETDATE()), NULL),
(878, 368, 1, 1, 1299.99, DATEADD(day, -10, GETDATE()), DATEADD(day, -10, GETDATE()), NULL),
(879, 369, 5, 1, 49.99, DATEADD(day, -67, GETDATE()), DATEADD(day, -67, GETDATE()), NULL),
(880, 369, 15, 1, 329.99, DATEADD(day, -90, GETDATE()), DATEADD(day, -90, GETDATE()), NULL),
(881, 369, 11, 2, 19.99, DATEADD(day, -55, GETDATE()), DATEADD(day, -55, GETDATE()), NULL),
(882, 370, 5, 1, 49.99, DATEADD(day, -30, GETDATE()), DATEADD(day, -30, GETDATE()), NULL),
(883, 370, 13, 1, 79.99, DATEADD(day, -14, GETDATE()), DATEADD(day, -14, GETDATE()), NULL),
(884, 371, 4, 1, 399.99, DATEADD(day, -39, GETDATE()), DATEADD(day, -39, GETDATE()), NULL),
(885, 371, 5, 1, 49.99, DATEADD(day, -18, GETDATE()), DATEADD(day, -18, GETDATE()), NULL),
(886, 372, 5, 1, 49.99, DATEADD(day, -73, GETDATE()), DATEADD(day, -73, GETDATE()), NULL),
(887, 372, 1, 1, 1299.99, DATEADD(day, -22, GETDATE()), DATEADD(day, -22, GETDATE()), NULL),
(888, 372, 15, 1, 329.99, DATEADD(day, -28, GETDATE()), DATEADD(day, -28, GETDATE()), NULL),
(889, 373, 5, 2, 49.99, DATEADD(day, -79, GETDATE()), DATEADD(day, -79, GETDATE()), NULL),
(890, 373, 15, 2, 329.99, DATEADD(day, -12, GETDATE()), DATEADD(day, -12, GETDATE()), NULL),
(891, 373, 4, 1, 399.99, DATEADD(day, -16, GETDATE()), DATEADD(day, -16, GETDATE()), NULL),
(892, 374, 19, 2, 19.99, DATEADD(day, -45, GETDATE()), DATEADD(day, -45, GETDATE()), NULL),
(893, 374, 14, 1, 59.99, DATEADD(day, -18, GETDATE()), DATEADD(day, -18, GETDATE()), NULL),
(894, 374, 8, 1, 499.99, DATEADD(day, -11, GETDATE()), DATEADD(day, -11, GETDATE()), NULL),
(895, 375, 8, 1, 499.99, DATEADD(day, -77, GETDATE()), DATEADD(day, -77, GETDATE()), NULL),
(896, 375, 20, 1, 89.99, DATEADD(day, -89, GETDATE()), DATEADD(day, -89, GETDATE()), NULL),
(897, 375, 1, 2, 1299.99, DATEADD(day, -85, GETDATE()), DATEADD(day, -85, GETDATE()), NULL),
(898, 376, 10, 1, 12.99, DATEADD(day, -78, GETDATE()), DATEADD(day, -78, GETDATE()), NULL),
(899, 376, 17, 1, 14.99, DATEADD(day, -51, GETDATE()), DATEADD(day, -51, GETDATE()), NULL),
(900, 377, 10, 1, 12.99, DATEADD(day, -31, GETDATE()), DATEADD(day, -31, GETDATE()), NULL),
(901, 377, 16, 1, 24.99, DATEADD(day, -31, GETDATE()), DATEADD(day, -31, GETDATE()), NULL),
(902, 378, 16, 1, 24.99, DATEADD(day, -10, GETDATE()), DATEADD(day, -10, GETDATE()), NULL),
(903, 378, 17, 2, 14.99, DATEADD(day, -2, GETDATE()), DATEADD(day, -2, GETDATE()), NULL),
(904, 379, 12, 2, 79.99, DATEADD(day, -17, GETDATE()), DATEADD(day, -17, GETDATE()), NULL),
(905, 379, 13, 2, 79.99, DATEADD(day, -73, GETDATE()), DATEADD(day, -73, GETDATE()), NULL),
(906, 380, 14, 1, 59.99, DATEADD(day, -88, GETDATE()), DATEADD(day, -88, GETDATE()), NULL),
(907, 380, 6, 2, 39.99, DATEADD(day, -10, GETDATE()), DATEADD(day, -10, GETDATE()), NULL),
(908, 381, 1, 1, 1299.99, DATEADD(day, -2, GETDATE()), DATEADD(day, -2, GETDATE()), NULL),
(909, 381, 9, 1, 149.99, DATEADD(day, -8, GETDATE()), DATEADD(day, -8, GETDATE()), NULL),
(910, 382, 13, 1, 79.99, DATEADD(day, -81, GETDATE()), DATEADD(day, -81, GETDATE()), NULL),
(911, 382, 17, 2, 14.99, DATEADD(day, -55, GETDATE()), DATEADD(day, -55, GETDATE()), NULL),
(912, 382, 13, 1, 79.99, DATEADD(day, -69, GETDATE()), DATEADD(day, -69, GETDATE()), NULL),
(913, 383, 18, 1, 29.99, DATEADD(day, -36, GETDATE()), DATEADD(day, -36, GETDATE()), NULL),
(914, 383, 3, 1, 89.99, DATEADD(day, -66, GETDATE()), DATEADD(day, -66, GETDATE()), NULL),
(915, 384, 7, 3, 249.99, DATEADD(day, -20, GETDATE()), DATEADD(day, -20, GETDATE()), NULL),
(916, 384, 18, 1, 29.99, DATEADD(day, -76, GETDATE()), DATEADD(day, -76, GETDATE()), NULL),
(917, 385, 3, 1, 89.99, DATEADD(day, -56, GETDATE()), DATEADD(day, -56, GETDATE()), NULL),
(918, 385, 8, 1, 499.99, DATEADD(day, -12, GETDATE()), DATEADD(day, -12, GETDATE()), NULL),
(919, 386, 14, 1, 59.99, DATEADD(day, -79, GETDATE()), DATEADD(day, -79, GETDATE()), NULL),
(920, 386, 20, 1, 89.99, DATEADD(day, -86, GETDATE()), DATEADD(day, -86, GETDATE()), NULL),
(921, 386, 6, 1, 39.99, DATEADD(day, -18, GETDATE()), DATEADD(day, -18, GETDATE()), NULL),
(922, 387, 1, 1, 1299.99, DATEADD(day, -45, GETDATE()), DATEADD(day, -45, GETDATE()), NULL),
(923, 387, 17, 1, 14.99, DATEADD(day, -34, GETDATE()), DATEADD(day, -34, GETDATE()), NULL),
(924, 387, 6, 1, 39.99, DATEADD(day, -35, GETDATE()), DATEADD(day, -35, GETDATE()), NULL),
(925, 388, 4, 2, 399.99, DATEADD(day, -4, GETDATE()), DATEADD(day, -4, GETDATE()), NULL),
(926, 388, 11, 2, 19.99, DATEADD(day, -35, GETDATE()), DATEADD(day, -35, GETDATE()), NULL),
(927, 389, 17, 1, 14.99, DATEADD(day, -74, GETDATE()), DATEADD(day, -74, GETDATE()), NULL),
(928, 389, 3, 1, 89.99, DATEADD(day, -66, GETDATE()), DATEADD(day, -66, GETDATE()), NULL),
(929, 389, 12, 1, 79.99, DATEADD(day, -73, GETDATE()), DATEADD(day, -73, GETDATE()), NULL),
(930, 390, 6, 1, 39.99, DATEADD(day, -33, GETDATE()), DATEADD(day, -33, GETDATE()), NULL),
(931, 390, 4, 2, 399.99, DATEADD(day, -87, GETDATE()), DATEADD(day, -87, GETDATE()), NULL),
(932, 390, 4, 1, 399.99, DATEADD(day, -66, GETDATE()), DATEADD(day, -66, GETDATE()), NULL),
(933, 391, 1, 1, 1299.99, DATEADD(day, -2, GETDATE()), DATEADD(day, -2, GETDATE()), NULL),
(934, 391, 8, 1, 499.99, DATEADD(day, -47, GETDATE()), DATEADD(day, -47, GETDATE()), NULL),
(935, 392, 13, 2, 79.99, DATEADD(day, -23, GETDATE()), DATEADD(day, -23, GETDATE()), NULL),
(936, 392, 2, 1, 29.99, DATEADD(day, -84, GETDATE()), DATEADD(day, -84, GETDATE()), NULL),
(937, 392, 14, 1, 59.99, DATEADD(day, -32, GETDATE()), DATEADD(day, -32, GETDATE()), NULL),
(938, 393, 14, 2, 59.99, DATEADD(day, -41, GETDATE()), DATEADD(day, -41, GETDATE()), NULL),
(939, 393, 9, 2, 149.99, DATEADD(day, -74, GETDATE()), DATEADD(day, -74, GETDATE()), NULL),
(940, 394, 12, 1, 79.99, DATEADD(day, -87, GETDATE()), DATEADD(day, -87, GETDATE()), NULL),
(941, 394, 2, 1, 29.99, DATEADD(day, -67, GETDATE()), DATEADD(day, -67, GETDATE()), NULL),
(942, 394, 2, 3, 29.99, DATEADD(day, -9, GETDATE()), DATEADD(day, -9, GETDATE()), NULL),
(943, 395, 15, 2, 329.99, DATEADD(day, -40, GETDATE()), DATEADD(day, -40, GETDATE()), NULL),
(944, 395, 11, 1, 19.99, DATEADD(day, -59, GETDATE()), DATEADD(day, -59, GETDATE()), NULL),
(945, 395, 1, 1, 1299.99, DATEADD(day, -38, GETDATE()), DATEADD(day, -38, GETDATE()), NULL),
(946, 396, 19, 2, 19.99, DATEADD(day, -80, GETDATE()), DATEADD(day, -80, GETDATE()), NULL),
(947, 396, 8, 1, 499.99, DATEADD(day, -76, GETDATE()), DATEADD(day, -76, GETDATE()), NULL),
(948, 396, 16, 3, 24.99, DATEADD(day, -26, GETDATE()), DATEADD(day, -26, GETDATE()), NULL),
(949, 397, 18, 2, 29.99, DATEADD(day, -32, GETDATE()), DATEADD(day, -32, GETDATE()), NULL),
(950, 397, 5, 1, 49.99, DATEADD(day, -53, GETDATE()), DATEADD(day, -53, GETDATE()), NULL),
(951, 398, 1, 1, 1299.99, DATEADD(day, -45, GETDATE()), DATEADD(day, -45, GETDATE()), NULL),
(952, 398, 1, 3, 1299.99, DATEADD(day, -1, GETDATE()), DATEADD(day, -1, GETDATE()), NULL),
(953, 399, 13, 2, 79.99, DATEADD(day, -40, GETDATE()), DATEADD(day, -40, GETDATE()), NULL),
(954, 399, 4, 1, 399.99, DATEADD(day, -31, GETDATE()), DATEADD(day, -31, GETDATE()), NULL),
(955, 399, 14, 1, 59.99, DATEADD(day, -8, GETDATE()), DATEADD(day, -8, GETDATE()), NULL),
(956, 400, 5, 2, 49.99, DATEADD(day, -12, GETDATE()), DATEADD(day, -12, GETDATE()), NULL),
(957, 400, 2, 2, 29.99, DATEADD(day, -67, GETDATE()), DATEADD(day, -67, GETDATE()), NULL),
(958, 400, 14, 2, 59.99, DATEADD(day, -48, GETDATE()), DATEADD(day, -48, GETDATE()), NULL),
(959, 401, 15, 3, 329.99, DATEADD(day, -11, GETDATE()), DATEADD(day, -11, GETDATE()), NULL),
(960, 401, 19, 1, 19.99, DATEADD(day, -18, GETDATE()), DATEADD(day, -18, GETDATE()), NULL),
(961, 402, 13, 1, 79.99, DATEADD(day, -73, GETDATE()), DATEADD(day, -73, GETDATE()), NULL),
(962, 402, 2, 1, 29.99, DATEADD(day, -17, GETDATE()), DATEADD(day, -17, GETDATE()), NULL),
(963, 402, 8, 1, 499.99, DATEADD(day, -41, GETDATE()), DATEADD(day, -41, GETDATE()), NULL),
(964, 403, 13, 2, 79.99, DATEADD(day, -42, GETDATE()), DATEADD(day, -42, GETDATE()), NULL),
(965, 403, 11, 1, 19.99, DATEADD(day, -30, GETDATE()), DATEADD(day, -30, GETDATE()), NULL),
(966, 403, 3, 2, 89.99, DATEADD(day, -18, GETDATE()), DATEADD(day, -18, GETDATE()), NULL),
(967, 404, 19, 1, 19.99, DATEADD(day, -14, GETDATE()), DATEADD(day, -14, GETDATE()), NULL),
(968, 404, 6, 1, 39.99, DATEADD(day, -41, GETDATE()), DATEADD(day, -41, GETDATE()), NULL),
(969, 404, 14, 1, 59.99, DATEADD(day, -46, GETDATE()), DATEADD(day, -46, GETDATE()), NULL),
(970, 405, 7, 1, 249.99, DATEADD(day, -60, GETDATE()), DATEADD(day, -60, GETDATE()), NULL),
(971, 405, 9, 2, 149.99, DATEADD(day, -12, GETDATE()), DATEADD(day, -12, GETDATE()), NULL),
(972, 406, 6, 2, 39.99, DATEADD(day, -39, GETDATE()), DATEADD(day, -39, GETDATE()), NULL),
(973, 406, 20, 1, 89.99, DATEADD(day, -42, GETDATE()), DATEADD(day, -42, GETDATE()), NULL),
(974, 406, 5, 1, 49.99, DATEADD(day, -32, GETDATE()), DATEADD(day, -32, GETDATE()), NULL),
(975, 407, 12, 1, 79.99, DATEADD(day, -7, GETDATE()), DATEADD(day, -7, GETDATE()), NULL),
(976, 407, 10, 1, 12.99, DATEADD(day, -23, GETDATE()), DATEADD(day, -23, GETDATE()), NULL),
(977, 408, 1, 3, 1299.99, DATEADD(day, -58, GETDATE()), DATEADD(day, -58, GETDATE()), NULL),
(978, 408, 18, 2, 29.99, DATEADD(day, -32, GETDATE()), DATEADD(day, -32, GETDATE()), NULL),
(979, 409, 4, 1, 399.99, DATEADD(day, -18, GETDATE()), DATEADD(day, -18, GETDATE()), NULL),
(980, 409, 4, 1, 399.99, DATEADD(day, -29, GETDATE()), DATEADD(day, -29, GETDATE()), NULL),
(981, 410, 5, 1, 49.99, DATEADD(day, -52, GETDATE()), DATEADD(day, -52, GETDATE()), NULL),
(982, 410, 12, 1, 79.99, DATEADD(day, -83, GETDATE()), DATEADD(day, -83, GETDATE()), NULL),
(983, 411, 3, 1, 89.99, DATEADD(day, -34, GETDATE()), DATEADD(day, -34, GETDATE()), NULL),
(984, 411, 3, 1, 89.99, DATEADD(day, -9, GETDATE()), DATEADD(day, -9, GETDATE()), NULL),
(985, 412, 7, 2, 249.99, DATEADD(day, -57, GETDATE()), DATEADD(day, -57, GETDATE()), NULL),
(986, 412, 5, 1, 49.99, DATEADD(day, -43, GETDATE()), DATEADD(day, -43, GETDATE()), NULL),
(987, 412, 4, 1, 399.99, DATEADD(day, -60, GETDATE()), DATEADD(day, -60, GETDATE()), NULL),
(988, 413, 2, 1, 29.99, DATEADD(day, -74, GETDATE()), DATEADD(day, -74, GETDATE()), NULL),
(989, 413, 14, 2, 59.99, DATEADD(day, -51, GETDATE()), DATEADD(day, -51, GETDATE()), NULL),
(990, 414, 16, 1, 24.99, DATEADD(day, -88, GETDATE()), DATEADD(day, -88, GETDATE()), NULL),
(991, 414, 14, 1, 59.99, DATEADD(day, -28, GETDATE()), DATEADD(day, -28, GETDATE()), NULL),
(992, 414, 6, 1, 39.99, DATEADD(day, -58, GETDATE()), DATEADD(day, -58, GETDATE()), NULL),
(993, 415, 5, 1, 49.99, DATEADD(day, -80, GETDATE()), DATEADD(day, -80, GETDATE()), NULL),
(994, 415, 20, 1, 89.99, DATEADD(day, -38, GETDATE()), DATEADD(day, -38, GETDATE()), NULL),
(995, 415, 16, 1, 24.99, DATEADD(day, -71, GETDATE()), DATEADD(day, -71, GETDATE()), NULL),
(996, 416, 16, 1, 24.99, DATEADD(day, -36, GETDATE()), DATEADD(day, -36, GETDATE()), NULL),
(997, 416, 13, 1, 79.99, DATEADD(day, -26, GETDATE()), DATEADD(day, -26, GETDATE()), NULL),
(998, 417, 17, 1, 14.99, DATEADD(day, -70, GETDATE()), DATEADD(day, -70, GETDATE()), NULL),
(999, 417, 1, 3, 1299.99, DATEADD(day, -46, GETDATE()), DATEADD(day, -46, GETDATE()), NULL),
(1000, 417, 16, 1, 24.99, DATEADD(day, -63, GETDATE()), DATEADD(day, -63, GETDATE()), NULL),
(1001, 418, 12, 2, 79.99, DATEADD(day, -65, GETDATE()), DATEADD(day, -65, GETDATE()), NULL),
(1002, 418, 11, 1, 19.99, DATEADD(day, -24, GETDATE()), DATEADD(day, -24, GETDATE()), NULL),
(1003, 418, 1, 1, 1299.99, DATEADD(day, -29, GETDATE()), DATEADD(day, -29, GETDATE()), NULL),
(1004, 419, 1, 2, 1299.99, DATEADD(day, -36, GETDATE()), DATEADD(day, -36, GETDATE()), NULL),
(1005, 419, 2, 2, 29.99, DATEADD(day, -61, GETDATE()), DATEADD(day, -61, GETDATE()), NULL),
(1006, 420, 17, 1, 14.99, DATEADD(day, -75, GETDATE()), DATEADD(day, -75, GETDATE()), NULL),
(1007, 420, 8, 3, 499.99, DATEADD(day, -13, GETDATE()), DATEADD(day, -13, GETDATE()), NULL),
(1008, 420, 8, 1, 499.99, DATEADD(day, -35, GETDATE()), DATEADD(day, -35, GETDATE()), NULL),
(1009, 421, 18, 2, 29.99, DATEADD(day, -8, GETDATE()), DATEADD(day, -8, GETDATE()), NULL),
(1010, 421, 8, 1, 499.99, DATEADD(day, -50, GETDATE()), DATEADD(day, -50, GETDATE()), NULL),
(1011, 422, 12, 2, 79.99, DATEADD(day, -23, GETDATE()), DATEADD(day, -23, GETDATE()), NULL),
(1012, 422, 6, 1, 39.99, DATEADD(day, -41, GETDATE()), DATEADD(day, -41, GETDATE()), NULL),
(1013, 422, 12, 2, 79.99, DATEADD(day, -4, GETDATE()), DATEADD(day, -4, GETDATE()), NULL),
(1014, 423, 12, 2, 79.99, DATEADD(day, -73, GETDATE()), DATEADD(day, -73, GETDATE()), NULL),
(1015, 423, 5, 1, 49.99, DATEADD(day, -25, GETDATE()), DATEADD(day, -25, GETDATE()), NULL),
(1016, 424, 16, 1, 24.99, DATEADD(day, -23, GETDATE()), DATEADD(day, -23, GETDATE()), NULL),
(1017, 424, 16, 1, 24.99, DATEADD(day, -8, GETDATE()), DATEADD(day, -8, GETDATE()), NULL),
(1018, 425, 8, 1, 499.99, DATEADD(day, -3, GETDATE()), DATEADD(day, -3, GETDATE()), NULL),
(1019, 425, 17, 1, 14.99, DATEADD(day, -43, GETDATE()), DATEADD(day, -43, GETDATE()), NULL),
(1020, 425, 20, 1, 89.99, DATEADD(day, -17, GETDATE()), DATEADD(day, -17, GETDATE()), NULL),
(1021, 426, 11, 2, 19.99, DATEADD(day, -42, GETDATE()), DATEADD(day, -42, GETDATE()), NULL),
(1022, 426, 2, 1, 29.99, DATEADD(day, -76, GETDATE()), DATEADD(day, -76, GETDATE()), NULL),
(1023, 427, 5, 2, 49.99, DATEADD(day, -68, GETDATE()), DATEADD(day, -68, GETDATE()), NULL),
(1024, 427, 12, 3, 79.99, DATEADD(day, -48, GETDATE()), DATEADD(day, -48, GETDATE()), NULL),
(1025, 428, 13, 1, 79.99, DATEADD(day, -44, GETDATE()), DATEADD(day, -44, GETDATE()), NULL),
(1026, 428, 10, 1, 12.99, DATEADD(day, -21, GETDATE()), DATEADD(day, -21, GETDATE()), NULL),
(1027, 429, 14, 2, 59.99, DATEADD(day, -63, GETDATE()), DATEADD(day, -63, GETDATE()), NULL),
(1028, 429, 11, 1, 19.99, DATEADD(day, -72, GETDATE()), DATEADD(day, -72, GETDATE()), NULL),
(1029, 429, 20, 2, 89.99, DATEADD(day, -29, GETDATE()), DATEADD(day, -29, GETDATE()), NULL),
(1030, 430, 19, 2, 19.99, DATEADD(day, -49, GETDATE()), DATEADD(day, -49, GETDATE()), NULL),
(1031, 430, 10, 2, 12.99, DATEADD(day, -38, GETDATE()), DATEADD(day, -38, GETDATE()), NULL),
(1032, 430, 5, 1, 49.99, DATEADD(day, -1, GETDATE()), DATEADD(day, -1, GETDATE()), NULL),
(1033, 431, 19, 1, 19.99, DATEADD(day, -73, GETDATE()), DATEADD(day, -73, GETDATE()), NULL),
(1034, 431, 2, 1, 29.99, DATEADD(day, -41, GETDATE()), DATEADD(day, -41, GETDATE()), NULL),
(1035, 431, 20, 1, 89.99, DATEADD(day, -73, GETDATE()), DATEADD(day, -73, GETDATE()), NULL),
(1036, 432, 4, 2, 399.99, DATEADD(day, -19, GETDATE()), DATEADD(day, -19, GETDATE()), NULL),
(1037, 432, 11, 2, 19.99, DATEADD(day, -31, GETDATE()), DATEADD(day, -31, GETDATE()), NULL),
(1038, 433, 12, 3, 79.99, DATEADD(day, -22, GETDATE()), DATEADD(day, -22, GETDATE()), NULL),
(1039, 433, 3, 2, 89.99, DATEADD(day, -86, GETDATE()), DATEADD(day, -86, GETDATE()), NULL),
(1040, 434, 11, 1, 19.99, DATEADD(day, -34, GETDATE()), DATEADD(day, -34, GETDATE()), NULL),
(1041, 434, 7, 1, 249.99, DATEADD(day, -9, GETDATE()), DATEADD(day, -9, GETDATE()), NULL),
(1042, 435, 12, 1, 79.99, DATEADD(day, -14, GETDATE()), DATEADD(day, -14, GETDATE()), NULL),
(1043, 435, 1, 1, 1299.99, DATEADD(day, -57, GETDATE()), DATEADD(day, -57, GETDATE()), NULL),
(1044, 436, 14, 3, 59.99, DATEADD(day, -53, GETDATE()), DATEADD(day, -53, GETDATE()), NULL),
(1045, 436, 16, 2, 24.99, DATEADD(day, -45, GETDATE()), DATEADD(day, -45, GETDATE()), NULL),
(1046, 437, 18, 1, 29.99, DATEADD(day, -62, GETDATE()), DATEADD(day, -62, GETDATE()), NULL),
(1047, 437, 19, 1, 19.99, DATEADD(day, -88, GETDATE()), DATEADD(day, -88, GETDATE()), NULL),
(1048, 438, 8, 1, 499.99, DATEADD(day, -10, GETDATE()), DATEADD(day, -10, GETDATE()), NULL),
(1049, 438, 2, 1, 29.99, DATEADD(day, -41, GETDATE()), DATEADD(day, -41, GETDATE()), NULL),
(1050, 439, 9, 3, 149.99, DATEADD(day, -10, GETDATE()), DATEADD(day, -10, GETDATE()), NULL),
(1051, 439, 11, 1, 19.99, DATEADD(day, -49, GETDATE()), DATEADD(day, -49, GETDATE()), NULL),
(1052, 439, 6, 2, 39.99, DATEADD(day, -71, GETDATE()), DATEADD(day, -71, GETDATE()), NULL),
(1053, 440, 3, 1, 89.99, DATEADD(day, -79, GETDATE()), DATEADD(day, -79, GETDATE()), NULL),
(1054, 440, 16, 2, 24.99, DATEADD(day, -56, GETDATE()), DATEADD(day, -56, GETDATE()), NULL),
(1055, 441, 6, 1, 39.99, DATEADD(day, -56, GETDATE()), DATEADD(day, -56, GETDATE()), NULL),
(1056, 441, 6, 1, 39.99, DATEADD(day, -43, GETDATE()), DATEADD(day, -43, GETDATE()), NULL),
(1057, 441, 7, 3, 249.99, DATEADD(day, -53, GETDATE()), DATEADD(day, -53, GETDATE()), NULL),
(1058, 442, 18, 2, 29.99, DATEADD(day, -70, GETDATE()), DATEADD(day, -70, GETDATE()), NULL),
(1059, 442, 9, 1, 149.99, DATEADD(day, -39, GETDATE()), DATEADD(day, -39, GETDATE()), NULL),
(1060, 443, 8, 1, 499.99, DATEADD(day, -51, GETDATE()), DATEADD(day, -51, GETDATE()), NULL),
(1061, 443, 19, 1, 19.99, DATEADD(day, -63, GETDATE()), DATEADD(day, -63, GETDATE()), NULL),
(1062, 443, 5, 1, 49.99, DATEADD(day, -1, GETDATE()), DATEADD(day, -1, GETDATE()), NULL),
(1063, 444, 14, 1, 59.99, DATEADD(day, -85, GETDATE()), DATEADD(day, -85, GETDATE()), NULL),
(1064, 444, 20, 1, 89.99, DATEADD(day, -13, GETDATE()), DATEADD(day, -13, GETDATE()), NULL),
(1065, 445, 1, 1, 1299.99, DATEADD(day, -82, GETDATE()), DATEADD(day, -82, GETDATE()), NULL),
(1066, 445, 10, 3, 12.99, DATEADD(day, -61, GETDATE()), DATEADD(day, -61, GETDATE()), NULL),
(1067, 445, 4, 1, 399.99, DATEADD(day, -51, GETDATE()), DATEADD(day, -51, GETDATE()), NULL),
(1068, 446, 16, 1, 24.99, DATEADD(day, -85, GETDATE()), DATEADD(day, -85, GETDATE()), NULL),
(1069, 446, 9, 1, 149.99, DATEADD(day, -70, GETDATE()), DATEADD(day, -70, GETDATE()), NULL),
(1070, 447, 13, 1, 79.99, DATEADD(day, -49, GETDATE()), DATEADD(day, -49, GETDATE()), NULL),
(1071, 447, 12, 1, 79.99, DATEADD(day, -6, GETDATE()), DATEADD(day, -6, GETDATE()), NULL),
(1072, 448, 9, 1, 149.99, DATEADD(day, -34, GETDATE()), DATEADD(day, -34, GETDATE()), NULL),
(1073, 448, 8, 2, 499.99, DATEADD(day, -73, GETDATE()), DATEADD(day, -73, GETDATE()), NULL),
(1074, 449, 2, 1, 29.99, DATEADD(day, -90, GETDATE()), DATEADD(day, -90, GETDATE()), NULL),
(1075, 449, 4, 1, 399.99, DATEADD(day, -45, GETDATE()), DATEADD(day, -45, GETDATE()), NULL),
(1076, 449, 18, 1, 29.99, DATEADD(day, -76, GETDATE()), DATEADD(day, -76, GETDATE()), NULL),
(1077, 450, 8, 1, 499.99, DATEADD(day, -50, GETDATE()), DATEADD(day, -50, GETDATE()), NULL),
(1078, 450, 17, 1, 14.99, DATEADD(day, -69, GETDATE()), DATEADD(day, -69, GETDATE()), NULL),
(1079, 450, 16, 1, 24.99, DATEADD(day, -31, GETDATE()), DATEADD(day, -31, GETDATE()), NULL),
(1080, 451, 16, 1, 24.99, DATEADD(day, -51, GETDATE()), DATEADD(day, -51, GETDATE()), NULL),
(1081, 451, 2, 1, 29.99, DATEADD(day, -67, GETDATE()), DATEADD(day, -67, GETDATE()), NULL),
(1082, 452, 19, 1, 19.99, DATEADD(day, -80, GETDATE()), DATEADD(day, -80, GETDATE()), NULL),
(1083, 452, 5, 1, 49.99, DATEADD(day, -58, GETDATE()), DATEADD(day, -58, GETDATE()), NULL),
(1084, 452, 6, 2, 39.99, DATEADD(day, -22, GETDATE()), DATEADD(day, -22, GETDATE()), NULL),
(1085, 453, 7, 2, 249.99, DATEADD(day, -17, GETDATE()), DATEADD(day, -17, GETDATE()), NULL),
(1086, 453, 2, 1, 29.99, DATEADD(day, -88, GETDATE()), DATEADD(day, -88, GETDATE()), NULL),
(1087, 454, 14, 1, 59.99, DATEADD(day, -81, GETDATE()), DATEADD(day, -81, GETDATE()), NULL),
(1088, 454, 5, 2, 49.99, DATEADD(day, -34, GETDATE()), DATEADD(day, -34, GETDATE()), NULL),
(1089, 455, 11, 2, 19.99, DATEADD(day, -9, GETDATE()), DATEADD(day, -9, GETDATE()), NULL),
(1090, 455, 3, 1, 89.99, DATEADD(day, -51, GETDATE()), DATEADD(day, -51, GETDATE()), NULL),
(1091, 455, 18, 1, 29.99, DATEADD(day, -36, GETDATE()), DATEADD(day, -36, GETDATE()), NULL),
(1092, 456, 17, 1, 14.99, DATEADD(day, -2, GETDATE()), DATEADD(day, -2, GETDATE()), NULL),
(1093, 456, 20, 1, 89.99, DATEADD(day, -54, GETDATE()), DATEADD(day, -54, GETDATE()), NULL),
(1094, 457, 4, 1, 399.99, DATEADD(day, -19, GETDATE()), DATEADD(day, -19, GETDATE()), NULL),
(1095, 457, 19, 1, 19.99, DATEADD(day, -13, GETDATE()), DATEADD(day, -13, GETDATE()), NULL),
(1096, 457, 4, 1, 399.99, DATEADD(day, -13, GETDATE()), DATEADD(day, -13, GETDATE()), NULL),
(1097, 458, 10, 2, 12.99, DATEADD(day, -45, GETDATE()), DATEADD(day, -45, GETDATE()), NULL),
(1098, 458, 14, 1, 59.99, DATEADD(day, -84, GETDATE()), DATEADD(day, -84, GETDATE()), NULL),
(1099, 458, 16, 1, 24.99, DATEADD(day, -61, GETDATE()), DATEADD(day, -61, GETDATE()), NULL),
(1100, 459, 2, 1, 29.99, DATEADD(day, -52, GETDATE()), DATEADD(day, -52, GETDATE()), NULL),
(1101, 459, 5, 1, 49.99, DATEADD(day, -88, GETDATE()), DATEADD(day, -88, GETDATE()), NULL),
(1102, 460, 13, 1, 79.99, DATEADD(day, -43, GETDATE()), DATEADD(day, -43, GETDATE()), NULL),
(1103, 460, 8, 1, 499.99, DATEADD(day, -61, GETDATE()), DATEADD(day, -61, GETDATE()), NULL),
(1104, 460, 9, 2, 149.99, DATEADD(day, -3, GETDATE()), DATEADD(day, -3, GETDATE()), NULL),
(1105, 461, 11, 2, 19.99, DATEADD(day, -39, GETDATE()), DATEADD(day, -39, GETDATE()), NULL),
(1106, 461, 10, 1, 12.99, DATEADD(day, -63, GETDATE()), DATEADD(day, -63, GETDATE()), NULL),
(1107, 461, 4, 3, 399.99, DATEADD(day, -30, GETDATE()), DATEADD(day, -30, GETDATE()), NULL),
(1108, 462, 5, 1, 49.99, DATEADD(day, -57, GETDATE()), DATEADD(day, -57, GETDATE()), NULL),
(1109, 462, 11, 1, 19.99, DATEADD(day, -54, GETDATE()), DATEADD(day, -54, GETDATE()), NULL),
(1110, 463, 20, 1, 89.99, DATEADD(day, -25, GETDATE()), DATEADD(day, -25, GETDATE()), NULL),
(1111, 463, 15, 1, 329.99, DATEADD(day, -53, GETDATE()), DATEADD(day, -53, GETDATE()), NULL),
(1112, 463, 16, 2, 24.99, DATEADD(day, -48, GETDATE()), DATEADD(day, -48, GETDATE()), NULL),
(1113, 464, 2, 1, 29.99, DATEADD(day, -21, GETDATE()), DATEADD(day, -21, GETDATE()), NULL),
(1114, 464, 3, 1, 89.99, DATEADD(day, -65, GETDATE()), DATEADD(day, -65, GETDATE()), NULL),
(1115, 464, 13, 1, 79.99, DATEADD(day, -68, GETDATE()), DATEADD(day, -68, GETDATE()), NULL),
(1116, 465, 19, 1, 19.99, DATEADD(day, -25, GETDATE()), DATEADD(day, -25, GETDATE()), NULL),
(1117, 465, 7, 2, 249.99, DATEADD(day, -32, GETDATE()), DATEADD(day, -32, GETDATE()), NULL),
(1118, 466, 2, 1, 29.99, DATEADD(day, -47, GETDATE()), DATEADD(day, -47, GETDATE()), NULL),
(1119, 466, 7, 1, 249.99, DATEADD(day, -60, GETDATE()), DATEADD(day, -60, GETDATE()), NULL),
(1120, 466, 17, 1, 14.99, DATEADD(day, -16, GETDATE()), DATEADD(day, -16, GETDATE()), NULL),
(1121, 467, 1, 1, 1299.99, DATEADD(day, -63, GETDATE()), DATEADD(day, -63, GETDATE()), NULL),
(1122, 467, 20, 1, 89.99, DATEADD(day, -61, GETDATE()), DATEADD(day, -61, GETDATE()), NULL),
(1123, 468, 19, 1, 19.99, DATEADD(day, -45, GETDATE()), DATEADD(day, -45, GETDATE()), NULL),
(1124, 468, 6, 2, 39.99, DATEADD(day, -34, GETDATE()), DATEADD(day, -34, GETDATE()), NULL),
(1125, 469, 3, 1, 89.99, DATEADD(day, -50, GETDATE()), DATEADD(day, -50, GETDATE()), NULL),
(1126, 469, 2, 1, 29.99, DATEADD(day, -74, GETDATE()), DATEADD(day, -74, GETDATE()), NULL),
(1127, 470, 7, 2, 249.99, DATEADD(day, -83, GETDATE()), DATEADD(day, -83, GETDATE()), NULL),
(1128, 470, 8, 1, 499.99, DATEADD(day, -35, GETDATE()), DATEADD(day, -35, GETDATE()), NULL),
(1129, 470, 14, 1, 59.99, DATEADD(day, -88, GETDATE()), DATEADD(day, -88, GETDATE()), NULL),
(1130, 471, 1, 1, 1299.99, DATEADD(day, -17, GETDATE()), DATEADD(day, -17, GETDATE()), NULL),
(1131, 471, 6, 1, 39.99, DATEADD(day, -2, GETDATE()), DATEADD(day, -2, GETDATE()), NULL),
(1132, 471, 8, 1, 499.99, DATEADD(day, -40, GETDATE()), DATEADD(day, -40, GETDATE()), NULL),
(1133, 472, 9, 1, 149.99, DATEADD(day, -49, GETDATE()), DATEADD(day, -49, GETDATE()), NULL),
(1134, 472, 12, 1, 79.99, DATEADD(day, -28, GETDATE()), DATEADD(day, -28, GETDATE()), NULL),
(1135, 472, 15, 1, 329.99, DATEADD(day, -67, GETDATE()), DATEADD(day, -67, GETDATE()), NULL),
(1136, 473, 20, 1, 89.99, DATEADD(day, -14, GETDATE()), DATEADD(day, -14, GETDATE()), NULL),
(1137, 473, 1, 1, 1299.99, DATEADD(day, -85, GETDATE()), DATEADD(day, -85, GETDATE()), NULL),
(1138, 473, 12, 1, 79.99, DATEADD(day, -77, GETDATE()), DATEADD(day, -77, GETDATE()), NULL),
(1139, 474, 20, 1, 89.99, DATEADD(day, -88, GETDATE()), DATEADD(day, -88, GETDATE()), NULL),
(1140, 474, 4, 1, 399.99, DATEADD(day, -44, GETDATE()), DATEADD(day, -44, GETDATE()), NULL),
(1141, 475, 9, 1, 149.99, DATEADD(day, -36, GETDATE()), DATEADD(day, -36, GETDATE()), NULL),
(1142, 475, 9, 1, 149.99, DATEADD(day, -84, GETDATE()), DATEADD(day, -84, GETDATE()), NULL),
(1143, 476, 10, 1, 12.99, DATEADD(day, -67, GETDATE()), DATEADD(day, -67, GETDATE()), NULL),
(1144, 476, 8, 2, 499.99, DATEADD(day, -77, GETDATE()), DATEADD(day, -77, GETDATE()), NULL),
(1145, 477, 13, 1, 79.99, DATEADD(day, -88, GETDATE()), DATEADD(day, -88, GETDATE()), NULL),
(1146, 477, 5, 2, 49.99, DATEADD(day, -84, GETDATE()), DATEADD(day, -84, GETDATE()), NULL),
(1147, 477, 16, 3, 24.99, DATEADD(day, -34, GETDATE()), DATEADD(day, -34, GETDATE()), NULL),
(1148, 478, 14, 1, 59.99, DATEADD(day, -5, GETDATE()), DATEADD(day, -5, GETDATE()), NULL),
(1149, 478, 19, 2, 19.99, DATEADD(day, -74, GETDATE()), DATEADD(day, -74, GETDATE()), NULL),
(1150, 479, 7, 1, 249.99, DATEADD(day, -29, GETDATE()), DATEADD(day, -29, GETDATE()), NULL),
(1151, 479, 18, 1, 29.99, DATEADD(day, -61, GETDATE()), DATEADD(day, -61, GETDATE()), NULL),
(1152, 480, 12, 1, 79.99, DATEADD(day, -22, GETDATE()), DATEADD(day, -22, GETDATE()), NULL),
(1153, 480, 18, 1, 29.99, DATEADD(day, -13, GETDATE()), DATEADD(day, -13, GETDATE()), NULL),
(1154, 481, 16, 1, 24.99, DATEADD(day, -34, GETDATE()), DATEADD(day, -34, GETDATE()), NULL),
(1155, 481, 18, 2, 29.99, DATEADD(day, -24, GETDATE()), DATEADD(day, -24, GETDATE()), NULL),
(1156, 482, 11, 1, 19.99, DATEADD(day, -29, GETDATE()), DATEADD(day, -29, GETDATE()), NULL),
(1157, 482, 12, 1, 79.99, DATEADD(day, -40, GETDATE()), DATEADD(day, -40, GETDATE()), NULL),
(1158, 483, 14, 2, 59.99, DATEADD(day, -43, GETDATE()), DATEADD(day, -43, GETDATE()), NULL),
(1159, 483, 12, 1, 79.99, DATEADD(day, -38, GETDATE()), DATEADD(day, -38, GETDATE()), NULL),
(1160, 484, 15, 2, 329.99, DATEADD(day, -61, GETDATE()), DATEADD(day, -61, GETDATE()), NULL),
(1161, 484, 2, 2, 29.99, DATEADD(day, -75, GETDATE()), DATEADD(day, -75, GETDATE()), NULL),
(1162, 485, 19, 2, 19.99, DATEADD(day, -10, GETDATE()), DATEADD(day, -10, GETDATE()), NULL),
(1163, 485, 16, 2, 24.99, DATEADD(day, -65, GETDATE()), DATEADD(day, -65, GETDATE()), NULL),
(1164, 485, 4, 2, 399.99, DATEADD(day, -49, GETDATE()), DATEADD(day, -49, GETDATE()), NULL),
(1165, 486, 17, 1, 14.99, DATEADD(day, -7, GETDATE()), DATEADD(day, -7, GETDATE()), NULL),
(1166, 486, 5, 1, 49.99, DATEADD(day, -26, GETDATE()), DATEADD(day, -26, GETDATE()), NULL),
(1167, 487, 11, 1, 19.99, DATEADD(day, -73, GETDATE()), DATEADD(day, -73, GETDATE()), NULL),
(1168, 487, 15, 1, 329.99, DATEADD(day, -24, GETDATE()), DATEADD(day, -24, GETDATE()), NULL),
(1169, 488, 3, 1, 89.99, DATEADD(day, -81, GETDATE()), DATEADD(day, -81, GETDATE()), NULL),
(1170, 488, 6, 1, 39.99, DATEADD(day, -8, GETDATE()), DATEADD(day, -8, GETDATE()), NULL),
(1171, 488, 1, 1, 1299.99, DATEADD(day, -27, GETDATE()), DATEADD(day, -27, GETDATE()), NULL),
(1172, 489, 6, 1, 39.99, DATEADD(day, -21, GETDATE()), DATEADD(day, -21, GETDATE()), NULL),
(1173, 489, 16, 2, 24.99, DATEADD(day, -12, GETDATE()), DATEADD(day, -12, GETDATE()), NULL),
(1174, 489, 5, 1, 49.99, DATEADD(day, -82, GETDATE()), DATEADD(day, -82, GETDATE()), NULL),
(1175, 490, 14, 1, 59.99, DATEADD(day, -62, GETDATE()), DATEADD(day, -62, GETDATE()), NULL),
(1176, 490, 13, 1, 79.99, DATEADD(day, -69, GETDATE()), DATEADD(day, -69, GETDATE()), NULL),
(1177, 490, 7, 2, 249.99, DATEADD(day, -2, GETDATE()), DATEADD(day, -2, GETDATE()), NULL),
(1178, 491, 11, 2, 19.99, DATEADD(day, -68, GETDATE()), DATEADD(day, -68, GETDATE()), NULL),
(1179, 491, 7, 1, 249.99, DATEADD(day, -1, GETDATE()), DATEADD(day, -1, GETDATE()), NULL),
(1180, 492, 8, 1, 499.99, DATEADD(day, -45, GETDATE()), DATEADD(day, -45, GETDATE()), NULL),
(1181, 492, 10, 1, 12.99, DATEADD(day, -50, GETDATE()), DATEADD(day, -50, GETDATE()), NULL),
(1182, 492, 17, 1, 14.99, DATEADD(day, -22, GETDATE()), DATEADD(day, -22, GETDATE()), NULL),
(1183, 493, 3, 2, 89.99, DATEADD(day, -39, GETDATE()), DATEADD(day, -39, GETDATE()), NULL),
(1184, 493, 10, 1, 12.99, DATEADD(day, -67, GETDATE()), DATEADD(day, -67, GETDATE()), NULL),
(1185, 494, 20, 1, 89.99, DATEADD(day, -56, GETDATE()), DATEADD(day, -56, GETDATE()), NULL),
(1186, 494, 5, 1, 49.99, DATEADD(day, -63, GETDATE()), DATEADD(day, -63, GETDATE()), NULL),
(1187, 495, 12, 2, 79.99, DATEADD(day, -22, GETDATE()), DATEADD(day, -22, GETDATE()), NULL),
(1188, 495, 13, 1, 79.99, DATEADD(day, -29, GETDATE()), DATEADD(day, -29, GETDATE()), NULL),
(1189, 496, 5, 1, 49.99, DATEADD(day, -3, GETDATE()), DATEADD(day, -3, GETDATE()), NULL),
(1190, 496, 19, 1, 19.99, DATEADD(day, -16, GETDATE()), DATEADD(day, -16, GETDATE()), NULL),
(1191, 497, 12, 2, 79.99, DATEADD(day, -5, GETDATE()), DATEADD(day, -5, GETDATE()), NULL),
(1192, 497, 13, 2, 79.99, DATEADD(day, -33, GETDATE()), DATEADD(day, -33, GETDATE()), NULL),
(1193, 497, 18, 1, 29.99, DATEADD(day, -77, GETDATE()), DATEADD(day, -77, GETDATE()), NULL),
(1194, 498, 2, 1, 29.99, DATEADD(day, -84, GETDATE()), DATEADD(day, -84, GETDATE()), NULL),
(1195, 498, 1, 1, 1299.99, DATEADD(day, -15, GETDATE()), DATEADD(day, -15, GETDATE()), NULL),
(1196, 499, 14, 1, 59.99, DATEADD(day, -16, GETDATE()), DATEADD(day, -16, GETDATE()), NULL),
(1197, 499, 18, 1, 29.99, DATEADD(day, -90, GETDATE()), DATEADD(day, -90, GETDATE()), NULL),
(1198, 500, 5, 1, 49.99, DATEADD(day, -88, GETDATE()), DATEADD(day, -88, GETDATE()), NULL),
(1199, 500, 1, 1, 1299.99, DATEADD(day, -85, GETDATE()), DATEADD(day, -85, GETDATE()), NULL),
(1200, 500, 4, 1, 399.99, DATEADD(day, -35, GETDATE()), DATEADD(day, -35, GETDATE()), NULL);
{%- endmacro %}

{%- macro _get_sqlserver_deltas_day_01_shop_customers() -%}
-- erp schema (shop) Day 01 delta changes
-- Simulates business activity on Day 01 after baseline

-- Add 25 new customers

USE jaffle_shop;

INSERT INTO dbo.customers (customer_id, first_name, last_name, email, created_at, updated_at, deleted_at) VALUES
(101, 'Brian', 'Kapoor', 'brian.kapoor101@example.com', CURRENT_TIMESTAMP, CURRENT_TIMESTAMP, NULL),
(102, 'Phyllis', 'Smith', 'phyllis.smith102@example.com', CURRENT_TIMESTAMP, CURRENT_TIMESTAMP, NULL),
(103, 'Helene', 'Cordray', 'helene.cordray103@example.com', CURRENT_TIMESTAMP, CURRENT_TIMESTAMP, NULL),
(104, 'Dwight', 'Kapoor', 'dwight.kapoor104@example.com', CURRENT_TIMESTAMP, CURRENT_TIMESTAMP, NULL),
(105, 'Brian', 'California', 'brian.california105@example.com', CURRENT_TIMESTAMP, CURRENT_TIMESTAMP, NULL),
(106, 'Helene', 'Filippelli', 'helene.filippelli106@example.com', CURRENT_TIMESTAMP, CURRENT_TIMESTAMP, NULL),
(107, 'Meredith', 'Smith', 'meredith.smith107@example.com', CURRENT_TIMESTAMP, CURRENT_TIMESTAMP, NULL),
(108, 'Stanley', 'Martin', 'stanley.martin108@example.com', CURRENT_TIMESTAMP, CURRENT_TIMESTAMP, NULL),
(109, 'Roy', 'Bratton', 'roy.bratton109@example.com', CURRENT_TIMESTAMP, CURRENT_TIMESTAMP, NULL),
(110, 'Clark', 'Lipton', 'clark.lipton110@example.com', CURRENT_TIMESTAMP, CURRENT_TIMESTAMP, NULL),
(111, 'Toby', 'Lewis', 'toby.lewis111@example.com', CURRENT_TIMESTAMP, CURRENT_TIMESTAMP, NULL),
(112, 'Karen', 'Withem', 'karen.withem112@example.com', CURRENT_TIMESTAMP, CURRENT_TIMESTAMP, NULL),
(113, 'Dwight', 'Anderson', 'dwight.anderson113@example.com', CURRENT_TIMESTAMP, CURRENT_TIMESTAMP, NULL),
(114, 'Meredith', 'Simms', 'meredith.simms114@example.com', CURRENT_TIMESTAMP, CURRENT_TIMESTAMP, NULL),
(115, 'Darryl', 'Kapoor', 'darryl.kapoor115@example.com', CURRENT_TIMESTAMP, CURRENT_TIMESTAMP, NULL),
(116, 'Donna', 'Lipton', 'donna.lipton116@example.com', CURRENT_TIMESTAMP, CURRENT_TIMESTAMP, NULL),
(117, 'Meredith', 'Hannon', 'meredith.hannon117@example.com', CURRENT_TIMESTAMP, CURRENT_TIMESTAMP, NULL),
(118, 'Helene', 'Hannon', 'helene.hannon118@example.com', CURRENT_TIMESTAMP, CURRENT_TIMESTAMP, NULL),
(119, 'Darryl', 'Hannon', 'darryl.hannon119@example.com', CURRENT_TIMESTAMP, CURRENT_TIMESTAMP, NULL),
(120, 'Charles', 'Palmer', 'charles.palmer120@example.com', CURRENT_TIMESTAMP, CURRENT_TIMESTAMP, NULL),
(121, 'Angela', 'Flenderson', 'angela.flenderson121@example.com', CURRENT_TIMESTAMP, CURRENT_TIMESTAMP, NULL),
(122, 'Charles', 'Flenderson', 'charles.flenderson122@example.com', CURRENT_TIMESTAMP, CURRENT_TIMESTAMP, NULL),
(123, 'Pam', 'Anderson', 'pam.anderson123@example.com', CURRENT_TIMESTAMP, CURRENT_TIMESTAMP, NULL),
(124, 'Roy', 'Packer', 'roy.packer124@example.com', CURRENT_TIMESTAMP, CURRENT_TIMESTAMP, NULL),
(125, 'Meredith', 'Bratton', 'meredith.bratton125@example.com', CURRENT_TIMESTAMP, CURRENT_TIMESTAMP, NULL);
{%- endmacro %}

{%- macro _get_sqlserver_deltas_day_01_shop_orders() -%}
-- erp schema (shop) Day 01 delta changes
-- Simulates business activity on Day 01 after baseline

-- Add 25 new customers

USE jaffle_shop;

INSERT INTO dbo.orders (order_id, customer_id, order_date, status, created_at, updated_at, deleted_at) VALUES
(501, 101, CURRENT_DATE, 'pending', CURRENT_TIMESTAMP, CURRENT_TIMESTAMP, NULL),
(502, 102, CURRENT_DATE, 'completed', CURRENT_TIMESTAMP, CURRENT_TIMESTAMP, NULL),
(503, 103, CURRENT_DATE, 'completed', CURRENT_TIMESTAMP, CURRENT_TIMESTAMP, NULL),
(504, 104, CURRENT_DATE, 'completed', CURRENT_TIMESTAMP, CURRENT_TIMESTAMP, NULL),
(505, 105, CURRENT_DATE, 'completed', CURRENT_TIMESTAMP, CURRENT_TIMESTAMP, NULL),
(506, 106, CURRENT_DATE, 'completed', CURRENT_TIMESTAMP, CURRENT_TIMESTAMP, NULL),
(507, 107, CURRENT_DATE, 'completed', CURRENT_TIMESTAMP, CURRENT_TIMESTAMP, NULL),
(508, 108, CURRENT_DATE, 'completed', CURRENT_TIMESTAMP, CURRENT_TIMESTAMP, NULL),
(509, 109, CURRENT_DATE, 'completed', CURRENT_TIMESTAMP, CURRENT_TIMESTAMP, NULL),
(510, 110, CURRENT_DATE, 'completed', CURRENT_TIMESTAMP, CURRENT_TIMESTAMP, NULL),
(511, 111, CURRENT_DATE, 'completed', CURRENT_TIMESTAMP, CURRENT_TIMESTAMP, NULL),
(512, 112, CURRENT_DATE, 'completed', CURRENT_TIMESTAMP, CURRENT_TIMESTAMP, NULL),
(513, 113, CURRENT_DATE, 'completed', CURRENT_TIMESTAMP, CURRENT_TIMESTAMP, NULL),
(514, 114, CURRENT_DATE, 'completed', CURRENT_TIMESTAMP, CURRENT_TIMESTAMP, NULL),
(515, 115, CURRENT_DATE, 'completed', CURRENT_TIMESTAMP, CURRENT_TIMESTAMP, NULL),
(516, 116, CURRENT_DATE, 'pending', CURRENT_TIMESTAMP, CURRENT_TIMESTAMP, NULL),
(517, 117, CURRENT_DATE, 'pending', CURRENT_TIMESTAMP, CURRENT_TIMESTAMP, NULL),
(518, 118, CURRENT_DATE, 'pending', CURRENT_TIMESTAMP, CURRENT_TIMESTAMP, NULL),
(519, 119, CURRENT_DATE, 'pending', CURRENT_TIMESTAMP, CURRENT_TIMESTAMP, NULL),
(520, 120, CURRENT_DATE, 'completed', CURRENT_TIMESTAMP, CURRENT_TIMESTAMP, NULL),
(521, 121, CURRENT_DATE, 'pending', CURRENT_TIMESTAMP, CURRENT_TIMESTAMP, NULL),
(522, 122, CURRENT_DATE, 'completed', CURRENT_TIMESTAMP, CURRENT_TIMESTAMP, NULL),
(523, 123, CURRENT_DATE, 'pending', CURRENT_TIMESTAMP, CURRENT_TIMESTAMP, NULL),
(524, 124, CURRENT_DATE, 'completed', CURRENT_TIMESTAMP, CURRENT_TIMESTAMP, NULL),
(525, 125, CURRENT_DATE, 'completed', CURRENT_TIMESTAMP, CURRENT_TIMESTAMP, NULL),
(526, 92, CURRENT_DATE, 'pending', CURRENT_TIMESTAMP, CURRENT_TIMESTAMP, NULL),
(527, 23, CURRENT_DATE, 'pending', CURRENT_TIMESTAMP, CURRENT_TIMESTAMP, NULL),
(528, 9, CURRENT_DATE, 'completed', CURRENT_TIMESTAMP, CURRENT_TIMESTAMP, NULL),
(529, 101, CURRENT_DATE, 'pending', CURRENT_TIMESTAMP, CURRENT_TIMESTAMP, NULL),
(530, 101, CURRENT_DATE, 'completed', CURRENT_TIMESTAMP, CURRENT_TIMESTAMP, NULL),
(531, 60, CURRENT_DATE, 'completed', CURRENT_TIMESTAMP, CURRENT_TIMESTAMP, NULL),
(532, 5, CURRENT_DATE, 'completed', CURRENT_TIMESTAMP, CURRENT_TIMESTAMP, NULL),
(533, 80, CURRENT_DATE, 'completed', CURRENT_TIMESTAMP, CURRENT_TIMESTAMP, NULL),
(534, 93, CURRENT_DATE, 'completed', CURRENT_TIMESTAMP, CURRENT_TIMESTAMP, NULL),
(535, 83, CURRENT_DATE, 'completed', CURRENT_TIMESTAMP, CURRENT_TIMESTAMP, NULL),
(536, 30, CURRENT_DATE, 'pending', CURRENT_TIMESTAMP, CURRENT_TIMESTAMP, NULL),
(537, 55, CURRENT_DATE, 'pending', CURRENT_TIMESTAMP, CURRENT_TIMESTAMP, NULL),
(538, 32, CURRENT_DATE, 'pending', CURRENT_TIMESTAMP, CURRENT_TIMESTAMP, NULL),
(539, 84, CURRENT_DATE, 'completed', CURRENT_TIMESTAMP, CURRENT_TIMESTAMP, NULL),
(540, 124, CURRENT_DATE, 'completed', CURRENT_TIMESTAMP, CURRENT_TIMESTAMP, NULL),
(541, 31, CURRENT_DATE, 'completed', CURRENT_TIMESTAMP, CURRENT_TIMESTAMP, NULL),
(542, 87, CURRENT_DATE, 'completed', CURRENT_TIMESTAMP, CURRENT_TIMESTAMP, NULL),
(543, 89, CURRENT_DATE, 'pending', CURRENT_TIMESTAMP, CURRENT_TIMESTAMP, NULL),
(544, 68, CURRENT_DATE, 'completed', CURRENT_TIMESTAMP, CURRENT_TIMESTAMP, NULL),
(545, 96, CURRENT_DATE, 'completed', CURRENT_TIMESTAMP, CURRENT_TIMESTAMP, NULL),
(546, 68, CURRENT_DATE, 'completed', CURRENT_TIMESTAMP, CURRENT_TIMESTAMP, NULL),
(547, 13, CURRENT_DATE, 'completed', CURRENT_TIMESTAMP, CURRENT_TIMESTAMP, NULL),
(548, 34, CURRENT_DATE, 'completed', CURRENT_TIMESTAMP, CURRENT_TIMESTAMP, NULL),
(549, 79, CURRENT_DATE, 'pending', CURRENT_TIMESTAMP, CURRENT_TIMESTAMP, NULL),
(550, 58, CURRENT_DATE, 'completed', CURRENT_TIMESTAMP, CURRENT_TIMESTAMP, NULL),
(551, 54, CURRENT_DATE, 'completed', CURRENT_TIMESTAMP, CURRENT_TIMESTAMP, NULL),
(552, 89, CURRENT_DATE, 'completed', CURRENT_TIMESTAMP, CURRENT_TIMESTAMP, NULL),
(553, 66, CURRENT_DATE, 'completed', CURRENT_TIMESTAMP, CURRENT_TIMESTAMP, NULL),
(554, 47, CURRENT_DATE, 'completed', CURRENT_TIMESTAMP, CURRENT_TIMESTAMP, NULL),
(555, 120, CURRENT_DATE, 'pending', CURRENT_TIMESTAMP, CURRENT_TIMESTAMP, NULL),
(556, 50, CURRENT_DATE, 'completed', CURRENT_TIMESTAMP, CURRENT_TIMESTAMP, NULL),
(557, 31, CURRENT_DATE, 'completed', CURRENT_TIMESTAMP, CURRENT_TIMESTAMP, NULL),
(558, 25, CURRENT_DATE, 'pending', CURRENT_TIMESTAMP, CURRENT_TIMESTAMP, NULL),
(559, 123, CURRENT_DATE, 'completed', CURRENT_TIMESTAMP, CURRENT_TIMESTAMP, NULL),
(560, 75, CURRENT_DATE, 'completed', CURRENT_TIMESTAMP, CURRENT_TIMESTAMP, NULL);
{%- endmacro %}

{%- macro _get_sqlserver_deltas_day_01_shop_orders_updates() -%}
-- erp schema (shop) Day 01 delta changes
-- Simulates business activity on Day 01 after baseline

-- Add 25 new customers

UPDATE dbo.orders
SET status = 'completed',
    updated_at = CURRENT_TIMESTAMP
WHERE order_id IN (192, 230, 219, 224, 185, 234, 202, 244, 177, 159, 243, 198, 169, 163, 212);
{%- endmacro %}

{%- macro _get_sqlserver_deltas_day_01_shop_order_items() -%}
-- erp schema (shop) Day 01 delta changes
-- Simulates business activity on Day 01 after baseline

-- Add 25 new customers

USE jaffle_shop;

INSERT INTO dbo.order_items (order_item_id, order_id, product_id, quantity, unit_price, created_at, updated_at, deleted_at) VALUES
(1201, 501, 5, 1, 199.99, CURRENT_TIMESTAMP, CURRENT_TIMESTAMP, NULL),
(1202, 502, 6, 2, 149.99, CURRENT_TIMESTAMP, CURRENT_TIMESTAMP, NULL),
(1203, 502, 8, 3, 49.99, CURRENT_TIMESTAMP, CURRENT_TIMESTAMP, NULL),
(1204, 503, 7, 1, 89.99, CURRENT_TIMESTAMP, CURRENT_TIMESTAMP, NULL),
(1205, 503, 10, 1, 24.99, CURRENT_TIMESTAMP, CURRENT_TIMESTAMP, NULL),
(1206, 503, 8, 1, 49.99, CURRENT_TIMESTAMP, CURRENT_TIMESTAMP, NULL),
(1207, 504, 6, 1, 149.99, CURRENT_TIMESTAMP, CURRENT_TIMESTAMP, NULL),
(1208, 504, 9, 1, 399.99, CURRENT_TIMESTAMP, CURRENT_TIMESTAMP, NULL),
(1209, 505, 7, 1, 89.99, CURRENT_TIMESTAMP, CURRENT_TIMESTAMP, NULL),
(1210, 505, 3, 1, 79.99, CURRENT_TIMESTAMP, CURRENT_TIMESTAMP, NULL),
(1211, 506, 6, 1, 149.99, CURRENT_TIMESTAMP, CURRENT_TIMESTAMP, NULL),
(1212, 506, 7, 2, 89.99, CURRENT_TIMESTAMP, CURRENT_TIMESTAMP, NULL),
(1213, 507, 3, 1, 79.99, CURRENT_TIMESTAMP, CURRENT_TIMESTAMP, NULL),
(1214, 508, 7, 1, 89.99, CURRENT_TIMESTAMP, CURRENT_TIMESTAMP, NULL),
(1215, 508, 6, 1, 149.99, CURRENT_TIMESTAMP, CURRENT_TIMESTAMP, NULL),
(1216, 509, 2, 2, 29.99, CURRENT_TIMESTAMP, CURRENT_TIMESTAMP, NULL),
(1217, 509, 7, 2, 89.99, CURRENT_TIMESTAMP, CURRENT_TIMESTAMP, NULL),
(1218, 509, 1, 2, 999.99, CURRENT_TIMESTAMP, CURRENT_TIMESTAMP, NULL),
(1219, 510, 3, 1, 79.99, CURRENT_TIMESTAMP, CURRENT_TIMESTAMP, NULL),
(1220, 511, 8, 1, 49.99, CURRENT_TIMESTAMP, CURRENT_TIMESTAMP, NULL),
(1221, 511, 9, 3, 399.99, CURRENT_TIMESTAMP, CURRENT_TIMESTAMP, NULL),
(1222, 512, 5, 1, 199.99, CURRENT_TIMESTAMP, CURRENT_TIMESTAMP, NULL),
(1223, 513, 10, 1, 24.99, CURRENT_TIMESTAMP, CURRENT_TIMESTAMP, NULL),
(1224, 514, 2, 1, 29.99, CURRENT_TIMESTAMP, CURRENT_TIMESTAMP, NULL),
(1225, 514, 1, 2, 999.99, CURRENT_TIMESTAMP, CURRENT_TIMESTAMP, NULL),
(1226, 514, 4, 1, 299.99, CURRENT_TIMESTAMP, CURRENT_TIMESTAMP, NULL),
(1227, 515, 8, 3, 49.99, CURRENT_TIMESTAMP, CURRENT_TIMESTAMP, NULL),
(1228, 516, 7, 1, 89.99, CURRENT_TIMESTAMP, CURRENT_TIMESTAMP, NULL),
(1229, 516, 9, 1, 399.99, CURRENT_TIMESTAMP, CURRENT_TIMESTAMP, NULL),
(1230, 516, 4, 1, 299.99, CURRENT_TIMESTAMP, CURRENT_TIMESTAMP, NULL),
(1231, 517, 9, 3, 399.99, CURRENT_TIMESTAMP, CURRENT_TIMESTAMP, NULL),
(1232, 517, 7, 1, 89.99, CURRENT_TIMESTAMP, CURRENT_TIMESTAMP, NULL),
(1233, 517, 3, 1, 79.99, CURRENT_TIMESTAMP, CURRENT_TIMESTAMP, NULL),
(1234, 518, 1, 1, 999.99, CURRENT_TIMESTAMP, CURRENT_TIMESTAMP, NULL),
(1235, 518, 4, 2, 299.99, CURRENT_TIMESTAMP, CURRENT_TIMESTAMP, NULL),
(1236, 519, 1, 1, 999.99, CURRENT_TIMESTAMP, CURRENT_TIMESTAMP, NULL),
(1237, 520, 1, 2, 999.99, CURRENT_TIMESTAMP, CURRENT_TIMESTAMP, NULL),
(1238, 521, 10, 2, 24.99, CURRENT_TIMESTAMP, CURRENT_TIMESTAMP, NULL),
(1239, 522, 9, 1, 399.99, CURRENT_TIMESTAMP, CURRENT_TIMESTAMP, NULL),
(1240, 523, 2, 3, 29.99, CURRENT_TIMESTAMP, CURRENT_TIMESTAMP, NULL),
(1241, 524, 9, 1, 399.99, CURRENT_TIMESTAMP, CURRENT_TIMESTAMP, NULL),
(1242, 525, 9, 3, 399.99, CURRENT_TIMESTAMP, CURRENT_TIMESTAMP, NULL),
(1243, 526, 3, 1, 79.99, CURRENT_TIMESTAMP, CURRENT_TIMESTAMP, NULL),
(1244, 526, 4, 1, 299.99, CURRENT_TIMESTAMP, CURRENT_TIMESTAMP, NULL),
(1245, 527, 3, 1, 79.99, CURRENT_TIMESTAMP, CURRENT_TIMESTAMP, NULL),
(1246, 528, 6, 3, 149.99, CURRENT_TIMESTAMP, CURRENT_TIMESTAMP, NULL),
(1247, 529, 1, 1, 999.99, CURRENT_TIMESTAMP, CURRENT_TIMESTAMP, NULL),
(1248, 529, 10, 3, 24.99, CURRENT_TIMESTAMP, CURRENT_TIMESTAMP, NULL),
(1249, 530, 7, 1, 89.99, CURRENT_TIMESTAMP, CURRENT_TIMESTAMP, NULL),
(1250, 531, 1, 1, 999.99, CURRENT_TIMESTAMP, CURRENT_TIMESTAMP, NULL),
(1251, 532, 1, 1, 999.99, CURRENT_TIMESTAMP, CURRENT_TIMESTAMP, NULL),
(1252, 533, 5, 1, 199.99, CURRENT_TIMESTAMP, CURRENT_TIMESTAMP, NULL),
(1253, 533, 2, 1, 29.99, CURRENT_TIMESTAMP, CURRENT_TIMESTAMP, NULL),
(1254, 534, 3, 2, 79.99, CURRENT_TIMESTAMP, CURRENT_TIMESTAMP, NULL),
(1255, 534, 6, 3, 149.99, CURRENT_TIMESTAMP, CURRENT_TIMESTAMP, NULL),
(1256, 535, 6, 1, 149.99, CURRENT_TIMESTAMP, CURRENT_TIMESTAMP, NULL),
(1257, 535, 8, 1, 49.99, CURRENT_TIMESTAMP, CURRENT_TIMESTAMP, NULL),
(1258, 536, 4, 3, 299.99, CURRENT_TIMESTAMP, CURRENT_TIMESTAMP, NULL),
(1259, 536, 1, 1, 999.99, CURRENT_TIMESTAMP, CURRENT_TIMESTAMP, NULL),
(1260, 536, 2, 1, 29.99, CURRENT_TIMESTAMP, CURRENT_TIMESTAMP, NULL),
(1261, 537, 2, 3, 29.99, CURRENT_TIMESTAMP, CURRENT_TIMESTAMP, NULL),
(1262, 538, 5, 2, 199.99, CURRENT_TIMESTAMP, CURRENT_TIMESTAMP, NULL),
(1263, 538, 5, 1, 199.99, CURRENT_TIMESTAMP, CURRENT_TIMESTAMP, NULL),
(1264, 539, 8, 1, 49.99, CURRENT_TIMESTAMP, CURRENT_TIMESTAMP, NULL),
(1265, 540, 7, 2, 89.99, CURRENT_TIMESTAMP, CURRENT_TIMESTAMP, NULL),
(1266, 540, 3, 1, 79.99, CURRENT_TIMESTAMP, CURRENT_TIMESTAMP, NULL),
(1267, 541, 4, 2, 299.99, CURRENT_TIMESTAMP, CURRENT_TIMESTAMP, NULL),
(1268, 541, 9, 1, 399.99, CURRENT_TIMESTAMP, CURRENT_TIMESTAMP, NULL),
(1269, 542, 3, 2, 79.99, CURRENT_TIMESTAMP, CURRENT_TIMESTAMP, NULL),
(1270, 542, 5, 1, 199.99, CURRENT_TIMESTAMP, CURRENT_TIMESTAMP, NULL),
(1271, 543, 2, 3, 29.99, CURRENT_TIMESTAMP, CURRENT_TIMESTAMP, NULL),
(1272, 544, 2, 1, 29.99, CURRENT_TIMESTAMP, CURRENT_TIMESTAMP, NULL),
(1273, 544, 6, 1, 149.99, CURRENT_TIMESTAMP, CURRENT_TIMESTAMP, NULL),
(1274, 544, 2, 1, 29.99, CURRENT_TIMESTAMP, CURRENT_TIMESTAMP, NULL),
(1275, 545, 9, 1, 399.99, CURRENT_TIMESTAMP, CURRENT_TIMESTAMP, NULL),
(1276, 546, 3, 1, 79.99, CURRENT_TIMESTAMP, CURRENT_TIMESTAMP, NULL),
(1277, 547, 6, 1, 149.99, CURRENT_TIMESTAMP, CURRENT_TIMESTAMP, NULL),
(1278, 547, 2, 1, 29.99, CURRENT_TIMESTAMP, CURRENT_TIMESTAMP, NULL),
(1279, 548, 3, 1, 79.99, CURRENT_TIMESTAMP, CURRENT_TIMESTAMP, NULL),
(1280, 549, 2, 2, 29.99, CURRENT_TIMESTAMP, CURRENT_TIMESTAMP, NULL),
(1281, 549, 2, 1, 29.99, CURRENT_TIMESTAMP, CURRENT_TIMESTAMP, NULL),
(1282, 549, 7, 1, 89.99, CURRENT_TIMESTAMP, CURRENT_TIMESTAMP, NULL),
(1283, 550, 4, 1, 299.99, CURRENT_TIMESTAMP, CURRENT_TIMESTAMP, NULL),
(1284, 550, 6, 1, 149.99, CURRENT_TIMESTAMP, CURRENT_TIMESTAMP, NULL),
(1285, 551, 2, 1, 29.99, CURRENT_TIMESTAMP, CURRENT_TIMESTAMP, NULL),
(1286, 551, 2, 1, 29.99, CURRENT_TIMESTAMP, CURRENT_TIMESTAMP, NULL),
(1287, 552, 4, 1, 299.99, CURRENT_TIMESTAMP, CURRENT_TIMESTAMP, NULL),
(1288, 553, 8, 1, 49.99, CURRENT_TIMESTAMP, CURRENT_TIMESTAMP, NULL),
(1289, 553, 7, 1, 89.99, CURRENT_TIMESTAMP, CURRENT_TIMESTAMP, NULL),
(1290, 554, 5, 1, 199.99, CURRENT_TIMESTAMP, CURRENT_TIMESTAMP, NULL),
(1291, 554, 8, 1, 49.99, CURRENT_TIMESTAMP, CURRENT_TIMESTAMP, NULL),
(1292, 554, 3, 1, 79.99, CURRENT_TIMESTAMP, CURRENT_TIMESTAMP, NULL),
(1293, 555, 7, 3, 89.99, CURRENT_TIMESTAMP, CURRENT_TIMESTAMP, NULL),
(1294, 556, 10, 1, 24.99, CURRENT_TIMESTAMP, CURRENT_TIMESTAMP, NULL),
(1295, 557, 6, 1, 149.99, CURRENT_TIMESTAMP, CURRENT_TIMESTAMP, NULL),
(1296, 558, 10, 2, 24.99, CURRENT_TIMESTAMP, CURRENT_TIMESTAMP, NULL),
(1297, 558, 3, 3, 79.99, CURRENT_TIMESTAMP, CURRENT_TIMESTAMP, NULL),
(1298, 558, 3, 1, 79.99, CURRENT_TIMESTAMP, CURRENT_TIMESTAMP, NULL),
(1299, 559, 7, 1, 89.99, CURRENT_TIMESTAMP, CURRENT_TIMESTAMP, NULL),
(1300, 559, 8, 1, 49.99, CURRENT_TIMESTAMP, CURRENT_TIMESTAMP, NULL),
(1301, 559, 9, 2, 399.99, CURRENT_TIMESTAMP, CURRENT_TIMESTAMP, NULL),
(1302, 560, 3, 3, 79.99, CURRENT_TIMESTAMP, CURRENT_TIMESTAMP, NULL),
(1303, 560, 1, 1, 999.99, CURRENT_TIMESTAMP, CURRENT_TIMESTAMP, NULL);
{%- endmacro %}

{%- macro _get_sqlserver_deltas_day_01_shop_payments() -%}
-- erp schema (shop) Day 01 delta changes
-- Simulates business activity on Day 01 after baseline

-- Add 25 new customers

USE jaffle_shop;

INSERT INTO dbo.payments (payment_id, order_id, payment_method, amount, created_at, updated_at, deleted_at) VALUES
(221, 252, 'credit_card', 360.19, CURRENT_TIMESTAMP, CURRENT_TIMESTAMP, NULL),
(222, 252, 'credit_card', 974.54, CURRENT_TIMESTAMP, CURRENT_TIMESTAMP, NULL),
(223, 253, 'credit_card', 1457.35, CURRENT_TIMESTAMP, CURRENT_TIMESTAMP, NULL),
(224, 253, 'bank_transfer', 755.77, CURRENT_TIMESTAMP, CURRENT_TIMESTAMP, NULL),
(225, 254, 'credit_card', 1030.57, CURRENT_TIMESTAMP, CURRENT_TIMESTAMP, NULL),
(226, 255, 'coupon', 306.46, CURRENT_TIMESTAMP, CURRENT_TIMESTAMP, NULL),
(227, 256, 'coupon', 235.05, CURRENT_TIMESTAMP, CURRENT_TIMESTAMP, NULL),
(228, 257, 'credit_card', 59.86, CURRENT_TIMESTAMP, CURRENT_TIMESTAMP, NULL),
(229, 258, 'credit_card', 324.58, CURRENT_TIMESTAMP, CURRENT_TIMESTAMP, NULL),
(230, 259, 'coupon', 1305.64, CURRENT_TIMESTAMP, CURRENT_TIMESTAMP, NULL),
(231, 259, 'coupon', 1008.59, CURRENT_TIMESTAMP, CURRENT_TIMESTAMP, NULL),
(232, 260, 'credit_card', 1262.17, CURRENT_TIMESTAMP, CURRENT_TIMESTAMP, NULL),
(233, 261, 'credit_card', 258.79, CURRENT_TIMESTAMP, CURRENT_TIMESTAMP, NULL),
(234, 262, 'credit_card', 625.97, CURRENT_TIMESTAMP, CURRENT_TIMESTAMP, NULL),
(235, 263, 'coupon', 348.14, CURRENT_TIMESTAMP, CURRENT_TIMESTAMP, NULL),
(236, 264, 'bank_transfer', 958.84, CURRENT_TIMESTAMP, CURRENT_TIMESTAMP, NULL),
(237, 265, 'credit_card', 480.57, CURRENT_TIMESTAMP, CURRENT_TIMESTAMP, NULL),
(238, 270, 'credit_card', 1408.06, CURRENT_TIMESTAMP, CURRENT_TIMESTAMP, NULL),
(239, 270, 'bank_transfer', 671.72, CURRENT_TIMESTAMP, CURRENT_TIMESTAMP, NULL),
(240, 272, 'credit_card', 399.69, CURRENT_TIMESTAMP, CURRENT_TIMESTAMP, NULL),
(241, 274, 'bank_transfer', 1044.77, CURRENT_TIMESTAMP, CURRENT_TIMESTAMP, NULL),
(242, 274, 'coupon', 1377.38, CURRENT_TIMESTAMP, CURRENT_TIMESTAMP, NULL),
(243, 275, 'coupon', 1051.67, CURRENT_TIMESTAMP, CURRENT_TIMESTAMP, NULL),
(244, 278, 'credit_card', 125.29, CURRENT_TIMESTAMP, CURRENT_TIMESTAMP, NULL),
(245, 280, 'gift_card', 199.12, CURRENT_TIMESTAMP, CURRENT_TIMESTAMP, NULL),
(246, 281, 'credit_card', 1393.31, CURRENT_TIMESTAMP, CURRENT_TIMESTAMP, NULL),
(247, 282, 'bank_transfer', 951.09, CURRENT_TIMESTAMP, CURRENT_TIMESTAMP, NULL),
(248, 283, 'bank_transfer', 1257.13, CURRENT_TIMESTAMP, CURRENT_TIMESTAMP, NULL),
(249, 284, 'credit_card', 837.23, CURRENT_TIMESTAMP, CURRENT_TIMESTAMP, NULL),
(250, 285, 'credit_card', 397.96, CURRENT_TIMESTAMP, CURRENT_TIMESTAMP, NULL),
(251, 289, 'credit_card', 620.1, CURRENT_TIMESTAMP, CURRENT_TIMESTAMP, NULL),
(252, 290, 'credit_card', 198.99, CURRENT_TIMESTAMP, CURRENT_TIMESTAMP, NULL),
(253, 291, 'bank_transfer', 849.29, CURRENT_TIMESTAMP, CURRENT_TIMESTAMP, NULL),
(254, 292, 'credit_card', 1330.3, CURRENT_TIMESTAMP, CURRENT_TIMESTAMP, NULL),
(255, 292, 'credit_card', 416.13, CURRENT_TIMESTAMP, CURRENT_TIMESTAMP, NULL),
(256, 294, 'credit_card', 519.89, CURRENT_TIMESTAMP, CURRENT_TIMESTAMP, NULL),
(257, 295, 'coupon', 1117.9, CURRENT_TIMESTAMP, CURRENT_TIMESTAMP, NULL),
(258, 296, 'bank_transfer', 673.83, CURRENT_TIMESTAMP, CURRENT_TIMESTAMP, NULL),
(259, 297, 'credit_card', 157.38, CURRENT_TIMESTAMP, CURRENT_TIMESTAMP, NULL),
(260, 298, 'credit_card', 257.33, CURRENT_TIMESTAMP, CURRENT_TIMESTAMP, NULL),
(261, 300, 'credit_card', 981.92, CURRENT_TIMESTAMP, CURRENT_TIMESTAMP, NULL),
(262, 300, 'coupon', 1176.99, CURRENT_TIMESTAMP, CURRENT_TIMESTAMP, NULL),
(263, 301, 'credit_card', 59.42, CURRENT_TIMESTAMP, CURRENT_TIMESTAMP, NULL),
(264, 302, 'bank_transfer', 951.24, CURRENT_TIMESTAMP, CURRENT_TIMESTAMP, NULL),
(265, 303, 'credit_card', 1337.6, CURRENT_TIMESTAMP, CURRENT_TIMESTAMP, NULL),
(266, 303, 'credit_card', 472.97, CURRENT_TIMESTAMP, CURRENT_TIMESTAMP, NULL),
(267, 304, 'coupon', 360.46, CURRENT_TIMESTAMP, CURRENT_TIMESTAMP, NULL),
(268, 306, 'credit_card', 996.12, CURRENT_TIMESTAMP, CURRENT_TIMESTAMP, NULL),
(269, 306, 'credit_card', 398.89, CURRENT_TIMESTAMP, CURRENT_TIMESTAMP, NULL),
(270, 307, 'bank_transfer', 1354.19, CURRENT_TIMESTAMP, CURRENT_TIMESTAMP, NULL),
(271, 309, 'bank_transfer', 297.77, CURRENT_TIMESTAMP, CURRENT_TIMESTAMP, NULL),
(272, 310, 'coupon', 1266.84, CURRENT_TIMESTAMP, CURRENT_TIMESTAMP, NULL);
{%- endmacro %}

{%- macro _get_sqlserver_deltas_day_01_crm_email_activity() -%}
-- crm schema Day 01 delta changes
-- Simulates marketing activity on Day 01

-- Add 40 email activity records

USE jaffle_crm;

INSERT INTO dbo.email_activity (activity_id, customer_id, campaign_id, sent_date, opened, clicked, created_at, updated_at, deleted_at) VALUES
(201, 113, 2, CURRENT_DATE, true, false, CURRENT_TIMESTAMP, CURRENT_TIMESTAMP, NULL),
(202, 88, 3, CURRENT_DATE, false, false, CURRENT_TIMESTAMP, CURRENT_TIMESTAMP, NULL),
(203, 46, 3, CURRENT_DATE, false, false, CURRENT_TIMESTAMP, CURRENT_TIMESTAMP, NULL),
(204, 79, 3, CURRENT_DATE, false, false, CURRENT_TIMESTAMP, CURRENT_TIMESTAMP, NULL),
(205, 86, 2, CURRENT_DATE, true, false, CURRENT_TIMESTAMP, CURRENT_TIMESTAMP, NULL),
(206, 51, 3, CURRENT_DATE, true, true, CURRENT_TIMESTAMP, CURRENT_TIMESTAMP, NULL),
(207, 26, 3, CURRENT_DATE, false, false, CURRENT_TIMESTAMP, CURRENT_TIMESTAMP, NULL),
(208, 91, 1, CURRENT_DATE, true, true, CURRENT_TIMESTAMP, CURRENT_TIMESTAMP, NULL),
(209, 7, 1, CURRENT_DATE, false, false, CURRENT_TIMESTAMP, CURRENT_TIMESTAMP, NULL),
(210, 110, 2, CURRENT_DATE, true, false, CURRENT_TIMESTAMP, CURRENT_TIMESTAMP, NULL),
(211, 75, 3, CURRENT_DATE, true, true, CURRENT_TIMESTAMP, CURRENT_TIMESTAMP, NULL),
(212, 27, 2, CURRENT_DATE, false, false, CURRENT_TIMESTAMP, CURRENT_TIMESTAMP, NULL),
(213, 83, 2, CURRENT_DATE, false, false, CURRENT_TIMESTAMP, CURRENT_TIMESTAMP, NULL),
(214, 61, 3, CURRENT_DATE, false, false, CURRENT_TIMESTAMP, CURRENT_TIMESTAMP, NULL),
(215, 25, 3, CURRENT_DATE, true, true, CURRENT_TIMESTAMP, CURRENT_TIMESTAMP, NULL),
(216, 28, 2, CURRENT_DATE, true, false, CURRENT_TIMESTAMP, CURRENT_TIMESTAMP, NULL),
(217, 11, 1, CURRENT_DATE, true, true, CURRENT_TIMESTAMP, CURRENT_TIMESTAMP, NULL),
(218, 42, 1, CURRENT_DATE, true, false, CURRENT_TIMESTAMP, CURRENT_TIMESTAMP, NULL),
(219, 8, 1, CURRENT_DATE, true, false, CURRENT_TIMESTAMP, CURRENT_TIMESTAMP, NULL),
(220, 117, 1, CURRENT_DATE, false, false, CURRENT_TIMESTAMP, CURRENT_TIMESTAMP, NULL),
(221, 19, 1, CURRENT_DATE, true, true, CURRENT_TIMESTAMP, CURRENT_TIMESTAMP, NULL),
(222, 96, 3, CURRENT_DATE, false, false, CURRENT_TIMESTAMP, CURRENT_TIMESTAMP, NULL),
(223, 4, 2, CURRENT_DATE, false, false, CURRENT_TIMESTAMP, CURRENT_TIMESTAMP, NULL),
(224, 29, 3, CURRENT_DATE, false, false, CURRENT_TIMESTAMP, CURRENT_TIMESTAMP, NULL),
(225, 99, 3, CURRENT_DATE, true, false, CURRENT_TIMESTAMP, CURRENT_TIMESTAMP, NULL),
(226, 65, 2, CURRENT_DATE, true, false, CURRENT_TIMESTAMP, CURRENT_TIMESTAMP, NULL),
(227, 23, 1, CURRENT_DATE, true, true, CURRENT_TIMESTAMP, CURRENT_TIMESTAMP, NULL),
(228, 104, 2, CURRENT_DATE, false, false, CURRENT_TIMESTAMP, CURRENT_TIMESTAMP, NULL),
(229, 28, 1, CURRENT_DATE, true, true, CURRENT_TIMESTAMP, CURRENT_TIMESTAMP, NULL),
(230, 100, 1, CURRENT_DATE, false, false, CURRENT_TIMESTAMP, CURRENT_TIMESTAMP, NULL),
(231, 2, 3, CURRENT_DATE, false, false, CURRENT_TIMESTAMP, CURRENT_TIMESTAMP, NULL),
(232, 114, 2, CURRENT_DATE, true, true, CURRENT_TIMESTAMP, CURRENT_TIMESTAMP, NULL),
(233, 122, 2, CURRENT_DATE, false, false, CURRENT_TIMESTAMP, CURRENT_TIMESTAMP, NULL),
(234, 7, 1, CURRENT_DATE, false, false, CURRENT_TIMESTAMP, CURRENT_TIMESTAMP, NULL),
(235, 9, 3, CURRENT_DATE, false, false, CURRENT_TIMESTAMP, CURRENT_TIMESTAMP, NULL),
(236, 79, 3, CURRENT_DATE, false, false, CURRENT_TIMESTAMP, CURRENT_TIMESTAMP, NULL),
(237, 28, 1, CURRENT_DATE, true, true, CURRENT_TIMESTAMP, CURRENT_TIMESTAMP, NULL),
(238, 66, 2, CURRENT_DATE, true, false, CURRENT_TIMESTAMP, CURRENT_TIMESTAMP, NULL),
(239, 123, 1, CURRENT_DATE, true, true, CURRENT_TIMESTAMP, CURRENT_TIMESTAMP, NULL),
(240, 28, 1, CURRENT_DATE, false, false, CURRENT_TIMESTAMP, CURRENT_TIMESTAMP, NULL);
{%- endmacro %}

{%- macro _get_sqlserver_deltas_day_01_crm_web_sessions() -%}
-- crm schema Day 01 delta changes
-- Simulates marketing activity on Day 01

-- Add 40 email activity records

USE jaffle_crm;

INSERT INTO dbo.web_sessions (session_id, customer_id, session_start, session_end, page_views, created_at, updated_at, deleted_at) VALUES
(151, 62, CURRENT_DATE, CURRENT_DATE, 17, CURRENT_TIMESTAMP, CURRENT_TIMESTAMP, NULL),
(152, 121, CURRENT_DATE, CURRENT_DATE, 3, CURRENT_TIMESTAMP, CURRENT_TIMESTAMP, NULL),
(153, 1, CURRENT_DATE, CURRENT_DATE, 12, CURRENT_TIMESTAMP, CURRENT_TIMESTAMP, NULL),
(154, 3, CURRENT_DATE, CURRENT_DATE, 10, CURRENT_TIMESTAMP, CURRENT_TIMESTAMP, NULL),
(155, 9, CURRENT_DATE, CURRENT_DATE, 6, CURRENT_TIMESTAMP, CURRENT_TIMESTAMP, NULL),
(156, 2, CURRENT_DATE, CURRENT_DATE, 16, CURRENT_TIMESTAMP, CURRENT_TIMESTAMP, NULL),
(157, 36, CURRENT_DATE, CURRENT_DATE, 27, CURRENT_TIMESTAMP, CURRENT_TIMESTAMP, NULL),
(158, 39, CURRENT_DATE, CURRENT_DATE, 13, CURRENT_TIMESTAMP, CURRENT_TIMESTAMP, NULL),
(159, 86, CURRENT_DATE, CURRENT_DATE, 3, CURRENT_TIMESTAMP, CURRENT_TIMESTAMP, NULL),
(160, 71, CURRENT_DATE, CURRENT_DATE, 28, CURRENT_TIMESTAMP, CURRENT_TIMESTAMP, NULL),
(161, 19, CURRENT_DATE, CURRENT_DATE, 25, CURRENT_TIMESTAMP, CURRENT_TIMESTAMP, NULL),
(162, 33, CURRENT_DATE, CURRENT_DATE, 29, CURRENT_TIMESTAMP, CURRENT_TIMESTAMP, NULL),
(163, 14, CURRENT_DATE, CURRENT_DATE, 8, CURRENT_TIMESTAMP, CURRENT_TIMESTAMP, NULL),
(164, 15, CURRENT_DATE, CURRENT_DATE, 29, CURRENT_TIMESTAMP, CURRENT_TIMESTAMP, NULL),
(165, 24, CURRENT_DATE, CURRENT_DATE, 21, CURRENT_TIMESTAMP, CURRENT_TIMESTAMP, NULL),
(166, 64, CURRENT_DATE, CURRENT_DATE, 4, CURRENT_TIMESTAMP, CURRENT_TIMESTAMP, NULL),
(167, 22, CURRENT_DATE, CURRENT_DATE, 8, CURRENT_TIMESTAMP, CURRENT_TIMESTAMP, NULL),
(168, 29, CURRENT_DATE, CURRENT_DATE, 6, CURRENT_TIMESTAMP, CURRENT_TIMESTAMP, NULL),
(169, 40, CURRENT_DATE, CURRENT_DATE, 14, CURRENT_TIMESTAMP, CURRENT_TIMESTAMP, NULL),
(170, 123, CURRENT_DATE, CURRENT_DATE, 10, CURRENT_TIMESTAMP, CURRENT_TIMESTAMP, NULL),
(171, 92, CURRENT_DATE, CURRENT_DATE, 30, CURRENT_TIMESTAMP, CURRENT_TIMESTAMP, NULL),
(172, 47, CURRENT_DATE, CURRENT_DATE, 9, CURRENT_TIMESTAMP, CURRENT_TIMESTAMP, NULL),
(173, 85, CURRENT_DATE, CURRENT_DATE, 8, CURRENT_TIMESTAMP, CURRENT_TIMESTAMP, NULL),
(174, 56, CURRENT_DATE, CURRENT_DATE, 14, CURRENT_TIMESTAMP, CURRENT_TIMESTAMP, NULL),
(175, 40, CURRENT_DATE, CURRENT_DATE, 15, CURRENT_TIMESTAMP, CURRENT_TIMESTAMP, NULL),
(176, 79, CURRENT_DATE, CURRENT_DATE, 12, CURRENT_TIMESTAMP, CURRENT_TIMESTAMP, NULL),
(177, 108, CURRENT_DATE, CURRENT_DATE, 11, CURRENT_TIMESTAMP, CURRENT_TIMESTAMP, NULL),
(178, 2, CURRENT_DATE, CURRENT_DATE, 23, CURRENT_TIMESTAMP, CURRENT_TIMESTAMP, NULL),
(179, 21, CURRENT_DATE, CURRENT_DATE, 16, CURRENT_TIMESTAMP, CURRENT_TIMESTAMP, NULL),
(180, 8, CURRENT_DATE, CURRENT_DATE, 16, CURRENT_TIMESTAMP, CURRENT_TIMESTAMP, NULL);
{%- endmacro %}

{%- macro _get_sqlserver_deltas_day_02_shop_customers() -%}
-- erp schema (shop) Day 02 delta changes
-- Simulates business activity on Day 02 after baseline

-- Add 22 new customers

USE jaffle_shop;

INSERT INTO dbo.customers (customer_id, first_name, last_name, email, created_at, updated_at, deleted_at) VALUES
(126, 'Cathy', 'Beesly', 'cathy.beesly126@example.com', CURRENT_TIMESTAMP, CURRENT_TIMESTAMP, NULL),
(127, 'Jim', 'Smith', 'jim.smith127@example.com', CURRENT_TIMESTAMP, CURRENT_TIMESTAMP, NULL),
(128, 'Meredith', 'Johnson', 'meredith.johnson128@example.com', CURRENT_TIMESTAMP, CURRENT_TIMESTAMP, NULL),
(129, 'Brian', 'Bennett', 'brian.bennett129@example.com', CURRENT_TIMESTAMP, CURRENT_TIMESTAMP, NULL),
(130, 'Jo', 'Nickerson', 'jo.nickerson130@example.com', CURRENT_TIMESTAMP, CURRENT_TIMESTAMP, NULL),
(131, 'Gabe', 'Miller', 'gabe.miller131@example.com', CURRENT_TIMESTAMP, CURRENT_TIMESTAMP, NULL),
(132, 'Hide', 'Vance', 'hide.vance132@example.com', CURRENT_TIMESTAMP, CURRENT_TIMESTAMP, NULL),
(133, 'David', 'California', 'david.california133@example.com', CURRENT_TIMESTAMP, CURRENT_TIMESTAMP, NULL),
(134, 'Karen', 'Bennett', 'karen.bennett134@example.com', CURRENT_TIMESTAMP, CURRENT_TIMESTAMP, NULL),
(135, 'Tony', 'Miller', 'tony.miller135@example.com', CURRENT_TIMESTAMP, CURRENT_TIMESTAMP, NULL),
(136, 'Cathy', 'Nickerson', 'cathy.nickerson136@example.com', CURRENT_TIMESTAMP, CURRENT_TIMESTAMP, NULL),
(137, 'Ryan', 'Hannon', 'ryan.hannon137@example.com', CURRENT_TIMESTAMP, CURRENT_TIMESTAMP, NULL),
(138, 'Kelly', 'Green', 'kelly.green138@example.com', CURRENT_TIMESTAMP, CURRENT_TIMESTAMP, NULL),
(139, 'Michael', 'Smith', 'michael.smith139@example.com', CURRENT_TIMESTAMP, CURRENT_TIMESTAMP, NULL),
(140, 'Kevin', 'Schrute', 'kevin.schrute140@example.com', CURRENT_TIMESTAMP, CURRENT_TIMESTAMP, NULL),
(141, 'Jo', 'Schrute', 'jo.schrute141@example.com', CURRENT_TIMESTAMP, CURRENT_TIMESTAMP, NULL),
(142, 'Brian', 'Wallace', 'brian.wallace142@example.com', CURRENT_TIMESTAMP, CURRENT_TIMESTAMP, NULL),
(143, 'Erin', 'Halpert', 'erin.halpert143@example.com', CURRENT_TIMESTAMP, CURRENT_TIMESTAMP, NULL),
(144, 'Jordan', 'Halpert', 'jordan.halpert144@example.com', CURRENT_TIMESTAMP, CURRENT_TIMESTAMP, NULL),
(145, 'Nate', 'Bennett', 'nate.bennett145@example.com', CURRENT_TIMESTAMP, CURRENT_TIMESTAMP, NULL),
(146, 'Stanley', 'Hudson', 'stanley.hudson146@example.com', CURRENT_TIMESTAMP, CURRENT_TIMESTAMP, NULL),
(147, 'Senator', 'Vance', 'senator.vance147@example.com', CURRENT_TIMESTAMP, CURRENT_TIMESTAMP, NULL);
{%- endmacro %}

{%- macro _get_sqlserver_deltas_day_02_shop_orders() -%}
-- erp schema (shop) Day 02 delta changes
-- Simulates business activity on Day 02 after baseline

-- Add 22 new customers

USE jaffle_shop;

INSERT INTO dbo.orders (order_id, customer_id, order_date, status, created_at, updated_at, deleted_at) VALUES
(561, 126, CURRENT_DATE, 'pending', CURRENT_TIMESTAMP, CURRENT_TIMESTAMP, NULL),
(562, 127, CURRENT_DATE, 'completed', CURRENT_TIMESTAMP, CURRENT_TIMESTAMP, NULL),
(563, 128, CURRENT_DATE, 'completed', CURRENT_TIMESTAMP, CURRENT_TIMESTAMP, NULL),
(564, 129, CURRENT_DATE, 'completed', CURRENT_TIMESTAMP, CURRENT_TIMESTAMP, NULL),
(565, 130, CURRENT_DATE, 'pending', CURRENT_TIMESTAMP, CURRENT_TIMESTAMP, NULL),
(566, 131, CURRENT_DATE, 'pending', CURRENT_TIMESTAMP, CURRENT_TIMESTAMP, NULL),
(567, 132, CURRENT_DATE, 'cancelled', CURRENT_TIMESTAMP, CURRENT_TIMESTAMP, NULL),
(568, 133, CURRENT_DATE, 'cancelled', CURRENT_TIMESTAMP, CURRENT_TIMESTAMP, NULL),
(569, 134, CURRENT_DATE, 'completed', CURRENT_TIMESTAMP, CURRENT_TIMESTAMP, NULL),
(570, 135, CURRENT_DATE, 'completed', CURRENT_TIMESTAMP, CURRENT_TIMESTAMP, NULL),
(571, 136, CURRENT_DATE, 'completed', CURRENT_TIMESTAMP, CURRENT_TIMESTAMP, NULL),
(572, 137, CURRENT_DATE, 'completed', CURRENT_TIMESTAMP, CURRENT_TIMESTAMP, NULL),
(573, 138, CURRENT_DATE, 'pending', CURRENT_TIMESTAMP, CURRENT_TIMESTAMP, NULL),
(574, 139, CURRENT_DATE, 'pending', CURRENT_TIMESTAMP, CURRENT_TIMESTAMP, NULL),
(575, 140, CURRENT_DATE, 'completed', CURRENT_TIMESTAMP, CURRENT_TIMESTAMP, NULL),
(576, 141, CURRENT_DATE, 'pending', CURRENT_TIMESTAMP, CURRENT_TIMESTAMP, NULL),
(577, 142, CURRENT_DATE, 'completed', CURRENT_TIMESTAMP, CURRENT_TIMESTAMP, NULL),
(578, 143, CURRENT_DATE, 'cancelled', CURRENT_TIMESTAMP, CURRENT_TIMESTAMP, NULL),
(579, 144, CURRENT_DATE, 'completed', CURRENT_TIMESTAMP, CURRENT_TIMESTAMP, NULL),
(580, 145, CURRENT_DATE, 'completed', CURRENT_TIMESTAMP, CURRENT_TIMESTAMP, NULL),
(581, 146, CURRENT_DATE, 'pending', CURRENT_TIMESTAMP, CURRENT_TIMESTAMP, NULL),
(582, 147, CURRENT_DATE, 'completed', CURRENT_TIMESTAMP, CURRENT_TIMESTAMP, NULL),
(583, 34, CURRENT_DATE, 'completed', CURRENT_TIMESTAMP, CURRENT_TIMESTAMP, NULL),
(584, 77, CURRENT_DATE, 'pending', CURRENT_TIMESTAMP, CURRENT_TIMESTAMP, NULL),
(585, 49, CURRENT_DATE, 'pending', CURRENT_TIMESTAMP, CURRENT_TIMESTAMP, NULL),
(586, 48, CURRENT_DATE, 'completed', CURRENT_TIMESTAMP, CURRENT_TIMESTAMP, NULL),
(587, 67, CURRENT_DATE, 'pending', CURRENT_TIMESTAMP, CURRENT_TIMESTAMP, NULL),
(588, 104, CURRENT_DATE, 'completed', CURRENT_TIMESTAMP, CURRENT_TIMESTAMP, NULL),
(589, 55, CURRENT_DATE, 'completed', CURRENT_TIMESTAMP, CURRENT_TIMESTAMP, NULL),
(590, 61, CURRENT_DATE, 'completed', CURRENT_TIMESTAMP, CURRENT_TIMESTAMP, NULL),
(591, 55, CURRENT_DATE, 'pending', CURRENT_TIMESTAMP, CURRENT_TIMESTAMP, NULL),
(592, 55, CURRENT_DATE, 'completed', CURRENT_TIMESTAMP, CURRENT_TIMESTAMP, NULL),
(593, 75, CURRENT_DATE, 'completed', CURRENT_TIMESTAMP, CURRENT_TIMESTAMP, NULL),
(594, 147, CURRENT_DATE, 'completed', CURRENT_TIMESTAMP, CURRENT_TIMESTAMP, NULL),
(595, 147, CURRENT_DATE, 'completed', CURRENT_TIMESTAMP, CURRENT_TIMESTAMP, NULL),
(596, 11, CURRENT_DATE, 'completed', CURRENT_TIMESTAMP, CURRENT_TIMESTAMP, NULL),
(597, 59, CURRENT_DATE, 'completed', CURRENT_TIMESTAMP, CURRENT_TIMESTAMP, NULL),
(598, 89, CURRENT_DATE, 'completed', CURRENT_TIMESTAMP, CURRENT_TIMESTAMP, NULL),
(599, 50, CURRENT_DATE, 'pending', CURRENT_TIMESTAMP, CURRENT_TIMESTAMP, NULL),
(600, 37, CURRENT_DATE, 'cancelled', CURRENT_TIMESTAMP, CURRENT_TIMESTAMP, NULL),
(601, 139, CURRENT_DATE, 'completed', CURRENT_TIMESTAMP, CURRENT_TIMESTAMP, NULL),
(602, 98, CURRENT_DATE, 'completed', CURRENT_TIMESTAMP, CURRENT_TIMESTAMP, NULL),
(603, 6, CURRENT_DATE, 'completed', CURRENT_TIMESTAMP, CURRENT_TIMESTAMP, NULL),
(604, 130, CURRENT_DATE, 'pending', CURRENT_TIMESTAMP, CURRENT_TIMESTAMP, NULL),
(605, 143, CURRENT_DATE, 'completed', CURRENT_TIMESTAMP, CURRENT_TIMESTAMP, NULL),
(606, 92, CURRENT_DATE, 'completed', CURRENT_TIMESTAMP, CURRENT_TIMESTAMP, NULL),
(607, 80, CURRENT_DATE, 'completed', CURRENT_TIMESTAMP, CURRENT_TIMESTAMP, NULL),
(608, 134, CURRENT_DATE, 'completed', CURRENT_TIMESTAMP, CURRENT_TIMESTAMP, NULL),
(609, 69, CURRENT_DATE, 'pending', CURRENT_TIMESTAMP, CURRENT_TIMESTAMP, NULL),
(610, 63, CURRENT_DATE, 'completed', CURRENT_TIMESTAMP, CURRENT_TIMESTAMP, NULL),
(611, 67, CURRENT_DATE, 'completed', CURRENT_TIMESTAMP, CURRENT_TIMESTAMP, NULL),
(612, 27, CURRENT_DATE, 'completed', CURRENT_TIMESTAMP, CURRENT_TIMESTAMP, NULL),
(613, 21, CURRENT_DATE, 'completed', CURRENT_TIMESTAMP, CURRENT_TIMESTAMP, NULL),
(614, 46, CURRENT_DATE, 'completed', CURRENT_TIMESTAMP, CURRENT_TIMESTAMP, NULL),
(615, 77, CURRENT_DATE, 'completed', CURRENT_TIMESTAMP, CURRENT_TIMESTAMP, NULL);
{%- endmacro %}

{%- macro _get_sqlserver_deltas_day_02_shop_orders_updates() -%}
-- erp schema (shop) Day 02 delta changes
-- Simulates business activity on Day 02 after baseline

-- Add 22 new customers

UPDATE dbo.orders
SET status = 'completed',
    updated_at = CURRENT_TIMESTAMP
WHERE order_id IN (293, 220, 281, 298, 276, 264, 214, 307, 255, 238, 232, 218);
{%- endmacro %}

{%- macro _get_sqlserver_deltas_day_02_shop_order_items() -%}
-- erp schema (shop) Day 02 delta changes
-- Simulates business activity on Day 02 after baseline

-- Add 22 new customers

USE jaffle_shop;

INSERT INTO dbo.order_items (order_item_id, order_id, product_id, quantity, unit_price, created_at, updated_at, deleted_at) VALUES
(1304, 561, 3, 1, 79.99, CURRENT_TIMESTAMP, CURRENT_TIMESTAMP, NULL),
(1305, 562, 1, 2, 1099.99, CURRENT_TIMESTAMP, CURRENT_TIMESTAMP, NULL),
(1306, 562, 8, 1, 49.99, CURRENT_TIMESTAMP, CURRENT_TIMESTAMP, NULL),
(1307, 562, 5, 1, 199.99, CURRENT_TIMESTAMP, CURRENT_TIMESTAMP, NULL),
(1308, 563, 9, 1, 399.99, CURRENT_TIMESTAMP, CURRENT_TIMESTAMP, NULL),
(1309, 563, 8, 3, 49.99, CURRENT_TIMESTAMP, CURRENT_TIMESTAMP, NULL),
(1310, 564, 7, 1, 89.99, CURRENT_TIMESTAMP, CURRENT_TIMESTAMP, NULL),
(1311, 564, 9, 1, 399.99, CURRENT_TIMESTAMP, CURRENT_TIMESTAMP, NULL),
(1312, 565, 5, 1, 199.99, CURRENT_TIMESTAMP, CURRENT_TIMESTAMP, NULL),
(1313, 565, 2, 3, 34.99, CURRENT_TIMESTAMP, CURRENT_TIMESTAMP, NULL),
(1314, 565, 5, 1, 199.99, CURRENT_TIMESTAMP, CURRENT_TIMESTAMP, NULL),
(1315, 566, 8, 1, 49.99, CURRENT_TIMESTAMP, CURRENT_TIMESTAMP, NULL),
(1316, 567, 3, 1, 79.99, CURRENT_TIMESTAMP, CURRENT_TIMESTAMP, NULL),
(1317, 568, 9, 1, 399.99, CURRENT_TIMESTAMP, CURRENT_TIMESTAMP, NULL),
(1318, 568, 6, 3, 149.99, CURRENT_TIMESTAMP, CURRENT_TIMESTAMP, NULL),
(1319, 569, 7, 2, 89.99, CURRENT_TIMESTAMP, CURRENT_TIMESTAMP, NULL),
(1320, 570, 7, 1, 89.99, CURRENT_TIMESTAMP, CURRENT_TIMESTAMP, NULL),
(1321, 571, 6, 1, 149.99, CURRENT_TIMESTAMP, CURRENT_TIMESTAMP, NULL),
(1322, 572, 10, 1, 24.99, CURRENT_TIMESTAMP, CURRENT_TIMESTAMP, NULL),
(1323, 573, 10, 1, 24.99, CURRENT_TIMESTAMP, CURRENT_TIMESTAMP, NULL),
(1324, 573, 3, 1, 79.99, CURRENT_TIMESTAMP, CURRENT_TIMESTAMP, NULL),
(1325, 574, 8, 1, 49.99, CURRENT_TIMESTAMP, CURRENT_TIMESTAMP, NULL),
(1326, 574, 8, 1, 49.99, CURRENT_TIMESTAMP, CURRENT_TIMESTAMP, NULL),
(1327, 575, 6, 1, 149.99, CURRENT_TIMESTAMP, CURRENT_TIMESTAMP, NULL),
(1328, 576, 10, 1, 24.99, CURRENT_TIMESTAMP, CURRENT_TIMESTAMP, NULL),
(1329, 577, 3, 1, 79.99, CURRENT_TIMESTAMP, CURRENT_TIMESTAMP, NULL),
(1330, 578, 9, 2, 399.99, CURRENT_TIMESTAMP, CURRENT_TIMESTAMP, NULL),
(1331, 578, 5, 1, 199.99, CURRENT_TIMESTAMP, CURRENT_TIMESTAMP, NULL),
(1332, 579, 9, 1, 399.99, CURRENT_TIMESTAMP, CURRENT_TIMESTAMP, NULL),
(1333, 580, 6, 3, 149.99, CURRENT_TIMESTAMP, CURRENT_TIMESTAMP, NULL),
(1334, 580, 10, 1, 24.99, CURRENT_TIMESTAMP, CURRENT_TIMESTAMP, NULL),
(1335, 581, 10, 1, 24.99, CURRENT_TIMESTAMP, CURRENT_TIMESTAMP, NULL),
(1336, 582, 6, 1, 149.99, CURRENT_TIMESTAMP, CURRENT_TIMESTAMP, NULL),
(1337, 583, 5, 1, 199.99, CURRENT_TIMESTAMP, CURRENT_TIMESTAMP, NULL),
(1338, 584, 4, 1, 299.99, CURRENT_TIMESTAMP, CURRENT_TIMESTAMP, NULL),
(1339, 585, 1, 3, 1099.99, CURRENT_TIMESTAMP, CURRENT_TIMESTAMP, NULL),
(1340, 586, 1, 1, 1099.99, CURRENT_TIMESTAMP, CURRENT_TIMESTAMP, NULL),
(1341, 587, 8, 1, 49.99, CURRENT_TIMESTAMP, CURRENT_TIMESTAMP, NULL),
(1342, 587, 6, 3, 149.99, CURRENT_TIMESTAMP, CURRENT_TIMESTAMP, NULL),
(1343, 588, 5, 1, 199.99, CURRENT_TIMESTAMP, CURRENT_TIMESTAMP, NULL),
(1344, 588, 9, 2, 399.99, CURRENT_TIMESTAMP, CURRENT_TIMESTAMP, NULL),
(1345, 589, 1, 1, 1099.99, CURRENT_TIMESTAMP, CURRENT_TIMESTAMP, NULL),
(1346, 590, 4, 1, 299.99, CURRENT_TIMESTAMP, CURRENT_TIMESTAMP, NULL),
(1347, 590, 1, 1, 1099.99, CURRENT_TIMESTAMP, CURRENT_TIMESTAMP, NULL),
(1348, 591, 6, 1, 149.99, CURRENT_TIMESTAMP, CURRENT_TIMESTAMP, NULL),
(1349, 591, 7, 2, 89.99, CURRENT_TIMESTAMP, CURRENT_TIMESTAMP, NULL),
(1350, 592, 4, 1, 299.99, CURRENT_TIMESTAMP, CURRENT_TIMESTAMP, NULL),
(1351, 593, 7, 1, 89.99, CURRENT_TIMESTAMP, CURRENT_TIMESTAMP, NULL),
(1352, 594, 1, 1, 1099.99, CURRENT_TIMESTAMP, CURRENT_TIMESTAMP, NULL),
(1353, 594, 3, 1, 79.99, CURRENT_TIMESTAMP, CURRENT_TIMESTAMP, NULL),
(1354, 595, 6, 3, 149.99, CURRENT_TIMESTAMP, CURRENT_TIMESTAMP, NULL),
(1355, 596, 5, 1, 199.99, CURRENT_TIMESTAMP, CURRENT_TIMESTAMP, NULL),
(1356, 597, 10, 1, 24.99, CURRENT_TIMESTAMP, CURRENT_TIMESTAMP, NULL),
(1357, 598, 5, 2, 199.99, CURRENT_TIMESTAMP, CURRENT_TIMESTAMP, NULL),
(1358, 598, 9, 1, 399.99, CURRENT_TIMESTAMP, CURRENT_TIMESTAMP, NULL),
(1359, 599, 8, 1, 49.99, CURRENT_TIMESTAMP, CURRENT_TIMESTAMP, NULL),
(1360, 600, 7, 1, 89.99, CURRENT_TIMESTAMP, CURRENT_TIMESTAMP, NULL),
(1361, 600, 6, 1, 149.99, CURRENT_TIMESTAMP, CURRENT_TIMESTAMP, NULL),
(1362, 601, 6, 3, 149.99, CURRENT_TIMESTAMP, CURRENT_TIMESTAMP, NULL),
(1363, 601, 3, 3, 79.99, CURRENT_TIMESTAMP, CURRENT_TIMESTAMP, NULL),
(1364, 602, 6, 1, 149.99, CURRENT_TIMESTAMP, CURRENT_TIMESTAMP, NULL),
(1365, 602, 3, 1, 79.99, CURRENT_TIMESTAMP, CURRENT_TIMESTAMP, NULL),
(1366, 603, 7, 3, 89.99, CURRENT_TIMESTAMP, CURRENT_TIMESTAMP, NULL),
(1367, 604, 6, 2, 149.99, CURRENT_TIMESTAMP, CURRENT_TIMESTAMP, NULL),
(1368, 604, 2, 1, 34.99, CURRENT_TIMESTAMP, CURRENT_TIMESTAMP, NULL),
(1369, 605, 4, 1, 299.99, CURRENT_TIMESTAMP, CURRENT_TIMESTAMP, NULL),
(1370, 606, 4, 1, 299.99, CURRENT_TIMESTAMP, CURRENT_TIMESTAMP, NULL),
(1371, 607, 2, 3, 34.99, CURRENT_TIMESTAMP, CURRENT_TIMESTAMP, NULL),
(1372, 607, 4, 1, 299.99, CURRENT_TIMESTAMP, CURRENT_TIMESTAMP, NULL),
(1373, 608, 6, 1, 149.99, CURRENT_TIMESTAMP, CURRENT_TIMESTAMP, NULL),
(1374, 608, 4, 1, 299.99, CURRENT_TIMESTAMP, CURRENT_TIMESTAMP, NULL),
(1375, 609, 6, 1, 149.99, CURRENT_TIMESTAMP, CURRENT_TIMESTAMP, NULL),
(1376, 609, 7, 1, 89.99, CURRENT_TIMESTAMP, CURRENT_TIMESTAMP, NULL),
(1377, 610, 9, 1, 399.99, CURRENT_TIMESTAMP, CURRENT_TIMESTAMP, NULL),
(1378, 610, 9, 1, 399.99, CURRENT_TIMESTAMP, CURRENT_TIMESTAMP, NULL),
(1379, 610, 3, 1, 79.99, CURRENT_TIMESTAMP, CURRENT_TIMESTAMP, NULL),
(1380, 611, 9, 1, 399.99, CURRENT_TIMESTAMP, CURRENT_TIMESTAMP, NULL),
(1381, 612, 3, 1, 79.99, CURRENT_TIMESTAMP, CURRENT_TIMESTAMP, NULL),
(1382, 612, 2, 1, 34.99, CURRENT_TIMESTAMP, CURRENT_TIMESTAMP, NULL),
(1383, 613, 6, 1, 149.99, CURRENT_TIMESTAMP, CURRENT_TIMESTAMP, NULL),
(1384, 614, 1, 3, 1099.99, CURRENT_TIMESTAMP, CURRENT_TIMESTAMP, NULL),
(1385, 614, 5, 3, 199.99, CURRENT_TIMESTAMP, CURRENT_TIMESTAMP, NULL),
(1386, 615, 10, 1, 24.99, CURRENT_TIMESTAMP, CURRENT_TIMESTAMP, NULL),
(1387, 615, 5, 1, 199.99, CURRENT_TIMESTAMP, CURRENT_TIMESTAMP, NULL);
{%- endmacro %}

{%- macro _get_sqlserver_deltas_day_02_shop_payments() -%}
-- erp schema (shop) Day 02 delta changes
-- Simulates business activity on Day 02 after baseline

-- Add 22 new customers

USE jaffle_shop;

INSERT INTO dbo.payments (payment_id, order_id, payment_method, amount, created_at, updated_at, deleted_at) VALUES
(273, 312, 'coupon', 954.29, CURRENT_TIMESTAMP, CURRENT_TIMESTAMP, NULL),
(274, 313, 'gift_card', 622.11, CURRENT_TIMESTAMP, CURRENT_TIMESTAMP, NULL),
(275, 313, 'credit_card', 63.69, CURRENT_TIMESTAMP, CURRENT_TIMESTAMP, NULL),
(276, 314, 'bank_transfer', 698.19, CURRENT_TIMESTAMP, CURRENT_TIMESTAMP, NULL),
(277, 319, 'coupon', 1098.01, CURRENT_TIMESTAMP, CURRENT_TIMESTAMP, NULL),
(278, 320, 'bank_transfer', 1478.47, CURRENT_TIMESTAMP, CURRENT_TIMESTAMP, NULL),
(279, 320, 'credit_card', 62.97, CURRENT_TIMESTAMP, CURRENT_TIMESTAMP, NULL),
(280, 321, 'bank_transfer', 652.88, CURRENT_TIMESTAMP, CURRENT_TIMESTAMP, NULL),
(281, 322, 'coupon', 1173.94, CURRENT_TIMESTAMP, CURRENT_TIMESTAMP, NULL),
(282, 325, 'credit_card', 1228.59, CURRENT_TIMESTAMP, CURRENT_TIMESTAMP, NULL),
(283, 327, 'credit_card', 956.35, CURRENT_TIMESTAMP, CURRENT_TIMESTAMP, NULL),
(284, 329, 'credit_card', 1493.88, CURRENT_TIMESTAMP, CURRENT_TIMESTAMP, NULL),
(285, 330, 'credit_card', 1414.88, CURRENT_TIMESTAMP, CURRENT_TIMESTAMP, NULL),
(286, 332, 'coupon', 790.58, CURRENT_TIMESTAMP, CURRENT_TIMESTAMP, NULL),
(287, 333, 'credit_card', 135.24, CURRENT_TIMESTAMP, CURRENT_TIMESTAMP, NULL),
(288, 336, 'bank_transfer', 336.12, CURRENT_TIMESTAMP, CURRENT_TIMESTAMP, NULL),
(289, 338, 'gift_card', 597.2, CURRENT_TIMESTAMP, CURRENT_TIMESTAMP, NULL),
(290, 339, 'coupon', 1404.18, CURRENT_TIMESTAMP, CURRENT_TIMESTAMP, NULL),
(291, 339, 'credit_card', 586.07, CURRENT_TIMESTAMP, CURRENT_TIMESTAMP, NULL),
(292, 340, 'coupon', 1178.76, CURRENT_TIMESTAMP, CURRENT_TIMESTAMP, NULL),
(293, 342, 'credit_card', 1253.26, CURRENT_TIMESTAMP, CURRENT_TIMESTAMP, NULL),
(294, 343, 'credit_card', 912.86, CURRENT_TIMESTAMP, CURRENT_TIMESTAMP, NULL),
(295, 344, 'credit_card', 336.34, CURRENT_TIMESTAMP, CURRENT_TIMESTAMP, NULL),
(296, 345, 'credit_card', 1043.05, CURRENT_TIMESTAMP, CURRENT_TIMESTAMP, NULL),
(297, 346, 'credit_card', 123.58, CURRENT_TIMESTAMP, CURRENT_TIMESTAMP, NULL),
(298, 347, 'credit_card', 149.85, CURRENT_TIMESTAMP, CURRENT_TIMESTAMP, NULL),
(299, 348, 'bank_transfer', 362.54, CURRENT_TIMESTAMP, CURRENT_TIMESTAMP, NULL),
(300, 351, 'bank_transfer', 900.95, CURRENT_TIMESTAMP, CURRENT_TIMESTAMP, NULL),
(301, 351, 'credit_card', 176.26, CURRENT_TIMESTAMP, CURRENT_TIMESTAMP, NULL),
(302, 352, 'credit_card', 219.69, CURRENT_TIMESTAMP, CURRENT_TIMESTAMP, NULL),
(303, 353, 'credit_card', 323.32, CURRENT_TIMESTAMP, CURRENT_TIMESTAMP, NULL),
(304, 355, 'coupon', 917.29, CURRENT_TIMESTAMP, CURRENT_TIMESTAMP, NULL),
(305, 356, 'credit_card', 595.86, CURRENT_TIMESTAMP, CURRENT_TIMESTAMP, NULL),
(306, 357, 'gift_card', 985.53, CURRENT_TIMESTAMP, CURRENT_TIMESTAMP, NULL),
(307, 358, 'credit_card', 1459.51, CURRENT_TIMESTAMP, CURRENT_TIMESTAMP, NULL),
(308, 358, 'gift_card', 573.44, CURRENT_TIMESTAMP, CURRENT_TIMESTAMP, NULL),
(309, 360, 'credit_card', 1129.73, CURRENT_TIMESTAMP, CURRENT_TIMESTAMP, NULL),
(310, 360, 'credit_card', 262.84, CURRENT_TIMESTAMP, CURRENT_TIMESTAMP, NULL),
(311, 361, 'credit_card', 819.04, CURRENT_TIMESTAMP, CURRENT_TIMESTAMP, NULL),
(312, 362, 'coupon', 831.43, CURRENT_TIMESTAMP, CURRENT_TIMESTAMP, NULL),
(313, 363, 'credit_card', 347.05, CURRENT_TIMESTAMP, CURRENT_TIMESTAMP, NULL),
(314, 364, 'bank_transfer', 447.85, CURRENT_TIMESTAMP, CURRENT_TIMESTAMP, NULL),
(315, 364, 'bank_transfer', 645.62, CURRENT_TIMESTAMP, CURRENT_TIMESTAMP, NULL),
(316, 365, 'bank_transfer', 1392.01, CURRENT_TIMESTAMP, CURRENT_TIMESTAMP, NULL);
{%- endmacro %}

{%- macro _get_sqlserver_deltas_day_02_shop_products_updates() -%}
-- erp schema (shop) Day 02 delta changes
-- Simulates business activity on Day 02 after baseline

-- Add 22 new customers

UPDATE dbo.products
SET price = 1099.99,
    updated_at = CURRENT_TIMESTAMP
WHERE product_id = 1;  -- Laptop price increase
{%- endmacro %}

{%- macro _get_sqlserver_deltas_day_02_crm_email_activity() -%}
-- crm schema Day 02 delta changes
-- Simulates marketing activity on Day 02

-- Add 38 email activity records

USE jaffle_crm;

INSERT INTO dbo.email_activity (activity_id, customer_id, campaign_id, sent_date, opened, clicked, created_at, updated_at, deleted_at) VALUES
(241, 108, 1, CURRENT_DATE, false, false, CURRENT_TIMESTAMP, CURRENT_TIMESTAMP, NULL),
(242, 101, 1, CURRENT_DATE, false, false, CURRENT_TIMESTAMP, CURRENT_TIMESTAMP, NULL),
(243, 41, 1, CURRENT_DATE, false, false, CURRENT_TIMESTAMP, CURRENT_TIMESTAMP, NULL),
(244, 120, 2, CURRENT_DATE, false, false, CURRENT_TIMESTAMP, CURRENT_TIMESTAMP, NULL),
(245, 133, 3, CURRENT_DATE, false, false, CURRENT_TIMESTAMP, CURRENT_TIMESTAMP, NULL),
(246, 92, 2, CURRENT_DATE, false, false, CURRENT_TIMESTAMP, CURRENT_TIMESTAMP, NULL),
(247, 121, 1, CURRENT_DATE, false, false, CURRENT_TIMESTAMP, CURRENT_TIMESTAMP, NULL),
(248, 47, 1, CURRENT_DATE, false, false, CURRENT_TIMESTAMP, CURRENT_TIMESTAMP, NULL),
(249, 22, 2, CURRENT_DATE, true, false, CURRENT_TIMESTAMP, CURRENT_TIMESTAMP, NULL),
(250, 37, 2, CURRENT_DATE, true, true, CURRENT_TIMESTAMP, CURRENT_TIMESTAMP, NULL),
(251, 32, 1, CURRENT_DATE, false, false, CURRENT_TIMESTAMP, CURRENT_TIMESTAMP, NULL),
(252, 121, 2, CURRENT_DATE, false, false, CURRENT_TIMESTAMP, CURRENT_TIMESTAMP, NULL),
(253, 56, 2, CURRENT_DATE, true, true, CURRENT_TIMESTAMP, CURRENT_TIMESTAMP, NULL),
(254, 113, 3, CURRENT_DATE, true, true, CURRENT_TIMESTAMP, CURRENT_TIMESTAMP, NULL),
(255, 102, 2, CURRENT_DATE, true, true, CURRENT_TIMESTAMP, CURRENT_TIMESTAMP, NULL),
(256, 35, 1, CURRENT_DATE, true, false, CURRENT_TIMESTAMP, CURRENT_TIMESTAMP, NULL),
(257, 116, 2, CURRENT_DATE, false, false, CURRENT_TIMESTAMP, CURRENT_TIMESTAMP, NULL),
(258, 48, 2, CURRENT_DATE, true, true, CURRENT_TIMESTAMP, CURRENT_TIMESTAMP, NULL),
(259, 1, 1, CURRENT_DATE, false, false, CURRENT_TIMESTAMP, CURRENT_TIMESTAMP, NULL),
(260, 126, 2, CURRENT_DATE, true, true, CURRENT_TIMESTAMP, CURRENT_TIMESTAMP, NULL),
(261, 27, 3, CURRENT_DATE, true, false, CURRENT_TIMESTAMP, CURRENT_TIMESTAMP, NULL),
(262, 146, 2, CURRENT_DATE, false, false, CURRENT_TIMESTAMP, CURRENT_TIMESTAMP, NULL),
(263, 130, 3, CURRENT_DATE, false, false, CURRENT_TIMESTAMP, CURRENT_TIMESTAMP, NULL),
(264, 94, 1, CURRENT_DATE, true, false, CURRENT_TIMESTAMP, CURRENT_TIMESTAMP, NULL),
(265, 92, 3, CURRENT_DATE, false, false, CURRENT_TIMESTAMP, CURRENT_TIMESTAMP, NULL),
(266, 1, 2, CURRENT_DATE, true, false, CURRENT_TIMESTAMP, CURRENT_TIMESTAMP, NULL),
(267, 23, 2, CURRENT_DATE, true, false, CURRENT_TIMESTAMP, CURRENT_TIMESTAMP, NULL),
(268, 54, 3, CURRENT_DATE, false, false, CURRENT_TIMESTAMP, CURRENT_TIMESTAMP, NULL),
(269, 117, 2, CURRENT_DATE, false, false, CURRENT_TIMESTAMP, CURRENT_TIMESTAMP, NULL),
(270, 102, 3, CURRENT_DATE, true, false, CURRENT_TIMESTAMP, CURRENT_TIMESTAMP, NULL),
(271, 124, 2, CURRENT_DATE, false, false, CURRENT_TIMESTAMP, CURRENT_TIMESTAMP, NULL),
(272, 114, 3, CURRENT_DATE, true, true, CURRENT_TIMESTAMP, CURRENT_TIMESTAMP, NULL),
(273, 145, 1, CURRENT_DATE, true, true, CURRENT_TIMESTAMP, CURRENT_TIMESTAMP, NULL),
(274, 145, 3, CURRENT_DATE, true, true, CURRENT_TIMESTAMP, CURRENT_TIMESTAMP, NULL),
(275, 36, 2, CURRENT_DATE, false, false, CURRENT_TIMESTAMP, CURRENT_TIMESTAMP, NULL),
(276, 77, 1, CURRENT_DATE, true, true, CURRENT_TIMESTAMP, CURRENT_TIMESTAMP, NULL),
(277, 89, 2, CURRENT_DATE, false, false, CURRENT_TIMESTAMP, CURRENT_TIMESTAMP, NULL),
(278, 96, 2, CURRENT_DATE, true, true, CURRENT_TIMESTAMP, CURRENT_TIMESTAMP, NULL);
{%- endmacro %}

{%- macro _get_sqlserver_deltas_day_02_crm_web_sessions() -%}
-- crm schema Day 02 delta changes
-- Simulates marketing activity on Day 02

-- Add 38 email activity records

USE jaffle_crm;

INSERT INTO dbo.web_sessions (session_id, customer_id, session_start, session_end, page_views, created_at, updated_at, deleted_at) VALUES
(181, 111, CURRENT_DATE, CURRENT_DATE, 14, CURRENT_TIMESTAMP, CURRENT_TIMESTAMP, NULL),
(182, 61, CURRENT_DATE, CURRENT_DATE, 28, CURRENT_TIMESTAMP, CURRENT_TIMESTAMP, NULL),
(183, 25, CURRENT_DATE, CURRENT_DATE, 7, CURRENT_TIMESTAMP, CURRENT_TIMESTAMP, NULL),
(184, 2, CURRENT_DATE, CURRENT_DATE, 16, CURRENT_TIMESTAMP, CURRENT_TIMESTAMP, NULL),
(185, 49, CURRENT_DATE, CURRENT_DATE, 11, CURRENT_TIMESTAMP, CURRENT_TIMESTAMP, NULL),
(186, 49, CURRENT_DATE, CURRENT_DATE, 3, CURRENT_TIMESTAMP, CURRENT_TIMESTAMP, NULL),
(187, 42, CURRENT_DATE, CURRENT_DATE, 22, CURRENT_TIMESTAMP, CURRENT_TIMESTAMP, NULL),
(188, 85, CURRENT_DATE, CURRENT_DATE, 14, CURRENT_TIMESTAMP, CURRENT_TIMESTAMP, NULL),
(189, 92, CURRENT_DATE, CURRENT_DATE, 12, CURRENT_TIMESTAMP, CURRENT_TIMESTAMP, NULL),
(190, 12, CURRENT_DATE, CURRENT_DATE, 17, CURRENT_TIMESTAMP, CURRENT_TIMESTAMP, NULL),
(191, 74, CURRENT_DATE, CURRENT_DATE, 11, CURRENT_TIMESTAMP, CURRENT_TIMESTAMP, NULL),
(192, 134, CURRENT_DATE, CURRENT_DATE, 3, CURRENT_TIMESTAMP, CURRENT_TIMESTAMP, NULL),
(193, 126, CURRENT_DATE, CURRENT_DATE, 14, CURRENT_TIMESTAMP, CURRENT_TIMESTAMP, NULL),
(194, 100, CURRENT_DATE, CURRENT_DATE, 29, CURRENT_TIMESTAMP, CURRENT_TIMESTAMP, NULL),
(195, 52, CURRENT_DATE, CURRENT_DATE, 12, CURRENT_TIMESTAMP, CURRENT_TIMESTAMP, NULL),
(196, 105, CURRENT_DATE, CURRENT_DATE, 11, CURRENT_TIMESTAMP, CURRENT_TIMESTAMP, NULL),
(197, 29, CURRENT_DATE, CURRENT_DATE, 5, CURRENT_TIMESTAMP, CURRENT_TIMESTAMP, NULL),
(198, 99, CURRENT_DATE, CURRENT_DATE, 27, CURRENT_TIMESTAMP, CURRENT_TIMESTAMP, NULL),
(199, 56, CURRENT_DATE, CURRENT_DATE, 10, CURRENT_TIMESTAMP, CURRENT_TIMESTAMP, NULL),
(200, 113, CURRENT_DATE, CURRENT_DATE, 22, CURRENT_TIMESTAMP, CURRENT_TIMESTAMP, NULL),
(201, 92, CURRENT_DATE, CURRENT_DATE, 8, CURRENT_TIMESTAMP, CURRENT_TIMESTAMP, NULL),
(202, 77, CURRENT_DATE, CURRENT_DATE, 9, CURRENT_TIMESTAMP, CURRENT_TIMESTAMP, NULL),
(203, 45, CURRENT_DATE, CURRENT_DATE, 16, CURRENT_TIMESTAMP, CURRENT_TIMESTAMP, NULL),
(204, 46, CURRENT_DATE, CURRENT_DATE, 2, CURRENT_TIMESTAMP, CURRENT_TIMESTAMP, NULL),
(205, 36, CURRENT_DATE, CURRENT_DATE, 3, CURRENT_TIMESTAMP, CURRENT_TIMESTAMP, NULL),
(206, 51, CURRENT_DATE, CURRENT_DATE, 9, CURRENT_TIMESTAMP, CURRENT_TIMESTAMP, NULL),
(207, 29, CURRENT_DATE, CURRENT_DATE, 12, CURRENT_TIMESTAMP, CURRENT_TIMESTAMP, NULL),
(208, 17, CURRENT_DATE, CURRENT_DATE, 25, CURRENT_TIMESTAMP, CURRENT_TIMESTAMP, NULL);
{%- endmacro %}

{%- macro _get_sqlserver_deltas_day_03_shop_customers() -%}
-- erp schema (shop) Day 03 delta changes
-- Simulates business activity on Day 03 after baseline

-- Add 28 new customers

USE jaffle_shop;

INSERT INTO dbo.customers (customer_id, first_name, last_name, email, created_at, updated_at, deleted_at) VALUES
(148, 'Val', 'Halpert', 'val.halpert148@example.com', CURRENT_TIMESTAMP, CURRENT_TIMESTAMP, NULL),
(149, 'Ryan', 'Malone', 'ryan.malone149@example.com', CURRENT_TIMESTAMP, CURRENT_TIMESTAMP, NULL),
(150, 'Gabe', 'Johnson', 'gabe.johnson150@example.com', CURRENT_TIMESTAMP, CURRENT_TIMESTAMP, NULL),
(151, 'Helene', 'Tanaka', 'helene.tanaka151@example.com', CURRENT_TIMESTAMP, CURRENT_TIMESTAMP, NULL),
(152, 'Val', 'Vance', 'val.vance152@example.com', CURRENT_TIMESTAMP, CURRENT_TIMESTAMP, NULL),
(153, 'David', 'Howard', 'david.howard153@example.com', CURRENT_TIMESTAMP, CURRENT_TIMESTAMP, NULL),
(154, 'Toby', 'Green', 'toby.green154@example.com', CURRENT_TIMESTAMP, CURRENT_TIMESTAMP, NULL),
(155, 'Brian', 'Miner', 'brian.miner155@example.com', CURRENT_TIMESTAMP, CURRENT_TIMESTAMP, NULL),
(156, 'David', 'Tanaka', 'david.tanaka156@example.com', CURRENT_TIMESTAMP, CURRENT_TIMESTAMP, NULL),
(157, 'Jessica', 'Wallace', 'jessica.wallace157@example.com', CURRENT_TIMESTAMP, CURRENT_TIMESTAMP, NULL),
(158, 'Katy', 'Bratton', 'katy.bratton158@example.com', CURRENT_TIMESTAMP, CURRENT_TIMESTAMP, NULL),
(159, 'Val', 'Bernard', 'val.bernard159@example.com', CURRENT_TIMESTAMP, CURRENT_TIMESTAMP, NULL),
(160, 'Oscar', 'Miner', 'oscar.miner160@example.com', CURRENT_TIMESTAMP, CURRENT_TIMESTAMP, NULL),
(161, 'Jo', 'Flenderson', 'jo.flenderson161@example.com', CURRENT_TIMESTAMP, CURRENT_TIMESTAMP, NULL),
(162, 'Pam', 'Flenderson', 'pam.flenderson162@example.com', CURRENT_TIMESTAMP, CURRENT_TIMESTAMP, NULL),
(163, 'Deangelo', 'Smith', 'deangelo.smith163@example.com', CURRENT_TIMESTAMP, CURRENT_TIMESTAMP, NULL),
(164, 'Kevin', 'Flax', 'kevin.flax164@example.com', CURRENT_TIMESTAMP, CURRENT_TIMESTAMP, NULL),
(165, 'Dwight', 'Beesly', 'dwight.beesly165@example.com', CURRENT_TIMESTAMP, CURRENT_TIMESTAMP, NULL),
(166, 'Erin', 'Lipton', 'erin.lipton166@example.com', CURRENT_TIMESTAMP, CURRENT_TIMESTAMP, NULL),
(167, 'Creed', 'Martin', 'creed.martin167@example.com', CURRENT_TIMESTAMP, CURRENT_TIMESTAMP, NULL),
(168, 'Donna', 'Martinez', 'donna.martinez168@example.com', CURRENT_TIMESTAMP, CURRENT_TIMESTAMP, NULL),
(169, 'Jan', 'Bennett', 'jan.bennett169@example.com', CURRENT_TIMESTAMP, CURRENT_TIMESTAMP, NULL),
(170, 'Robert', 'Withem', 'robert.withem170@example.com', CURRENT_TIMESTAMP, CURRENT_TIMESTAMP, NULL),
(171, 'Todd', 'Green', 'todd.green171@example.com', CURRENT_TIMESTAMP, CURRENT_TIMESTAMP, NULL),
(172, 'Robert', 'Kapoor', 'robert.kapoor172@example.com', CURRENT_TIMESTAMP, CURRENT_TIMESTAMP, NULL),
(173, 'Gabe', 'Wallace', 'gabe.wallace173@example.com', CURRENT_TIMESTAMP, CURRENT_TIMESTAMP, NULL),
(174, 'Michael', 'Garfield', 'michael.garfield174@example.com', CURRENT_TIMESTAMP, CURRENT_TIMESTAMP, NULL),
(175, 'Jordan', 'Palmer', 'jordan.palmer175@example.com', CURRENT_TIMESTAMP, CURRENT_TIMESTAMP, NULL);
{%- endmacro %}

{%- macro _get_sqlserver_deltas_day_03_shop_orders() -%}
-- erp schema (shop) Day 03 delta changes
-- Simulates business activity on Day 03 after baseline

-- Add 28 new customers

USE jaffle_shop;

INSERT INTO dbo.orders (order_id, customer_id, order_date, status, created_at, updated_at, deleted_at) VALUES
(616, 148, CURRENT_DATE, 'completed', CURRENT_TIMESTAMP, CURRENT_TIMESTAMP, NULL),
(617, 149, CURRENT_DATE, 'completed', CURRENT_TIMESTAMP, CURRENT_TIMESTAMP, NULL),
(618, 150, CURRENT_DATE, 'pending', CURRENT_TIMESTAMP, CURRENT_TIMESTAMP, NULL),
(619, 151, CURRENT_DATE, 'completed', CURRENT_TIMESTAMP, CURRENT_TIMESTAMP, NULL),
(620, 152, CURRENT_DATE, 'cancelled', CURRENT_TIMESTAMP, CURRENT_TIMESTAMP, NULL),
(621, 153, CURRENT_DATE, 'completed', CURRENT_TIMESTAMP, CURRENT_TIMESTAMP, NULL),
(622, 154, CURRENT_DATE, 'completed', CURRENT_TIMESTAMP, CURRENT_TIMESTAMP, NULL),
(623, 155, CURRENT_DATE, 'completed', CURRENT_TIMESTAMP, CURRENT_TIMESTAMP, NULL),
(624, 156, CURRENT_DATE, 'completed', CURRENT_TIMESTAMP, CURRENT_TIMESTAMP, NULL),
(625, 157, CURRENT_DATE, 'pending', CURRENT_TIMESTAMP, CURRENT_TIMESTAMP, NULL),
(626, 158, CURRENT_DATE, 'completed', CURRENT_TIMESTAMP, CURRENT_TIMESTAMP, NULL),
(627, 159, CURRENT_DATE, 'pending', CURRENT_TIMESTAMP, CURRENT_TIMESTAMP, NULL),
(628, 160, CURRENT_DATE, 'completed', CURRENT_TIMESTAMP, CURRENT_TIMESTAMP, NULL),
(629, 161, CURRENT_DATE, 'pending', CURRENT_TIMESTAMP, CURRENT_TIMESTAMP, NULL),
(630, 162, CURRENT_DATE, 'completed', CURRENT_TIMESTAMP, CURRENT_TIMESTAMP, NULL),
(631, 163, CURRENT_DATE, 'completed', CURRENT_TIMESTAMP, CURRENT_TIMESTAMP, NULL),
(632, 164, CURRENT_DATE, 'completed', CURRENT_TIMESTAMP, CURRENT_TIMESTAMP, NULL),
(633, 165, CURRENT_DATE, 'completed', CURRENT_TIMESTAMP, CURRENT_TIMESTAMP, NULL),
(634, 166, CURRENT_DATE, 'completed', CURRENT_TIMESTAMP, CURRENT_TIMESTAMP, NULL),
(635, 167, CURRENT_DATE, 'pending', CURRENT_TIMESTAMP, CURRENT_TIMESTAMP, NULL),
(636, 168, CURRENT_DATE, 'completed', CURRENT_TIMESTAMP, CURRENT_TIMESTAMP, NULL),
(637, 169, CURRENT_DATE, 'completed', CURRENT_TIMESTAMP, CURRENT_TIMESTAMP, NULL),
(638, 170, CURRENT_DATE, 'completed', CURRENT_TIMESTAMP, CURRENT_TIMESTAMP, NULL),
(639, 171, CURRENT_DATE, 'completed', CURRENT_TIMESTAMP, CURRENT_TIMESTAMP, NULL),
(640, 172, CURRENT_DATE, 'pending', CURRENT_TIMESTAMP, CURRENT_TIMESTAMP, NULL),
(641, 173, CURRENT_DATE, 'completed', CURRENT_TIMESTAMP, CURRENT_TIMESTAMP, NULL),
(642, 174, CURRENT_DATE, 'completed', CURRENT_TIMESTAMP, CURRENT_TIMESTAMP, NULL),
(643, 175, CURRENT_DATE, 'completed', CURRENT_TIMESTAMP, CURRENT_TIMESTAMP, NULL),
(644, 89, CURRENT_DATE, 'completed', CURRENT_TIMESTAMP, CURRENT_TIMESTAMP, NULL),
(645, 174, CURRENT_DATE, 'completed', CURRENT_TIMESTAMP, CURRENT_TIMESTAMP, NULL),
(646, 133, CURRENT_DATE, 'pending', CURRENT_TIMESTAMP, CURRENT_TIMESTAMP, NULL),
(647, 99, CURRENT_DATE, 'completed', CURRENT_TIMESTAMP, CURRENT_TIMESTAMP, NULL),
(648, 69, CURRENT_DATE, 'completed', CURRENT_TIMESTAMP, CURRENT_TIMESTAMP, NULL),
(649, 119, CURRENT_DATE, 'completed', CURRENT_TIMESTAMP, CURRENT_TIMESTAMP, NULL),
(650, 92, CURRENT_DATE, 'pending', CURRENT_TIMESTAMP, CURRENT_TIMESTAMP, NULL),
(651, 115, CURRENT_DATE, 'cancelled', CURRENT_TIMESTAMP, CURRENT_TIMESTAMP, NULL),
(652, 6, CURRENT_DATE, 'completed', CURRENT_TIMESTAMP, CURRENT_TIMESTAMP, NULL),
(653, 84, CURRENT_DATE, 'completed', CURRENT_TIMESTAMP, CURRENT_TIMESTAMP, NULL),
(654, 129, CURRENT_DATE, 'completed', CURRENT_TIMESTAMP, CURRENT_TIMESTAMP, NULL),
(655, 158, CURRENT_DATE, 'pending', CURRENT_TIMESTAMP, CURRENT_TIMESTAMP, NULL),
(656, 101, CURRENT_DATE, 'completed', CURRENT_TIMESTAMP, CURRENT_TIMESTAMP, NULL),
(657, 30, CURRENT_DATE, 'completed', CURRENT_TIMESTAMP, CURRENT_TIMESTAMP, NULL),
(658, 160, CURRENT_DATE, 'completed', CURRENT_TIMESTAMP, CURRENT_TIMESTAMP, NULL),
(659, 47, CURRENT_DATE, 'completed', CURRENT_TIMESTAMP, CURRENT_TIMESTAMP, NULL),
(660, 89, CURRENT_DATE, 'pending', CURRENT_TIMESTAMP, CURRENT_TIMESTAMP, NULL),
(661, 148, CURRENT_DATE, 'completed', CURRENT_TIMESTAMP, CURRENT_TIMESTAMP, NULL),
(662, 13, CURRENT_DATE, 'completed', CURRENT_TIMESTAMP, CURRENT_TIMESTAMP, NULL),
(663, 164, CURRENT_DATE, 'completed', CURRENT_TIMESTAMP, CURRENT_TIMESTAMP, NULL),
(664, 16, CURRENT_DATE, 'pending', CURRENT_TIMESTAMP, CURRENT_TIMESTAMP, NULL),
(665, 172, CURRENT_DATE, 'completed', CURRENT_TIMESTAMP, CURRENT_TIMESTAMP, NULL),
(666, 52, CURRENT_DATE, 'completed', CURRENT_TIMESTAMP, CURRENT_TIMESTAMP, NULL),
(667, 141, CURRENT_DATE, 'completed', CURRENT_TIMESTAMP, CURRENT_TIMESTAMP, NULL),
(668, 108, CURRENT_DATE, 'completed', CURRENT_TIMESTAMP, CURRENT_TIMESTAMP, NULL),
(669, 141, CURRENT_DATE, 'pending', CURRENT_TIMESTAMP, CURRENT_TIMESTAMP, NULL),
(670, 168, CURRENT_DATE, 'pending', CURRENT_TIMESTAMP, CURRENT_TIMESTAMP, NULL),
(671, 59, CURRENT_DATE, 'completed', CURRENT_TIMESTAMP, CURRENT_TIMESTAMP, NULL),
(672, 154, CURRENT_DATE, 'completed', CURRENT_TIMESTAMP, CURRENT_TIMESTAMP, NULL),
(673, 158, CURRENT_DATE, 'completed', CURRENT_TIMESTAMP, CURRENT_TIMESTAMP, NULL),
(674, 95, CURRENT_DATE, 'completed', CURRENT_TIMESTAMP, CURRENT_TIMESTAMP, NULL),
(675, 66, CURRENT_DATE, 'pending', CURRENT_TIMESTAMP, CURRENT_TIMESTAMP, NULL),
(676, 87, CURRENT_DATE, 'completed', CURRENT_TIMESTAMP, CURRENT_TIMESTAMP, NULL),
(677, 79, CURRENT_DATE, 'pending', CURRENT_TIMESTAMP, CURRENT_TIMESTAMP, NULL),
(678, 110, CURRENT_DATE, 'completed', CURRENT_TIMESTAMP, CURRENT_TIMESTAMP, NULL),
(679, 159, CURRENT_DATE, 'completed', CURRENT_TIMESTAMP, CURRENT_TIMESTAMP, NULL),
(680, 152, CURRENT_DATE, 'pending', CURRENT_TIMESTAMP, CURRENT_TIMESTAMP, NULL);
{%- endmacro %}

{%- macro _get_sqlserver_deltas_day_03_shop_orders_updates() -%}
-- erp schema (shop) Day 03 delta changes
-- Simulates business activity on Day 03 after baseline

-- Add 28 new customers

UPDATE dbo.orders
SET status = 'cancelled',
    updated_at = CURRENT_TIMESTAMP
WHERE order_id IN (310, 318, 293);
{%- endmacro %}

{%- macro _get_sqlserver_deltas_day_03_shop_order_items() -%}
-- erp schema (shop) Day 03 delta changes
-- Simulates business activity on Day 03 after baseline

-- Add 28 new customers

USE jaffle_shop;

INSERT INTO dbo.order_items (order_item_id, order_id, product_id, quantity, unit_price, created_at, updated_at, deleted_at) VALUES
(1388, 616, 1, 1, 1099.99, CURRENT_TIMESTAMP, CURRENT_TIMESTAMP, NULL),
(1389, 617, 1, 1, 1099.99, CURRENT_TIMESTAMP, CURRENT_TIMESTAMP, NULL),
(1390, 618, 8, 1, 49.99, CURRENT_TIMESTAMP, CURRENT_TIMESTAMP, NULL),
(1391, 619, 3, 1, 79.99, CURRENT_TIMESTAMP, CURRENT_TIMESTAMP, NULL),
(1392, 619, 4, 1, 299.99, CURRENT_TIMESTAMP, CURRENT_TIMESTAMP, NULL),
(1393, 619, 3, 1, 79.99, CURRENT_TIMESTAMP, CURRENT_TIMESTAMP, NULL),
(1394, 620, 6, 2, 149.99, CURRENT_TIMESTAMP, CURRENT_TIMESTAMP, NULL),
(1395, 620, 10, 1, 24.99, CURRENT_TIMESTAMP, CURRENT_TIMESTAMP, NULL),
(1396, 620, 8, 1, 49.99, CURRENT_TIMESTAMP, CURRENT_TIMESTAMP, NULL),
(1397, 621, 8, 2, 49.99, CURRENT_TIMESTAMP, CURRENT_TIMESTAMP, NULL),
(1398, 621, 8, 2, 49.99, CURRENT_TIMESTAMP, CURRENT_TIMESTAMP, NULL),
(1399, 622, 8, 2, 49.99, CURRENT_TIMESTAMP, CURRENT_TIMESTAMP, NULL),
(1400, 622, 9, 3, 399.99, CURRENT_TIMESTAMP, CURRENT_TIMESTAMP, NULL),
(1401, 622, 5, 1, 199.99, CURRENT_TIMESTAMP, CURRENT_TIMESTAMP, NULL),
(1402, 623, 5, 1, 199.99, CURRENT_TIMESTAMP, CURRENT_TIMESTAMP, NULL),
(1403, 624, 9, 1, 399.99, CURRENT_TIMESTAMP, CURRENT_TIMESTAMP, NULL),
(1404, 624, 10, 1, 24.99, CURRENT_TIMESTAMP, CURRENT_TIMESTAMP, NULL),
(1405, 625, 4, 1, 299.99, CURRENT_TIMESTAMP, CURRENT_TIMESTAMP, NULL),
(1406, 625, 9, 1, 399.99, CURRENT_TIMESTAMP, CURRENT_TIMESTAMP, NULL),
(1407, 625, 9, 2, 399.99, CURRENT_TIMESTAMP, CURRENT_TIMESTAMP, NULL),
(1408, 626, 9, 1, 399.99, CURRENT_TIMESTAMP, CURRENT_TIMESTAMP, NULL),
(1409, 627, 7, 1, 89.99, CURRENT_TIMESTAMP, CURRENT_TIMESTAMP, NULL),
(1410, 628, 7, 1, 89.99, CURRENT_TIMESTAMP, CURRENT_TIMESTAMP, NULL),
(1411, 629, 7, 1, 89.99, CURRENT_TIMESTAMP, CURRENT_TIMESTAMP, NULL),
(1412, 629, 6, 2, 149.99, CURRENT_TIMESTAMP, CURRENT_TIMESTAMP, NULL),
(1413, 630, 6, 2, 149.99, CURRENT_TIMESTAMP, CURRENT_TIMESTAMP, NULL),
(1414, 631, 5, 1, 199.99, CURRENT_TIMESTAMP, CURRENT_TIMESTAMP, NULL),
(1415, 632, 3, 1, 79.99, CURRENT_TIMESTAMP, CURRENT_TIMESTAMP, NULL),
(1416, 633, 4, 1, 299.99, CURRENT_TIMESTAMP, CURRENT_TIMESTAMP, NULL),
(1417, 634, 6, 1, 149.99, CURRENT_TIMESTAMP, CURRENT_TIMESTAMP, NULL),
(1418, 634, 1, 1, 1099.99, CURRENT_TIMESTAMP, CURRENT_TIMESTAMP, NULL),
(1419, 635, 7, 1, 89.99, CURRENT_TIMESTAMP, CURRENT_TIMESTAMP, NULL),
(1420, 635, 7, 2, 89.99, CURRENT_TIMESTAMP, CURRENT_TIMESTAMP, NULL),
(1421, 636, 10, 1, 24.99, CURRENT_TIMESTAMP, CURRENT_TIMESTAMP, NULL),
(1422, 637, 2, 1, 34.99, CURRENT_TIMESTAMP, CURRENT_TIMESTAMP, NULL),
(1423, 637, 6, 1, 149.99, CURRENT_TIMESTAMP, CURRENT_TIMESTAMP, NULL),
(1424, 637, 6, 2, 149.99, CURRENT_TIMESTAMP, CURRENT_TIMESTAMP, NULL),
(1425, 638, 4, 1, 299.99, CURRENT_TIMESTAMP, CURRENT_TIMESTAMP, NULL),
(1426, 638, 7, 1, 89.99, CURRENT_TIMESTAMP, CURRENT_TIMESTAMP, NULL),
(1427, 638, 10, 1, 24.99, CURRENT_TIMESTAMP, CURRENT_TIMESTAMP, NULL),
(1428, 639, 7, 1, 89.99, CURRENT_TIMESTAMP, CURRENT_TIMESTAMP, NULL),
(1429, 639, 5, 2, 199.99, CURRENT_TIMESTAMP, CURRENT_TIMESTAMP, NULL),
(1430, 639, 2, 1, 34.99, CURRENT_TIMESTAMP, CURRENT_TIMESTAMP, NULL),
(1431, 640, 6, 1, 149.99, CURRENT_TIMESTAMP, CURRENT_TIMESTAMP, NULL),
(1432, 640, 4, 2, 299.99, CURRENT_TIMESTAMP, CURRENT_TIMESTAMP, NULL),
(1433, 641, 9, 1, 399.99, CURRENT_TIMESTAMP, CURRENT_TIMESTAMP, NULL),
(1434, 641, 7, 2, 89.99, CURRENT_TIMESTAMP, CURRENT_TIMESTAMP, NULL),
(1435, 642, 5, 1, 199.99, CURRENT_TIMESTAMP, CURRENT_TIMESTAMP, NULL),
(1436, 643, 3, 1, 79.99, CURRENT_TIMESTAMP, CURRENT_TIMESTAMP, NULL),
(1437, 644, 3, 1, 79.99, CURRENT_TIMESTAMP, CURRENT_TIMESTAMP, NULL),
(1438, 644, 8, 3, 49.99, CURRENT_TIMESTAMP, CURRENT_TIMESTAMP, NULL),
(1439, 645, 6, 1, 149.99, CURRENT_TIMESTAMP, CURRENT_TIMESTAMP, NULL),
(1440, 645, 2, 1, 34.99, CURRENT_TIMESTAMP, CURRENT_TIMESTAMP, NULL),
(1441, 646, 1, 1, 1099.99, CURRENT_TIMESTAMP, CURRENT_TIMESTAMP, NULL),
(1442, 646, 6, 1, 149.99, CURRENT_TIMESTAMP, CURRENT_TIMESTAMP, NULL),
(1443, 647, 2, 3, 34.99, CURRENT_TIMESTAMP, CURRENT_TIMESTAMP, NULL),
(1444, 647, 9, 2, 399.99, CURRENT_TIMESTAMP, CURRENT_TIMESTAMP, NULL),
(1445, 647, 3, 3, 79.99, CURRENT_TIMESTAMP, CURRENT_TIMESTAMP, NULL),
(1446, 648, 7, 1, 89.99, CURRENT_TIMESTAMP, CURRENT_TIMESTAMP, NULL),
(1447, 648, 9, 1, 399.99, CURRENT_TIMESTAMP, CURRENT_TIMESTAMP, NULL),
(1448, 648, 9, 2, 399.99, CURRENT_TIMESTAMP, CURRENT_TIMESTAMP, NULL),
(1449, 649, 2, 1, 34.99, CURRENT_TIMESTAMP, CURRENT_TIMESTAMP, NULL),
(1450, 649, 9, 1, 399.99, CURRENT_TIMESTAMP, CURRENT_TIMESTAMP, NULL),
(1451, 650, 10, 2, 24.99, CURRENT_TIMESTAMP, CURRENT_TIMESTAMP, NULL),
(1452, 651, 3, 2, 79.99, CURRENT_TIMESTAMP, CURRENT_TIMESTAMP, NULL),
(1453, 651, 4, 1, 299.99, CURRENT_TIMESTAMP, CURRENT_TIMESTAMP, NULL),
(1454, 652, 10, 1, 24.99, CURRENT_TIMESTAMP, CURRENT_TIMESTAMP, NULL),
(1455, 653, 6, 1, 149.99, CURRENT_TIMESTAMP, CURRENT_TIMESTAMP, NULL),
(1456, 654, 4, 1, 299.99, CURRENT_TIMESTAMP, CURRENT_TIMESTAMP, NULL),
(1457, 655, 9, 1, 399.99, CURRENT_TIMESTAMP, CURRENT_TIMESTAMP, NULL),
(1458, 655, 4, 3, 299.99, CURRENT_TIMESTAMP, CURRENT_TIMESTAMP, NULL),
(1459, 656, 8, 1, 49.99, CURRENT_TIMESTAMP, CURRENT_TIMESTAMP, NULL),
(1460, 657, 8, 1, 49.99, CURRENT_TIMESTAMP, CURRENT_TIMESTAMP, NULL),
(1461, 657, 1, 1, 1099.99, CURRENT_TIMESTAMP, CURRENT_TIMESTAMP, NULL),
(1462, 658, 7, 1, 89.99, CURRENT_TIMESTAMP, CURRENT_TIMESTAMP, NULL),
(1463, 658, 7, 1, 89.99, CURRENT_TIMESTAMP, CURRENT_TIMESTAMP, NULL),
(1464, 659, 3, 1, 79.99, CURRENT_TIMESTAMP, CURRENT_TIMESTAMP, NULL),
(1465, 659, 6, 1, 149.99, CURRENT_TIMESTAMP, CURRENT_TIMESTAMP, NULL),
(1466, 660, 4, 1, 299.99, CURRENT_TIMESTAMP, CURRENT_TIMESTAMP, NULL),
(1467, 660, 1, 2, 1099.99, CURRENT_TIMESTAMP, CURRENT_TIMESTAMP, NULL),
(1468, 661, 8, 1, 49.99, CURRENT_TIMESTAMP, CURRENT_TIMESTAMP, NULL),
(1469, 661, 10, 1, 24.99, CURRENT_TIMESTAMP, CURRENT_TIMESTAMP, NULL),
(1470, 662, 7, 1, 89.99, CURRENT_TIMESTAMP, CURRENT_TIMESTAMP, NULL),
(1471, 663, 3, 1, 79.99, CURRENT_TIMESTAMP, CURRENT_TIMESTAMP, NULL),
(1472, 664, 3, 1, 79.99, CURRENT_TIMESTAMP, CURRENT_TIMESTAMP, NULL),
(1473, 665, 7, 1, 89.99, CURRENT_TIMESTAMP, CURRENT_TIMESTAMP, NULL),
(1474, 665, 10, 3, 24.99, CURRENT_TIMESTAMP, CURRENT_TIMESTAMP, NULL),
(1475, 666, 6, 1, 149.99, CURRENT_TIMESTAMP, CURRENT_TIMESTAMP, NULL),
(1476, 666, 10, 3, 24.99, CURRENT_TIMESTAMP, CURRENT_TIMESTAMP, NULL),
(1477, 667, 7, 1, 89.99, CURRENT_TIMESTAMP, CURRENT_TIMESTAMP, NULL),
(1478, 668, 1, 1, 1099.99, CURRENT_TIMESTAMP, CURRENT_TIMESTAMP, NULL),
(1479, 668, 1, 1, 1099.99, CURRENT_TIMESTAMP, CURRENT_TIMESTAMP, NULL),
(1480, 668, 3, 1, 79.99, CURRENT_TIMESTAMP, CURRENT_TIMESTAMP, NULL),
(1481, 669, 9, 1, 399.99, CURRENT_TIMESTAMP, CURRENT_TIMESTAMP, NULL),
(1482, 670, 7, 1, 89.99, CURRENT_TIMESTAMP, CURRENT_TIMESTAMP, NULL),
(1483, 671, 7, 1, 89.99, CURRENT_TIMESTAMP, CURRENT_TIMESTAMP, NULL),
(1484, 671, 6, 1, 149.99, CURRENT_TIMESTAMP, CURRENT_TIMESTAMP, NULL),
(1485, 672, 5, 1, 199.99, CURRENT_TIMESTAMP, CURRENT_TIMESTAMP, NULL),
(1486, 673, 9, 1, 399.99, CURRENT_TIMESTAMP, CURRENT_TIMESTAMP, NULL),
(1487, 673, 3, 1, 79.99, CURRENT_TIMESTAMP, CURRENT_TIMESTAMP, NULL),
(1488, 673, 2, 2, 34.99, CURRENT_TIMESTAMP, CURRENT_TIMESTAMP, NULL),
(1489, 674, 10, 1, 24.99, CURRENT_TIMESTAMP, CURRENT_TIMESTAMP, NULL),
(1490, 675, 10, 1, 24.99, CURRENT_TIMESTAMP, CURRENT_TIMESTAMP, NULL),
(1491, 675, 6, 1, 149.99, CURRENT_TIMESTAMP, CURRENT_TIMESTAMP, NULL),
(1492, 676, 3, 2, 79.99, CURRENT_TIMESTAMP, CURRENT_TIMESTAMP, NULL),
(1493, 676, 10, 3, 24.99, CURRENT_TIMESTAMP, CURRENT_TIMESTAMP, NULL),
(1494, 676, 3, 1, 79.99, CURRENT_TIMESTAMP, CURRENT_TIMESTAMP, NULL),
(1495, 677, 9, 1, 399.99, CURRENT_TIMESTAMP, CURRENT_TIMESTAMP, NULL),
(1496, 678, 8, 2, 49.99, CURRENT_TIMESTAMP, CURRENT_TIMESTAMP, NULL),
(1497, 679, 4, 1, 299.99, CURRENT_TIMESTAMP, CURRENT_TIMESTAMP, NULL),
(1498, 679, 3, 1, 79.99, CURRENT_TIMESTAMP, CURRENT_TIMESTAMP, NULL),
(1499, 679, 8, 2, 49.99, CURRENT_TIMESTAMP, CURRENT_TIMESTAMP, NULL),
(1500, 680, 1, 2, 1099.99, CURRENT_TIMESTAMP, CURRENT_TIMESTAMP, NULL),
(1501, 680, 6, 1, 149.99, CURRENT_TIMESTAMP, CURRENT_TIMESTAMP, NULL),
(1502, 680, 2, 1, 34.99, CURRENT_TIMESTAMP, CURRENT_TIMESTAMP, NULL);
{%- endmacro %}

{%- macro _get_sqlserver_deltas_day_03_shop_payments() -%}
-- erp schema (shop) Day 03 delta changes
-- Simulates business activity on Day 03 after baseline

-- Add 28 new customers

USE jaffle_shop;

INSERT INTO dbo.payments (payment_id, order_id, payment_method, amount, created_at, updated_at, deleted_at) VALUES
(317, 366, 'credit_card', 970.14, CURRENT_TIMESTAMP, CURRENT_TIMESTAMP, NULL),
(318, 367, 'gift_card', 118.37, CURRENT_TIMESTAMP, CURRENT_TIMESTAMP, NULL),
(319, 369, 'gift_card', 1399.95, CURRENT_TIMESTAMP, CURRENT_TIMESTAMP, NULL),
(320, 371, 'bank_transfer', 1170.13, CURRENT_TIMESTAMP, CURRENT_TIMESTAMP, NULL),
(321, 371, 'credit_card', 452.13, CURRENT_TIMESTAMP, CURRENT_TIMESTAMP, NULL),
(322, 372, 'gift_card', 1129.44, CURRENT_TIMESTAMP, CURRENT_TIMESTAMP, NULL),
(323, 373, 'bank_transfer', 85.29, CURRENT_TIMESTAMP, CURRENT_TIMESTAMP, NULL),
(324, 374, 'credit_card', 569.79, CURRENT_TIMESTAMP, CURRENT_TIMESTAMP, NULL),
(325, 376, 'credit_card', 1430.53, CURRENT_TIMESTAMP, CURRENT_TIMESTAMP, NULL),
(326, 378, 'credit_card', 263.71, CURRENT_TIMESTAMP, CURRENT_TIMESTAMP, NULL),
(327, 378, 'credit_card', 374.35, CURRENT_TIMESTAMP, CURRENT_TIMESTAMP, NULL),
(328, 380, 'credit_card', 460.98, CURRENT_TIMESTAMP, CURRENT_TIMESTAMP, NULL),
(329, 381, 'bank_transfer', 1272.05, CURRENT_TIMESTAMP, CURRENT_TIMESTAMP, NULL),
(330, 382, 'credit_card', 943.62, CURRENT_TIMESTAMP, CURRENT_TIMESTAMP, NULL),
(331, 383, 'gift_card', 1348.78, CURRENT_TIMESTAMP, CURRENT_TIMESTAMP, NULL),
(332, 383, 'gift_card', 647.06, CURRENT_TIMESTAMP, CURRENT_TIMESTAMP, NULL),
(333, 384, 'bank_transfer', 902.06, CURRENT_TIMESTAMP, CURRENT_TIMESTAMP, NULL),
(334, 386, 'credit_card', 90.0, CURRENT_TIMESTAMP, CURRENT_TIMESTAMP, NULL),
(335, 386, 'gift_card', 454.72, CURRENT_TIMESTAMP, CURRENT_TIMESTAMP, NULL),
(336, 387, 'gift_card', 834.48, CURRENT_TIMESTAMP, CURRENT_TIMESTAMP, NULL),
(337, 388, 'credit_card', 1394.58, CURRENT_TIMESTAMP, CURRENT_TIMESTAMP, NULL),
(338, 389, 'credit_card', 575.66, CURRENT_TIMESTAMP, CURRENT_TIMESTAMP, NULL),
(339, 391, 'bank_transfer', 1201.87, CURRENT_TIMESTAMP, CURRENT_TIMESTAMP, NULL),
(340, 391, 'gift_card', 175.27, CURRENT_TIMESTAMP, CURRENT_TIMESTAMP, NULL),
(341, 392, 'gift_card', 616.93, CURRENT_TIMESTAMP, CURRENT_TIMESTAMP, NULL),
(342, 393, 'credit_card', 300.98, CURRENT_TIMESTAMP, CURRENT_TIMESTAMP, NULL),
(343, 394, 'gift_card', 902.96, CURRENT_TIMESTAMP, CURRENT_TIMESTAMP, NULL),
(344, 395, 'coupon', 407.22, CURRENT_TIMESTAMP, CURRENT_TIMESTAMP, NULL),
(345, 395, 'credit_card', 1275.17, CURRENT_TIMESTAMP, CURRENT_TIMESTAMP, NULL),
(346, 397, 'credit_card', 1105.16, CURRENT_TIMESTAMP, CURRENT_TIMESTAMP, NULL),
(347, 398, 'bank_transfer', 1192.79, CURRENT_TIMESTAMP, CURRENT_TIMESTAMP, NULL),
(348, 399, 'credit_card', 294.34, CURRENT_TIMESTAMP, CURRENT_TIMESTAMP, NULL),
(349, 402, 'credit_card', 245.53, CURRENT_TIMESTAMP, CURRENT_TIMESTAMP, NULL),
(350, 403, 'credit_card', 1379.7, CURRENT_TIMESTAMP, CURRENT_TIMESTAMP, NULL),
(351, 404, 'credit_card', 422.21, CURRENT_TIMESTAMP, CURRENT_TIMESTAMP, NULL),
(352, 406, 'credit_card', 514.22, CURRENT_TIMESTAMP, CURRENT_TIMESTAMP, NULL),
(353, 407, 'credit_card', 1262.17, CURRENT_TIMESTAMP, CURRENT_TIMESTAMP, NULL),
(354, 408, 'coupon', 1363.93, CURRENT_TIMESTAMP, CURRENT_TIMESTAMP, NULL),
(355, 408, 'credit_card', 286.68, CURRENT_TIMESTAMP, CURRENT_TIMESTAMP, NULL),
(356, 409, 'credit_card', 1221.08, CURRENT_TIMESTAMP, CURRENT_TIMESTAMP, NULL),
(357, 411, 'credit_card', 1325.76, CURRENT_TIMESTAMP, CURRENT_TIMESTAMP, NULL),
(358, 412, 'credit_card', 130.24, CURRENT_TIMESTAMP, CURRENT_TIMESTAMP, NULL),
(359, 413, 'gift_card', 910.51, CURRENT_TIMESTAMP, CURRENT_TIMESTAMP, NULL),
(360, 415, 'credit_card', 947.67, CURRENT_TIMESTAMP, CURRENT_TIMESTAMP, NULL),
(361, 416, 'bank_transfer', 859.01, CURRENT_TIMESTAMP, CURRENT_TIMESTAMP, NULL),
(362, 417, 'coupon', 1139.12, CURRENT_TIMESTAMP, CURRENT_TIMESTAMP, NULL),
(363, 418, 'credit_card', 716.09, CURRENT_TIMESTAMP, CURRENT_TIMESTAMP, NULL),
(364, 421, 'credit_card', 664.11, CURRENT_TIMESTAMP, CURRENT_TIMESTAMP, NULL),
(365, 421, 'gift_card', 832.82, CURRENT_TIMESTAMP, CURRENT_TIMESTAMP, NULL),
(366, 422, 'gift_card', 680.84, CURRENT_TIMESTAMP, CURRENT_TIMESTAMP, NULL),
(367, 423, 'credit_card', 373.35, CURRENT_TIMESTAMP, CURRENT_TIMESTAMP, NULL),
(368, 424, 'coupon', 475.2, CURRENT_TIMESTAMP, CURRENT_TIMESTAMP, NULL),
(369, 424, 'credit_card', 984.25, CURRENT_TIMESTAMP, CURRENT_TIMESTAMP, NULL),
(370, 426, 'bank_transfer', 787.26, CURRENT_TIMESTAMP, CURRENT_TIMESTAMP, NULL),
(371, 426, 'bank_transfer', 590.87, CURRENT_TIMESTAMP, CURRENT_TIMESTAMP, NULL),
(372, 428, 'bank_transfer', 1227.23, CURRENT_TIMESTAMP, CURRENT_TIMESTAMP, NULL),
(373, 428, 'credit_card', 963.1, CURRENT_TIMESTAMP, CURRENT_TIMESTAMP, NULL),
(374, 429, 'credit_card', 390.53, CURRENT_TIMESTAMP, CURRENT_TIMESTAMP, NULL);
{%- endmacro %}

{%- macro _get_sqlserver_deltas_day_03_crm_email_activity() -%}
-- crm schema Day 03 delta changes
-- Simulates marketing activity on Day 03

-- Add 45 email activity records

USE jaffle_crm;

INSERT INTO dbo.email_activity (activity_id, customer_id, campaign_id, sent_date, opened, clicked, created_at, updated_at, deleted_at) VALUES
(279, 114, 2, CURRENT_DATE, false, false, CURRENT_TIMESTAMP, CURRENT_TIMESTAMP, NULL),
(280, 75, 3, CURRENT_DATE, true, false, CURRENT_TIMESTAMP, CURRENT_TIMESTAMP, NULL),
(281, 134, 1, CURRENT_DATE, false, false, CURRENT_TIMESTAMP, CURRENT_TIMESTAMP, NULL),
(282, 8, 2, CURRENT_DATE, true, false, CURRENT_TIMESTAMP, CURRENT_TIMESTAMP, NULL),
(283, 132, 2, CURRENT_DATE, true, false, CURRENT_TIMESTAMP, CURRENT_TIMESTAMP, NULL),
(284, 21, 1, CURRENT_DATE, false, false, CURRENT_TIMESTAMP, CURRENT_TIMESTAMP, NULL),
(285, 65, 3, CURRENT_DATE, true, false, CURRENT_TIMESTAMP, CURRENT_TIMESTAMP, NULL),
(286, 64, 1, CURRENT_DATE, false, false, CURRENT_TIMESTAMP, CURRENT_TIMESTAMP, NULL),
(287, 147, 1, CURRENT_DATE, false, false, CURRENT_TIMESTAMP, CURRENT_TIMESTAMP, NULL),
(288, 156, 1, CURRENT_DATE, false, false, CURRENT_TIMESTAMP, CURRENT_TIMESTAMP, NULL),
(289, 81, 3, CURRENT_DATE, false, false, CURRENT_TIMESTAMP, CURRENT_TIMESTAMP, NULL),
(290, 122, 3, CURRENT_DATE, true, true, CURRENT_TIMESTAMP, CURRENT_TIMESTAMP, NULL),
(291, 17, 1, CURRENT_DATE, false, false, CURRENT_TIMESTAMP, CURRENT_TIMESTAMP, NULL),
(292, 164, 1, CURRENT_DATE, true, false, CURRENT_TIMESTAMP, CURRENT_TIMESTAMP, NULL),
(293, 26, 1, CURRENT_DATE, true, true, CURRENT_TIMESTAMP, CURRENT_TIMESTAMP, NULL),
(294, 114, 2, CURRENT_DATE, false, false, CURRENT_TIMESTAMP, CURRENT_TIMESTAMP, NULL),
(295, 30, 3, CURRENT_DATE, false, false, CURRENT_TIMESTAMP, CURRENT_TIMESTAMP, NULL),
(296, 69, 1, CURRENT_DATE, false, false, CURRENT_TIMESTAMP, CURRENT_TIMESTAMP, NULL),
(297, 153, 2, CURRENT_DATE, false, false, CURRENT_TIMESTAMP, CURRENT_TIMESTAMP, NULL),
(298, 156, 1, CURRENT_DATE, true, true, CURRENT_TIMESTAMP, CURRENT_TIMESTAMP, NULL),
(299, 95, 1, CURRENT_DATE, true, true, CURRENT_TIMESTAMP, CURRENT_TIMESTAMP, NULL),
(300, 102, 3, CURRENT_DATE, true, true, CURRENT_TIMESTAMP, CURRENT_TIMESTAMP, NULL),
(301, 108, 1, CURRENT_DATE, false, false, CURRENT_TIMESTAMP, CURRENT_TIMESTAMP, NULL),
(302, 93, 1, CURRENT_DATE, true, true, CURRENT_TIMESTAMP, CURRENT_TIMESTAMP, NULL),
(303, 3, 2, CURRENT_DATE, false, false, CURRENT_TIMESTAMP, CURRENT_TIMESTAMP, NULL),
(304, 19, 3, CURRENT_DATE, false, false, CURRENT_TIMESTAMP, CURRENT_TIMESTAMP, NULL),
(305, 105, 2, CURRENT_DATE, true, false, CURRENT_TIMESTAMP, CURRENT_TIMESTAMP, NULL),
(306, 28, 1, CURRENT_DATE, false, false, CURRENT_TIMESTAMP, CURRENT_TIMESTAMP, NULL),
(307, 150, 1, CURRENT_DATE, true, true, CURRENT_TIMESTAMP, CURRENT_TIMESTAMP, NULL),
(308, 166, 1, CURRENT_DATE, false, false, CURRENT_TIMESTAMP, CURRENT_TIMESTAMP, NULL),
(309, 170, 2, CURRENT_DATE, true, false, CURRENT_TIMESTAMP, CURRENT_TIMESTAMP, NULL),
(310, 29, 2, CURRENT_DATE, true, true, CURRENT_TIMESTAMP, CURRENT_TIMESTAMP, NULL),
(311, 139, 1, CURRENT_DATE, false, false, CURRENT_TIMESTAMP, CURRENT_TIMESTAMP, NULL),
(312, 56, 1, CURRENT_DATE, true, false, CURRENT_TIMESTAMP, CURRENT_TIMESTAMP, NULL),
(313, 70, 2, CURRENT_DATE, false, false, CURRENT_TIMESTAMP, CURRENT_TIMESTAMP, NULL),
(314, 136, 3, CURRENT_DATE, false, false, CURRENT_TIMESTAMP, CURRENT_TIMESTAMP, NULL),
(315, 111, 3, CURRENT_DATE, false, false, CURRENT_TIMESTAMP, CURRENT_TIMESTAMP, NULL),
(316, 175, 3, CURRENT_DATE, true, false, CURRENT_TIMESTAMP, CURRENT_TIMESTAMP, NULL),
(317, 131, 2, CURRENT_DATE, true, false, CURRENT_TIMESTAMP, CURRENT_TIMESTAMP, NULL),
(318, 174, 1, CURRENT_DATE, false, false, CURRENT_TIMESTAMP, CURRENT_TIMESTAMP, NULL),
(319, 143, 1, CURRENT_DATE, false, false, CURRENT_TIMESTAMP, CURRENT_TIMESTAMP, NULL),
(320, 99, 2, CURRENT_DATE, true, false, CURRENT_TIMESTAMP, CURRENT_TIMESTAMP, NULL),
(321, 160, 1, CURRENT_DATE, false, false, CURRENT_TIMESTAMP, CURRENT_TIMESTAMP, NULL),
(322, 161, 3, CURRENT_DATE, true, false, CURRENT_TIMESTAMP, CURRENT_TIMESTAMP, NULL),
(323, 8, 3, CURRENT_DATE, false, false, CURRENT_TIMESTAMP, CURRENT_TIMESTAMP, NULL);
{%- endmacro %}

{%- macro _get_sqlserver_deltas_day_03_crm_web_sessions() -%}
-- crm schema Day 03 delta changes
-- Simulates marketing activity on Day 03

-- Add 45 email activity records

USE jaffle_crm;

INSERT INTO dbo.web_sessions (session_id, customer_id, session_start, session_end, page_views, created_at, updated_at, deleted_at) VALUES
(209, 138, CURRENT_DATE, CURRENT_DATE, 12, CURRENT_TIMESTAMP, CURRENT_TIMESTAMP, NULL),
(210, 44, CURRENT_DATE, CURRENT_DATE, 13, CURRENT_TIMESTAMP, CURRENT_TIMESTAMP, NULL),
(211, 157, CURRENT_DATE, CURRENT_DATE, 6, CURRENT_TIMESTAMP, CURRENT_TIMESTAMP, NULL),
(212, 5, CURRENT_DATE, CURRENT_DATE, 18, CURRENT_TIMESTAMP, CURRENT_TIMESTAMP, NULL),
(213, 34, CURRENT_DATE, CURRENT_DATE, 21, CURRENT_TIMESTAMP, CURRENT_TIMESTAMP, NULL),
(214, 99, CURRENT_DATE, CURRENT_DATE, 6, CURRENT_TIMESTAMP, CURRENT_TIMESTAMP, NULL),
(215, 14, CURRENT_DATE, CURRENT_DATE, 20, CURRENT_TIMESTAMP, CURRENT_TIMESTAMP, NULL),
(216, 144, CURRENT_DATE, CURRENT_DATE, 24, CURRENT_TIMESTAMP, CURRENT_TIMESTAMP, NULL),
(217, 95, CURRENT_DATE, CURRENT_DATE, 25, CURRENT_TIMESTAMP, CURRENT_TIMESTAMP, NULL),
(218, 139, CURRENT_DATE, CURRENT_DATE, 27, CURRENT_TIMESTAMP, CURRENT_TIMESTAMP, NULL),
(219, 43, CURRENT_DATE, CURRENT_DATE, 29, CURRENT_TIMESTAMP, CURRENT_TIMESTAMP, NULL),
(220, 101, CURRENT_DATE, CURRENT_DATE, 3, CURRENT_TIMESTAMP, CURRENT_TIMESTAMP, NULL),
(221, 136, CURRENT_DATE, CURRENT_DATE, 10, CURRENT_TIMESTAMP, CURRENT_TIMESTAMP, NULL),
(222, 55, CURRENT_DATE, CURRENT_DATE, 4, CURRENT_TIMESTAMP, CURRENT_TIMESTAMP, NULL),
(223, 82, CURRENT_DATE, CURRENT_DATE, 27, CURRENT_TIMESTAMP, CURRENT_TIMESTAMP, NULL),
(224, 24, CURRENT_DATE, CURRENT_DATE, 23, CURRENT_TIMESTAMP, CURRENT_TIMESTAMP, NULL),
(225, 87, CURRENT_DATE, CURRENT_DATE, 21, CURRENT_TIMESTAMP, CURRENT_TIMESTAMP, NULL),
(226, 80, CURRENT_DATE, CURRENT_DATE, 16, CURRENT_TIMESTAMP, CURRENT_TIMESTAMP, NULL),
(227, 15, CURRENT_DATE, CURRENT_DATE, 30, CURRENT_TIMESTAMP, CURRENT_TIMESTAMP, NULL),
(228, 7, CURRENT_DATE, CURRENT_DATE, 26, CURRENT_TIMESTAMP, CURRENT_TIMESTAMP, NULL),
(229, 58, CURRENT_DATE, CURRENT_DATE, 23, CURRENT_TIMESTAMP, CURRENT_TIMESTAMP, NULL),
(230, 130, CURRENT_DATE, CURRENT_DATE, 7, CURRENT_TIMESTAMP, CURRENT_TIMESTAMP, NULL),
(231, 65, CURRENT_DATE, CURRENT_DATE, 19, CURRENT_TIMESTAMP, CURRENT_TIMESTAMP, NULL),
(232, 28, CURRENT_DATE, CURRENT_DATE, 17, CURRENT_TIMESTAMP, CURRENT_TIMESTAMP, NULL),
(233, 28, CURRENT_DATE, CURRENT_DATE, 5, CURRENT_TIMESTAMP, CURRENT_TIMESTAMP, NULL),
(234, 47, CURRENT_DATE, CURRENT_DATE, 17, CURRENT_TIMESTAMP, CURRENT_TIMESTAMP, NULL),
(235, 128, CURRENT_DATE, CURRENT_DATE, 19, CURRENT_TIMESTAMP, CURRENT_TIMESTAMP, NULL),
(236, 45, CURRENT_DATE, CURRENT_DATE, 11, CURRENT_TIMESTAMP, CURRENT_TIMESTAMP, NULL),
(237, 90, CURRENT_DATE, CURRENT_DATE, 30, CURRENT_TIMESTAMP, CURRENT_TIMESTAMP, NULL),
(238, 67, CURRENT_DATE, CURRENT_DATE, 12, CURRENT_TIMESTAMP, CURRENT_TIMESTAMP, NULL),
(239, 88, CURRENT_DATE, CURRENT_DATE, 21, CURRENT_TIMESTAMP, CURRENT_TIMESTAMP, NULL),
(240, 140, CURRENT_DATE, CURRENT_DATE, 4, CURRENT_TIMESTAMP, CURRENT_TIMESTAMP, NULL);
{%- endmacro %}
